Date,BTC_Close,LINK_Close,BTC_Cumulative_Return,BTC_Drawdown,LINK_Cumulative_Return,LINK_Drawdown
2018-01-01,13657.200195,0.733563,0.0,0.0,0.0,0.0
2018-01-02,14982.099609,0.673712,0.09701105607905314,0.0,-0.08158944766843479,-0.08158944766843479
2018-01-03,15201.0,0.681167,0.1130392600941148,0.0,-0.07142672135862904,-0.07142672135862904
2018-01-04,15599.200195,0.984368,0.14219605572677918,0.0,0.3418997413991709,0.0
2018-01-05,17429.5,0.907486,0.2762132612203392,0.0,0.23709347390748992,-0.07810290460478198
2018-01-06,17527.0,1.06357,0.2833523525866424,0.0,0.4498686547713011,0.0
2018-01-07,16477.599609,1.27046,0.2065137344206589,-0.059873360586523594,0.7319030539980889,0.0
2018-01-08,15170.099609,1.3773,0.11077668866228407,-0.13447255040794204,0.8775483496305021,0.0
2018-01-09,14595.400391,1.22828,0.06869637865771949,-0.16726191641467458,0.6744028801888864,-0.1081971974152327
2018-01-10,14973.299805,1.18871,0.09636672167124227,-0.14570092970844983,0.6204606829951893,-0.13692732157119003
2018-01-11,13405.799805,1.01033,-0.01840790106394119,-0.2351343752496149,0.3772913846527155,-0.266441588615407
2018-01-12,13980.599609,1.05156,0.023679773993384057,-0.20233927032578303,0.4334965095022514,-0.23650620779786535
2018-01-13,14360.200195,1.10123,0.051474679287294434,-0.18068122354082272,0.5012071219513525,-0.20044289552022077
2018-01-14,13772.0,1.01084,0.008405808171577434,-0.21424088549095677,0.37798662146264195,-0.26607129891817327
2018-01-15,13819.799805,0.877688,0.011905779199131272,-0.21151367575740287,0.19647255927575413,-0.3627474043418282
2018-01-16,11490.5,0.756453,-0.1586489297999193,-0.3444114794317339,0.03120386388081209,-0.45077107384012194
2018-01-17,11188.599609,0.698634,-0.1807545141575776,-0.3616363548239858,-0.04761554222336728,-0.49275103463297754
2018-01-18,11474.900391,0.74423,-0.159791155788941,-0.34530151246648033,0.014541355002910539,-0.4596456835838234
2018-01-19,11607.400391,0.812905,-0.15008931367575962,-0.3377417475323786,0.10815976269250216,-0.4097836346474987
2018-01-20,12899.200195,1.2193,-0.05550185903238858,-0.26403832971986085,0.6621612594964579,-0.11471720031946553
2018-01-21,11600.099609,0.887828,-0.15062388751928224,-0.33815829240600215,0.21029550290840726,-0.35538517389094604
2018-01-22,10931.400391,0.802858,-0.1995870138154624,-0.37631081240372,0.09446359753695321,-0.41707834168300295
2018-01-23,10868.400391,0.801917,-0.20419996515984296,-0.37990526667427404,0.09318081746216755,-0.41776156247731067
2018-01-24,11359.400391,0.792863,-0.1682482332536387,-0.3518913452958293,0.08083831927182805,-0.424335293690554
2018-01-25,11259.400391,0.760437,-0.175570378244719,-0.35759682826496264,0.0366348902548248,-0.4478784578523197
2018-01-26,11171.400391,0.709853,-0.18201386583686963,-0.36261765327780004,-0.032321695614419,-0.4846053873520657
2018-01-27,11440.700195,0.780675,-0.1622953437272946,-0.3472527988246705,0.06422352272401977,-0.43318449139620996
2018-01-28,11786.299805,0.760601,-0.1369900391944865,-0.3275346719347293,0.036858456601546186,-0.4477593843026211
2018-01-29,11296.400391,0.697712,-0.17286118459801936,-0.3554857995663834,-0.048872421318959636,-0.4934204603209177
2018-01-30,10106.299805,0.596778,-0.26000207504463535,-0.4233867858161693,-0.18646660205053955,-0.5667044216946199
2018-01-31,10221.099609,0.620146,-0.25159626694627935,-0.4168369025503509,-0.1546111240616007,-0.5497378929790169
2018-02-01,9170.540039,0.520347,-0.32851976187934906,-0.47677639989730136,-0.2906580620887367,-0.6221977782618167
2018-02-02,8830.75,0.494574,-0.3533996812001773,-0.49616306270325783,-0.32579205875977924,-0.6409104770202569
2018-02-03,9174.910156,0.518558,-0.3281997755763292,-0.47652706361613506,-0.29309684376120393,-0.6234966964350541
2018-02-04,8277.009766,0.434371,-0.3939453440076046,-0.5277566174473669,-0.40786135614800634,-0.6846213606331228
2018-02-05,6955.27002,0.341506,-0.490725044614461,-0.6031682535516631,-0.5344557999790066,-0.7520467581500037
2018-02-06,7754.0,0.425248,-0.4322408773916343,-0.557596850573401,-0.4202979157891006,-0.6912451898642271
2018-02-07,7621.299805,0.376771,-0.44195737807298063,-0.5651680375991328,-0.48638221938674653,-0.7264423146736367
2018-02-08,8265.589844,0.41108,-0.3947815272543129,-0.5284081791521652,-0.43961186701074073,-0.7015319828650257
2018-02-09,8736.980469,0.435194,-0.3602656222174533,-0.501513067324699,-0.4067394347861055,-0.6840238147099398
2018-02-10,8621.900391,0.419874,-0.3686919523844616,-0.5080789415758544,-0.4276238032725205,-0.6951470267915487
2018-02-11,8129.970215,0.416157,-0.404711793126058,-0.536145933987562,-0.43269085272839547,-0.6978457852319756
2018-02-12,8926.570312,0.490282,-0.3463835790246318,-0.49069605112112746,-0.3316429536386104,-0.6440267189428592
2018-02-13,8598.30957,0.570759,-0.37041930650266786,-0.5094249118502882,-0.2219359482416643,-0.5855957307776083
2018-02-14,9494.629883,0.568253,-0.3047894336003032,-0.45828550904319054,-0.225352151076322,-0.5874152327016626
2018-02-15,10166.400391,0.565251,-0.25560142299722655,-0.4199577571175901,-0.22944450578886888,-0.5895948595077325
2018-02-16,10233.900391,0.639628,-0.2506589751282474,-0.41610655611342506,-0.12805307792241427,-0.5355928265446889
2018-02-17,11112.700195,0.672487,-0.186311979298038,-0.3659667829634279,-0.08325937922168924,-0.5117352791693894
2018-02-18,10551.799805,0.761761,-0.22738191910937267,-0.3979688591886803,0.0384397795417708,-0.44691715675597177
2018-02-19,11225.299805,0.774362,-0.178067272594447,-0.3595424313915673,0.055617581584676445,-0.43776809700137953
2018-02-20,11403.700195,0.699926,-0.16500453737399434,-0.3493638275232499,-0.04585427563822042,-0.4918129673999855
2018-02-21,10690.400391,0.653669,-0.2172333832439659,-0.3900610263593314,-0.10891225429854012,-0.5253982429390838
2018-02-22,10005.0,0.601923,-0.26741939364241707,-0.42916642893820967,-0.17945288952687088,-0.5629688521019386
2018-02-23,10301.099609,0.674791,-0.24573855095341512,-0.4122725161750441,-0.08011854469213953,-0.5100624410077688
2018-02-24,9813.070312,0.650958,-0.2814727636787051,-0.44011694459976036,-0.1126079150665995,-0.5273665868002613
2018-02-25,9664.730469,0.675715,-0.2923344220627059,-0.44858044907856454,-0.07885893917768483,-0.509391563203369
2018-02-26,10366.700195,0.691446,-0.2409351809314969,-0.40852968591316263,-0.057414291615035085,-0.4979699411892834
2018-02-27,10725.599609,0.723957,-0.21465604546627937,-0.3880527409710731,-0.013094989796377465,-0.4743650620779787
2018-02-28,10397.900391,0.661447,-0.23865065734287572,-0.4067495640440464,-0.09830921134244774,-0.5197509620271545
2018-03-01,10951.0,0.663065,-0.19815190202679744,-0.3751925600502083,-0.09610353848272057,-0.5185761998112248
2018-03-02,11086.400391,0.652742,-0.18823768907928795,-0.3674673138015634,-0.1101759494412885,-0.5260712989181732
2018-03-03,11489.700195,0.628706,-0.15870749268166529,-0.34445711216979524,-0.14294205133028792,-0.5435228345313294
2018-03-04,11512.599609,0.592818,-0.15703076438647745,-0.34315059000399384,-0.19186491139820305,-0.5695796122849053
2018-03-05,11573.299805,0.586738,-0.1525862080254875,-0.33968735065898326,-0.20015322474007002,-0.573994046322515
2018-03-06,10779.900391,0.53387,-0.210680063476949,-0.38495461910195705,-0.2722233809502388,-0.6123792928192842
2018-03-07,9965.570312,0.521148,-0.27030649256730765,-0.431416083071832,-0.2895661313343231,-0.6216162056196908
2018-03-08,9395.009766,0.486422,-0.312083763007327,-0.4639693178524562,-0.336904942043151,-0.6468293037101576
2018-03-09,9337.549805,0.480877,-0.31629106466356516,-0.4672476861413818,-0.344463938339311,-0.6508552965947869
2018-03-10,8866.0,0.46771,-0.3508186250908215,-0.49415187995663834,-0.3624133169202918,-0.6604153053074857
2018-03-11,9578.629883,0.513524,-0.2986388318077957,-0.4534929033491185,-0.2999592400380062,-0.6271516735642199
2018-03-12,9205.120117,0.510198,-0.32598775843016037,-0.4748034394362982,-0.30449327460627096,-0.6295665432367675
2018-03-13,9194.849609,0.563841,-0.3267397799172409,-0.47538942152108177,-0.23136663108690048,-0.5906186016118493
2018-03-14,8269.80957,0.443609,-0.39447255279836657,-0.5281674234038911,-0.3952680274223209,-0.6779140347055834
2018-03-15,8300.860352,0.419737,-0.3921989695194623,-0.5263958263250985,-0.42781056296459874,-0.6952464967690408
2018-03-16,8338.349609,0.42442,-0.3894539517658435,-0.5242568831517087,-0.4214266531981574,-0.6918463660785594
2018-03-17,7916.879883,0.373861,-0.42031457619707246,-0.5483037665886917,-0.49034915883162045,-0.7285551441225586
2018-03-18,8223.679688,0.373338,-0.39785024964262083,-0.5307993559650824,-0.49106211736415273,-0.7289348725767806
2018-03-19,8630.650391,0.381644,-0.3680512646977421,-0.5075797118160552,-0.47973929982837193,-0.7229042329194801
2018-03-20,8913.469727,0.391713,-0.34734282285301155,-0.4914435027671593,-0.4660131440653359,-0.7155935526029187
2018-03-21,8929.280273,0.445421,-0.34618515175101006,-0.4905414347578022,-0.39279789193293546,-0.6765984171930588
2018-03-22,8728.469727,0.419292,-0.36088879108651006,-0.5019986462600559,-0.42841719116149535,-0.695569592681333
2018-03-23,8879.620117,0.40914,-0.3498213403761268,-0.4933747865008272,-0.4422564933073233,-0.7029405358309737
2018-03-24,8668.120117,0.419085,-0.3653076770322615,-0.5054418829805443,-0.4286993755137596,-0.6957198867349161
2018-03-25,8495.780273,0.406105,-0.3779266502873432,-0.5152747034289953,-0.44639383393110066,-0.7051441225586292
2018-03-26,8209.400391,0.371496,-0.3988958004726678,-0.5316140588235294,-0.493573149136475,-0.7302722718362012
2018-03-27,7833.040039,0.342625,-0.42645345113504796,-0.5530872346094597,-0.5329303686254623,-0.751234298990779
2018-03-28,7954.47998,0.351367,-0.4175614425779456,-0.5461584994579791,-0.5210131917776659,-0.7448870979452552
2018-03-29,7165.700195,0.280161,-0.4753170420959769,-0.5911621957551206,-0.6180818825376961,-0.796586800261381
2018-03-30,6890.52002,0.287494,-0.4954661334961854,-0.606862553774177,-0.6080854677785001,-0.7912626152617439
2018-03-31,6973.529785,0.280171,-0.4893880381461304,-0.6021264457693845,-0.6180682504433839,-0.7965795396790822
2018-04-01,6844.22998,0.26158,-0.4988555573414145,-0.609503624122782,-0.6434116769793461,-0.8100776882305961
2018-04-02,7083.799805,0.273684,-0.4813139074000372,-0.5958350085582245,-0.6269113900237607,-0.8012894794162492
2018-04-03,7456.109863,0.295473,-0.45405282513690204,-0.5745929216066641,-0.5972084197267311,-0.785469396645611
2018-04-04,6853.839844,0.290161,-0.4981519091658888,-0.6089553349689052,-0.6044497882254148,-0.7893262179626805
2018-04-05,6811.470215,0.286925,-0.5012542748334516,-0.6113727269355851,-0.6088611339448691,-0.7916757423945401
2018-04-06,6636.319824,0.275062,-0.5140790404149157,-0.6213659026644605,-0.6250328874275284,-0.8002889711754883
2018-04-07,6911.089844,0.304124,-0.4939599811584954,-0.6056889459690763,-0.5854152949371765,-0.7791882668990053
2018-04-08,7023.52002,0.327094,-0.4857276806580486,-0.5992742614252297,-0.5541023743018664,-0.7625107093588905
2018-04-09,6770.72998,0.311528,-0.5042373339098585,-0.6136971541050951,-0.5753220923083633,-0.7738125317650475
2018-04-10,6834.759766,0.355836,-0.4995489801414601,-0.6100439455696924,-0.5149210088295075,-0.741642343715966
2018-04-11,6968.319824,0.359287,-0.48976951904452914,-0.6024236992069378,-0.5102165730823391,-0.7391367167646845
2018-04-12,7889.25,0.386811,-0.4223376762911982,-0.5498801848576482,-0.47269559669721617,-0.7191526900457417
2018-04-13,7895.959961,0.381543,-0.42184636321793334,-0.5494973491755577,-0.47987698398092593,-0.722977564800697
2018-04-14,7986.240234,0.394007,-0.41523591073053023,-0.5443464235750557,-0.46288594163009855,-0.713927975023597
2018-04-15,8329.110352,0.423946,-0.3901304635594821,-0.5247840273863182,-0.4220728144685596,-0.6921905176795179
2018-04-16,8058.669922,0.409538,-0.40993250395858316,-0.5402139600616191,-0.44171393595369446,-0.7026515646554854
2018-04-17,7902.089844,0.416794,-0.4213975242968897,-0.5491476097449649,-0.43182248832070314,-0.6973832861395484
2018-04-18,8163.419922,0.44629,-0.40226255708042646,-0.534237466651452,-0.3916132629371982,-0.6759674725913019
2018-04-19,8294.30957,0.482795,-0.3926786272755519,-0.5267695800764536,-0.3418493026502155,-0.6494627169098962
2018-04-20,8845.830078,0.481416,-0.35229549602424926,-0.49530267142123574,-0.343729168455879,-0.650463951208887
2018-04-21,8895.580078,0.491349,-0.3486527288911868,-0.4924641936440919,-0.3301884091754901,-0.6432520148115879
2018-04-22,8802.459961,0.499311,-0.35547111887379046,-0.49777714606036394,-0.3193345356840517,-0.6374711391853627
2018-04-23,8930.879883,0.492385,-0.3460680259875183,-0.4904501692816797,-0.3287761242047377,-0.6424998184854425
2018-04-24,9697.5,0.536824,-0.28993498948998897,-0.44671078906829464,-0.2681964602903909,-0.610234516808248
2018-04-25,8845.740234,0.434367,-0.3523020745321951,-0.4953077974553546,-0.40786680898573124,-0.6846242648660422
2018-04-26,9281.509766,0.490148,-0.3203943975722031,-0.47044504102242257,-0.331825623702395,-0.6441240107456618
2018-04-27,8987.049805,0.452005,-0.34195518285730153,-0.48724540394819416,-0.3838225210377295,-0.6718180498075945
2018-04-28,9348.480469,0.484476,-0.3154907055969973,-0.46662403896844873,-0.33955774759632096,-0.6482422130254846
2018-04-29,9419.080078,0.515714,-0.3103212998628815,-0.4625959903006789,-0.29697381138361667,-0.6255616060408045
2018-04-30,9240.549805,0.544691,-0.32339354530491304,-0.47278200462144115,-0.25747209169491914,-0.6045226167138604
2018-05-01,9119.009766,0.550401,-0.33229288318270866,-0.4797164508472642,-0.24968816584260645,-0.6003768242213026
2018-05-02,9235.919922,0.564701,-0.3237325520510905,-0.47304616180749703,-0.23019427097604428,-0.5899941915341611
2018-05-03,9743.860352,0.567669,-0.2865404172981737,-0.4440657070805044,-0.22614826538415922,-0.5878392507079068
2018-05-04,9700.759766,0.582583,-0.28969630469709906,-0.4465248036743311,-0.20581735992682293,-0.577010818267625
2018-05-05,9858.150391,0.571535,-0.2781719349322316,-0.43754490836994353,-0.22087809772303124,-0.5850323095912292
2018-05-06,9654.799805,0.538399,-0.29306155967936287,-0.4491470414218063,-0.2660494054362066,-0.6090909750962028
2018-05-07,9373.009766,0.573018,-0.31369463490536464,-0.4652245241056656,-0.21885645813651988,-0.583955565236332
2018-05-08,9234.820312,0.552857,-0.32381306708962687,-0.4731088998687739,-0.24634012347951018,-0.5985936252087417
2018-05-09,9325.179688,0.539512,-0.31719682256587145,-0.46795346106007873,-0.2645321533392496,-0.6082828722863574
2018-05-10,9043.94043,0.526373,-0.3377895688084698,-0.4839995190277857,-0.28244336205615606,-0.6178225513686197
2018-05-11,8441.490234,0.467844,-0.38190184565863716,-0.5183722123580761,-0.3622306468565072,-0.6603180135046831
2018-05-12,8504.889648,0.464764,-0.37725964864206185,-0.5147549695897757,-0.36642933190468985,-0.6625542728526828
2018-05-13,8723.94043,0.503457,-0.36122043277992666,-0.5022570645290123,-0.3136826693821798,-0.6344609017643215
2018-05-14,8716.790039,0.516912,-0.36174399477637587,-0.5026650288697438,-0.29534068648500533,-0.6246917882814201
2018-05-15,8510.379883,0.504004,-0.3768576456750109,-0.5144417251668854,-0.312936993823298,-0.6340637479125826
2018-05-16,8368.830078,0.480891,-0.3872221276317023,-0.5225178251840017,-0.3444448534072737,-0.6508451317795687
2018-05-17,8094.319824,0.444447,-0.4073221664449651,-0.5381799609744965,-0.3941256579189517,-0.6773055979089523
2018-05-18,8250.969727,0.456841,-0.3958520334189185,-0.5292423274376676,-0.3772300402283103,-0.6683068322079431
2018-05-19,8247.179688,0.453086,-0.3961295455697169,-0.5294585674673361,-0.3823488916425719,-0.6710331808611051
2018-05-20,8513.25,0.453171,-0.3766474915468573,-0.5142779711302562,-0.38223301884091754,-0.6709714659115661
2018-05-21,8418.990234,0.424356,-0.38354932828163024,-0.5196559460261311,-0.42151389860175603,-0.6918928338052712
2018-05-22,8041.779785,0.376997,-0.4111692242789152,-0.5411776239516175,-0.486074134055289,-0.7262782255136861
2018-05-23,7557.819824,0.34869,-0.44660547432211084,-0.5687898771038968,-0.5246625034250636,-0.7468307558266173
2018-05-24,7587.339844,0.360526,-0.4444439756563149,-0.5671056173903121,-0.5085275565970475,-0.7382371306178755
2018-05-25,7480.140137,0.342848,-0.4522932936328682,-0.5732218784161579,-0.5326263729222984,-0.751072388005518
2018-05-26,7355.879883,0.36462,-0.46139180959703285,-0.5803115260455298,-0.5029465771855997,-0.7352646482247875
2018-05-27,7368.220215,0.345249,-0.4604882325956121,-0.5796074505049352,-0.5293533070779197,-0.7493291221956001
2018-05-28,7135.990234,0.31585,-0.4774924485171904,-0.5928572925201119,-0.5694303011465954,-0.7706745080955493
2018-05-29,7472.589844,0.351257,-0.45284613703357957,-0.5736526590973926,-0.5211631448151011,-0.744966964350541
2018-05-30,7406.52002,0.335834,-0.45768386534221117,-0.577422261653449,-0.5421879238729325,-0.7561649604298264
2018-05-31,7494.169922,0.344773,-0.4512660124332314,-0.5724214114223769,-0.5300021947671842,-0.7496747259130182
2018-06-01,7541.450195,0.349503,-0.44780408229199276,-0.5697238434986021,-0.5235542141574752,-0.7462404704857329
2018-06-02,7643.450195,0.36731,-0.4403354944010909,-0.5639042508700861,-0.4992795438155959,-0.7333115515864372
2018-06-03,7720.25,0.362294,-0.4347121013261239,-0.5595224510754835,-0.5061174023226362,-0.7369534596674654
2018-06-04,7514.470215,0.340509,-0.4497795955461572,-0.5712631816625777,-0.5358149197819411,-0.7527706382051841
2018-06-05,7633.759766,0.336191,-0.4410450416627285,-0.5644571366463171,-0.541701258105984,-0.7559057576417628
2018-06-06,7653.97998,0.329864,-0.4395644882761418,-0.5633034757802248,-0.5503262841773644,-0.7604995280621506
2018-06-07,7678.240234,0.30677,-0.43778811730305756,-0.5619193111199863,-0.5818082427821469,-0.7772671168227692
2018-06-08,7624.919922,0.293531,-0.4416923078573939,-0.5649614924402351,-0.599855772442176,-0.7868794017280186
2018-06-09,7531.97998,0.297624,-0.44849750516525977,-0.5702641650025675,-0.5942761562401593,-0.7839076453931605
2018-06-10,6786.02002,0.241828,-0.5031177750118643,-0.6128247834769214,-0.670337789664964,-0.8244187903869891
2018-06-11,6906.919922,0.262975,-0.4942653088933504,-0.6059268601586124,-0.6415099998227827,-0.8090648369999274
2018-06-12,6582.359863,0.228636,-0.5180300669964661,-0.6244445790494666,-0.6883212484817255,-0.8339969505554345
2018-06-13,6349.899902,0.214526,-0.5350511223870948,-0.6377075425343754,-0.7075561335563544,-0.8442416321789008
2018-06-14,6675.350098,0.239964,-0.5112211871622199,-0.6191390370285845,-0.6728788120447733,-0.8257721629274668
2018-06-15,6456.580078,0.223557,-0.5272398452236351,-0.6316209232612541,-0.6952449891829331,-0.8376846003049445
2018-06-16,6550.160156,0.222022,-0.5203877762297091,-0.6262817278484624,-0.6973375156598683,-0.838799099687795
2018-06-17,6499.27002,0.214002,-0.5241140257737871,-0.6291852558909112,-0.7082704552983179,-0.8446220866913526
2018-06-18,6734.819824,0.21008,-0.5068667275987015,-0.6157460019398642,-0.7136169626875947,-0.8474696870689029
2018-06-19,6769.939941,0.220765,-0.5042951817109247,-0.6137422296456896,-0.6990510699149222,-0.8397117548827416
2018-06-20,6776.549805,0.225581,-0.5038111978851314,-0.6133651049808866,-0.6924858532941274,-0.8362150584476875
2018-06-21,6729.740234,0.212881,-0.5072386625434541,-0.616035817082216,-0.7097986130707247,-0.845435997967037
2018-06-22,6083.689941,0.186089,-0.5545434017122131,-0.652896106521367,-0.7463217201521887,-0.864888550061715
2018-06-23,6162.47998,0.19366,-0.5487742808181044,-0.6484007542648484,-0.7360008615483605,-0.8593915632033688
2018-06-24,6173.22998,0.186944,-0.5479871502315632,-0.6477874148456667,-0.7451561760884886,-0.8642677702751761
2018-06-25,6249.180176,0.179697,-0.5424259667594336,-0.6434540893478633,-0.7550353548365989,-0.8695295142670443
2018-06-26,6093.669922,0.170771,-0.5538126530333107,-0.6523267004050892,-0.7672033622197412,-0.8760103100268641
2018-06-27,6157.129883,0.171995,-0.5491660226776078,-0.6487060031380156,-0.7655347938759179,-0.8751216147535033
2018-06-28,5903.439941,0.166278,-0.5677415680586353,-0.6631802395732299,-0.7733282621942491,-0.8792724896536702
2018-06-29,6218.299805,0.181072,-0.5446870722978372,-0.6452159636560735,-0.7531609418686602,-0.8685311842009729
2018-06-30,6404.0,0.226619,-0.5310898347712183,-0.6346208706567011,-0.6910708419045126,-0.8354614100050824
2018-07-01,6385.819824,0.2212,-0.5324210136175718,-0.6356581375021395,-0.6984580738123378,-0.8393959195527481
2018-07-02,6614.180176,0.249,-0.5157001375419905,-0.6226290765105267,-0.6605608516241959,-0.8192115007623612
2018-07-03,6529.589844,0.236518,-0.5218939642994667,-0.62745536349632,-0.6775764317447854,-0.8282741595875989
2018-07-04,6597.549805,0.232286,-0.5169178374191652,-0.6235779194956353,-0.6833455340577428,-0.8313468380164089
2018-07-05,6639.140137,0.218494,-0.5138725330078534,-0.6212049901865693,-0.7021469185332412,-0.8413606331227764
2018-07-06,6673.5,0.229949,-0.5113566540202569,-0.6192445940548867,-0.686531354498523,-0.8330436360996152
2018-07-07,6856.930176,0.249942,-0.49792563057614314,-0.6087790166029554,-0.659276708339979,-0.8185275539098236
2018-07-08,6773.879883,0.246745,-0.5040066934451202,-0.6135174369258858,-0.6636348888916153,-0.8208487620707181
2018-07-09,6741.75,0.235216,-0.5063592900638445,-0.6153506019284533,-0.6793513304242444,-0.8292194874028898
2018-07-10,6329.950195,0.211167,-0.5365118688589304,-0.6388457696696526,-0.7121351540358496,-0.8466804617730341
2018-07-11,6394.709961,0.206735,-0.5317700648965262,-0.6351509122496719,-0.7181768982350527,-0.8498983518478183
2018-07-12,6228.810059,0.204594,-0.5439174962610263,-0.6446163029040908,-0.7210955296273122,-0.8514528425179699
2018-07-13,6238.049805,0.200695,-0.5432409486620988,-0.6440891307696697,-0.7264106831996706,-0.8542837435562332
2018-07-14,6276.120117,0.194691,-0.5404533852189021,-0.6419170356022137,-0.7345953926247644,-0.8586429971683729
2018-07-15,6359.640137,0.19931,-0.5343379282579228,-0.637151815085297,-0.7282987282619215,-0.8552893342046032
2018-07-16,6741.75,0.222559,-0.5063592900638445,-0.6153506019284533,-0.6966054721952988,-0.8384092064183547
2018-07-17,7321.040039,0.248674,-0.46394283348937904,-0.5822993074114223,-0.6610052578987762,-0.8194481957452988
2018-07-18,7370.779785,0.23978,-0.460300817169064,-0.5794614146745023,-0.6731296425801192,-0.8259057576417629
2018-07-19,7466.859863,0.229673,-0.4532656945503609,-0.5739795821874822,-0.686907600301542,-0.8332440281710594
2018-07-20,7354.129883,0.21645,-0.4615199471343767,-0.5804113719974896,-0.7049333186106714,-0.8428446961446308
2018-07-21,7419.290039,0.222991,-0.4567488260356426,-0.5766936703942489,-0.6960165657210082,-0.8380955492630509
2018-07-22,7418.490234,0.201422,-0.4568073889173886,-0.5767393031323101,-0.7254196299431678,-0.8537558992231177
2018-07-23,7711.109863,0.19705,-0.4353813554096474,-0.560043940035374,-0.7313795815764972,-0.8569302258041095
2018-07-24,8424.269531,0.202624,-0.3831627705007805,-0.5193547366349062,-0.7237810522068315,-0.8528831772308139
2018-07-25,8181.390137,0.243708,-0.4009467518829176,-0.5332121790951103,-0.6677749559342552,-0.8230538009148334
2018-07-26,7951.580078,0.251831,-0.41777377760698486,-0.5463239528727106,-0.6567016057243891,-0.817156029913599
2018-07-27,8165.009766,0.26684,-0.4021461463976145,-0.5341467583727962,-0.636241195371086,-0.8062586219414797
2018-07-28,8192.150391,0.279981,-0.4001588704836292,-0.532598254635705,-0.6183272602353171,-0.7967174907427576
2018-07-29,8218.459961,0.328679,-0.39823244562169935,-0.5310971666001028,-0.5519416873533698,-0.7613599070645466
2018-07-30,8180.47998,0.318274,-0.40101339489810417,-0.5332641079477378,-0.5661258814852985,-0.7689145429463443
2018-07-31,7780.439941,0.293934,-0.43030490657605824,-0.5560883242425971,-0.5993063990413912,-0.786586800261381
2018-08-01,7624.910156,0.28728,-0.44169302293807366,-0.5649620496377019,-0.6083771945967831,-0.7914179917229363
2018-08-02,7567.149902,0.30958,-0.44592231248316994,-0.5682575510926,-0.5779776242803958,-0.7752268931968344
2018-08-03,7434.390137,0.284746,-0.45564317496628737,-0.5758321368745365,-0.6118315672955151,-0.7932578232774268
2018-08-04,7032.850098,0.257989,-0.4850445188191078,-0.5987419354139327,-0.6483069620468862,-0.8126849633340594
2018-08-05,7068.47998,0.253947,-0.48243564719891696,-0.5967090785645005,-0.6538170545679103,-0.8156196906991942
2018-08-06,6951.799805,0.236471,-0.49097913878826316,-0.6033662460774805,-0.6776405025880531,-0.8283082843244028
2018-08-07,6753.120117,0.233997,-0.505526753611449,-0.6147018818394476,-0.6810130827209115,-0.8301045523851013
2018-08-08,6305.799805,0.22804,-0.5382801954306419,-0.6402236660580818,-0.6891337213027375,-0.834429681260437
2018-08-09,6568.22998,0.276128,-0.5190646775167961,-0.62525075711759,-0.6235797061738392,-0.7995149931024468
2018-08-10,6184.709961,0.274727,-0.5471465693777948,-0.6471324264848519,-0.6254895625869898,-0.8005322006824948
2018-08-11,6295.72998,0.27067,-0.5390175226174898,-0.6407981982084783,-0.6310201032494822,-0.8034778189210774
2018-08-12,6322.689941,0.283597,-0.5370434751835311,-0.6392600022251385,-0.6133978949319963,-0.7940920641835475
2018-08-13,6297.569824,0.259292,-0.5388828065722002,-0.6406932262223997,-0.6465307001579959,-0.8117389094605387
2018-08-14,6199.709961,0.27191,-0.5460482476291327,-0.646276604039482,-0.6293297235547595,-0.8025775067160387
2018-08-15,6308.52002,0.257547,-0.5380810173442727,-0.6400684646545329,-0.648909500615489,-0.8130058810716619
2018-08-16,6334.72998,0.268244,-0.5361618860709685,-0.6385730598505164,-0.6343272493296418,-0.8052392361867422
2018-08-17,6580.629883,0.291827,-0.5181567386403828,-0.624543282763736,-0.6021786813129888,-0.7881166049517171
2018-08-18,6423.759766,0.27332,-0.5296429960548001,-0.6334934805728305,-0.6274075982567278,-0.8015537646119218
2018-08-19,6506.069824,0.302272,-0.5236161342657978,-0.6287972942317568,-0.587939958803811,-0.7805329267407246
2018-08-20,6308.529785,0.287262,-0.5380803023368144,-0.6400679075141211,-0.6084017323665452,-0.7914310607710738
2018-08-21,6488.759766,0.311927,-0.5248836018105978,-0.6297849166428938,-0.5747781717453033,-0.7735228345313294
2018-08-22,6376.709961,0.314632,-0.5330880509949206,-0.6361778991841159,-0.5710906902338313,-0.7715588470195309
2018-08-23,6534.879883,0.321022,-0.5215066199738021,-0.6271535412221145,-0.5623797819682836,-0.7669193349306614
2018-08-24,6719.959961,0.336927,-0.5079547883130375,-0.6165938288925658,-0.5406979359646003,-0.7553713787845785
2018-08-25,6763.189941,0.319767,-0.5047894264978225,-0.614127349746106,-0.5640906098044749,-0.7678305380091484
2018-08-26,6707.259766,0.328878,-0.5088847150050875,-0.6173184363553375,-0.5516704086765554,-0.7612154214768024
2018-08-27,6884.640137,0.336085,-0.49589666705475133,-0.6071980294973469,-0.5418457583056941,-0.7559827198141291
2018-08-28,7096.279785,0.335793,-0.48040010516957943,-0.5951229654247732,-0.5422438154596129,-0.7561947288172511
2018-08-29,7047.160156,0.30871,-0.4839967156240401,-0.5979254774918696,-0.5791636164855642,-0.7758585638568213
2018-08-30,6978.22998,0.30539,-0.4890438830533669,-0.6018582769441434,-0.5836894717972416,-0.7782690771799898
2018-08-31,7037.580078,0.328099,-0.4846981828254586,-0.5984720672105894,-0.5527323488234821,-0.7617810208378712
2018-09-01,7193.25,0.328258,-0.4732998054291171,-0.5895903463228163,-0.5525155985239167,-0.7616655775793219
2018-09-02,7272.720215,0.310938,-0.46748088106209384,-0.5850561867404576,-0.5761263858727881,-0.7742409061206709
2018-09-03,7260.060059,0.30394,-0.4684078760405107,-0.5857785097849033,-0.5856661254725224,-0.7793218616133014
2018-09-04,7361.660156,0.29972,-0.46096856962709254,-0.5799817335539453,-0.5914188692723052,-0.7823858273433529
2018-09-05,6792.830078,0.268699,-0.5026191326911277,-0.6124362367775432,-0.6337069890384329,-0.8049088796921513
2018-09-06,6529.169922,0.27239,-0.5219247115971561,-0.6274793220745136,-0.6286753830277698,-0.802228998765701
2018-09-07,6467.069824,0.260662,-0.5264717708123191,-0.6310224325897187,-0.6446631032372134,-0.8107442096856168
2018-09-08,6225.97998,0.241907,-0.5441247187487683,-0.6447777725794488,-0.670230096119897,-0.8243614317868293
2018-09-09,6300.859863,0.239741,-0.5386419051463571,-0.6405055136075769,-0.6731828077479372,-0.8259340739127278
2018-09-10,6329.700195,0.247807,-0.5365301742214081,-0.6388600333770753,-0.6621871604756511,-0.8200776882305961
2018-09-11,6321.200195,0.260429,-0.53715255654565,-0.6393449994294517,-0.6449807310346896,-0.8109133812531765
2018-09-12,6351.799805,0.253495,-0.534912008734745,-0.6375991438922806,-0.6544332252308254,-0.8159478690190953
2018-09-13,6517.310059,0.271776,-0.5227931079617596,-0.6281559845381411,-0.6295123936185439,-0.8026747985188412
2018-09-14,6512.709961,0.268898,-0.5231299338070514,-0.6284184423460946,-0.6334357103616185,-0.8047643941044071
2018-09-15,6543.200195,0.269288,-0.5208973946654517,-0.6266788272379757,-0.6329040586834396,-0.8044812313947578
2018-09-16,6517.180176,0.273865,-0.5228026181833384,-0.628163394990586,-0.6266646491167084,-0.8011580628766427
2018-09-17,6281.200195,0.268721,-0.540081414542082,-0.641627192617105,-0.6336769984309459,-0.8048929064110941
2018-09-18,6371.299805,0.291212,-0.5334841904614842,-0.6364865747132995,-0.603017055113194,-0.7885631307630872
2018-09-19,6398.540039,0.329173,-0.5314896210320947,-0.6349323878016774,-0.5512682618943431,-0.7610012342989908
2018-09-20,6519.669922,0.358403,-0.5226203153713087,-0.6280213429565813,-0.5114216502195448,-0.7397785522398896
2018-09-21,6734.950195,0.353303,-0.5068571816450553,-0.6157385636446625,-0.5183740183188084,-0.7434814492122268
2018-09-22,6721.97998,0.33786,-0.5078068795930102,-0.6164785770525475,-0.5394260615652644,-0.7546939664561098
2018-09-23,6710.629883,0.343609,-0.5086379501519784,-0.6171261549038627,-0.5315889705451338,-0.7505198576925869
2018-09-24,6595.410156,0.334657,-0.5170745056212454,-0.6236999968049295,-0.543792421373488,-0.7570195309663835
2018-09-25,6446.470215,0.326493,-0.5279801040508947,-0.6321977397729217,-0.5549216631700344,-0.7629470703550425
2018-09-26,6495.0,0.348924,-0.5244266828293351,-0.6294288811547897,-0.5243435124181564,-0.7466608582008276
2018-09-27,6676.75,0.34559,-0.5111186843080467,-0.6190591658583899,-0.5288884526618709,-0.7490815363392144
2018-09-28,6644.129883,0.334983,-0.5135071765710468,-0.6209203010783363,-0.5433480150989076,-0.7567828359834459
2018-09-29,6601.959961,0.329202,-0.5165949194025123,-0.6233262987961431,-0.5512287288208375,-0.7609801786103245
2018-09-30,6625.560059,0.331898,-0.5148668860089152,-0.6219797992240543,-0.5475535161942464,-0.7590227256225949
2018-10-01,6589.620117,0.325232,-0.5174984606718653,-0.6240303464939807,-0.556640670262813,-0.7638626297829085
2018-10-02,6556.100098,0.321105,-0.5199528450640831,-0.625942825469276,-0.5622666355854917,-0.7668590720975823
2018-10-03,6502.589844,0.310338,-0.5238709434470583,-0.6289958438979859,-0.5769443115315249,-0.774676541058593
2018-10-04,6576.689941,0.32094,-0.5184452269061872,-0.6247680754835396,-0.5624915651416442,-0.7669788717055108
2018-10-05,6622.47998,0.356504,-0.5150924138591351,-0.6221555326068351,-0.5140103849294471,-0.7411573368184128
2018-10-06,6588.310059,0.338098,-0.5175943850180926,-0.6241050916300565,-0.539101617720632,-0.7545211645974007
2018-10-07,6602.950195,0.337637,-0.5165224130332813,-0.6232698011639185,-0.5397300572684282,-0.7548558774413707
2018-10-08,6652.22998,0.343585,-0.5129140757242887,-0.620458151423518,-0.5316216875714833,-0.7505372830901038
2018-10-09,6642.640137,0.339712,-0.5136162579331656,-0.6210052982826496,-0.5369013976986299,-0.7533493066143905
2018-10-10,6585.529785,0.347861,-0.517797960711522,-0.6242637196896217,-0.5257926040435519,-0.7474326580991796
2018-10-11,6256.240234,0.303201,-0.5419090190762192,-0.6430512789410623,-0.5866735372422001,-0.7798584186451754
2018-10-12,6274.580078,0.311278,-0.5405661491074012,-0.6420049022650767,-0.5756628946661704,-0.773994046322515
2018-10-13,6285.990234,0.318843,-0.5397306809413729,-0.6413538977577452,-0.5653502153189296,-0.7685014158135482
2018-10-14,6290.930176,0.325284,-0.5393689712256575,-0.6410720502082501,-0.5565697833723893,-0.7638248747549553
2018-10-15,6596.540039,0.339638,-0.5169917739497557,-0.6236355315227934,-0.5370022751965406,-0.7534030349234009
2018-10-16,6596.109863,0.358845,-0.5170232720601926,-0.6236600751412107,-0.510819111650942,-0.7394576345022871
2018-10-17,6544.430176,0.376968,-0.520807333673269,-0.6266086508814972,-0.48611366712879456,-0.7262992812023524
2018-10-18,6476.709961,0.376913,-0.5257659060038404,-0.6304724162149826,-0.48618864364751224,-0.7263392144049953
2018-10-19,6465.410156,0.361977,-0.5265932941096496,-0.6311171246648029,-0.5065495397123355,-0.7371836201263342
2018-10-20,6489.189941,0.370766,-0.5248521037733825,-0.6297603730815313,-0.4945682920212715,-0.7308022943440065
2018-10-21,6482.350098,0.371791,-0.5253529269950048,-0.6301506191590118,-0.4931710023542627,-0.7300580846583896
2018-10-22,6487.160156,0.390431,-0.5250007275740898,-0.6298761821190164,-0.4677607785561704,-0.7165243592536121
2018-10-23,6475.740234,0.437883,-0.525836910820798,-0.6305277438238147,-0.4030737646255331,-0.6820714441298192
2018-10-24,6495.839844,0.412075,-0.5243651882339563,-0.6293809639984025,-0.4382554736266687,-0.7008095549263051
2018-10-25,6476.290039,0.437743,-0.5257966533015297,-0.6304963747931762,-0.40326461394590507,-0.6821730922820011
2018-10-26,6474.75,0.432123,-0.5259094171900289,-0.6305842414560392,-0.41092585094940726,-0.6862535395338707
2018-10-27,6480.379883,0.444364,-0.5254971889939408,-0.6302630294402922,-0.39423880430174363,-0.6773658607420315
2018-10-28,6486.390137,0.440448,-0.5250571094817286,-0.6299201154219205,-0.39957713243443305,-0.6802091047702026
2018-10-29,6332.629883,0.418148,-0.536315658218262,-0.6386928805271866,-0.4299767027508202,-0.6964002032963044
2018-10-30,6334.27002,0.45041,-0.5361955650090695,-0.6385993027899812,-0.38599684008053836,-0.6729761126842373
2018-10-31,6317.609863,0.506044,-0.5374154458603512,-0.639549845210247,-0.31015604658359264,-0.6325825891236476
2018-11-01,6377.779785,0.514022,-0.5330097169304913,-0.6361168605579963,-0.2992803617412547,-0.6267900965657446
2018-11-02,6388.439941,0.500783,-0.532229164851896,-0.6355086471729332,-0.3173278914012838,-0.636402381470994
2018-11-03,6361.259766,0.543031,-0.5342193366742252,-0.6370594074285388,-0.2597350193507578,-0.6057278733754446
2018-11-04,6376.129883,0.503996,-0.533130525147142,-0.6362109954356137,-0.3129478994987479,-0.6340695563784216
2018-11-05,6419.660156,0.481368,-0.5299431754430689,-0.6337273831231813,-0.34379460250857796,-0.6504988020039206
2018-11-06,6461.009766,0.484115,-0.5269154970456227,-0.6313681881668283,-0.3400498662009943,-0.6485043200464677
2018-11-07,6530.140137,0.482141,-0.521853671048131,-0.6274239666229247,-0.3427408416182386,-0.6499375589922312
2018-11-08,6453.720215,0.497974,-0.5274492485390414,-0.6317840922576596,-0.3211571466936036,-0.6384418790386989
2018-11-09,6385.620117,0.492477,-0.5324356364536691,-0.6356695317510127,-0.3286507089370647,-0.6424330211282945
2018-11-10,6409.220215,0.521143,-0.5307076030600721,-0.6343230321789239,-0.2895729473814791,-0.62161983591084
2018-11-11,6411.27002,0.509636,-0.5305575133659377,-0.6342060809037485,-0.3052593983066212,-0.6299745879619545
2018-11-12,6371.27002,0.562799,-0.5334863713623699,-0.6364882740914019,-0.23278709531424013,-0.5913751542873737
2018-11-13,6359.490234,0.581442,-0.5343489043729288,-0.6371603677754323,-0.20737278188785413,-0.5778392507079068
2018-11-14,5738.350098,0.547843,-0.5798296857286421,-0.6725994124493638,-0.25317525556768816,-0.6022340811733101
2018-11-15,5648.029785,0.541633,-0.5864430700028997,-0.6777526225252468,-0.2616407861356147,-0.606742902780803
2018-11-16,5575.549805,0.512894,-0.5917501592280057,-0.681887955440178,-0.30081806197968,-0.627609090249038
2018-11-17,5554.330078,0.48512,-0.5933038984056571,-0.6830986433502596,-0.33867984072261004,-0.6477746315254483
2018-11-18,5623.540039,0.524238,-0.588236244712967,-0.6791498808124607,-0.28535381419182815,-0.6193726856893923
2018-11-19,4871.490234,0.41129,-0.6433024218402035,-0.7220579543561363,-0.4393255930301828,-0.7013795106367531
2018-11-20,4451.870117,0.341813,-0.6740276152186843,-0.7459993086666286,-0.5340372946836196,-0.7518238582734336
2018-11-21,4602.169922,0.367507,-0.6630224455752733,-0.737423978889713,-0.49901099155764406,-0.7331685181151528
2018-11-22,4365.939941,0.342961,-0.6803195472964948,-0.7509020402236549,-0.5324723302565696,-0.7509903434255427
2018-11-23,4347.109863,0.329343,-0.6816983129095883,-0.7519763871170195,-0.5510365162910342,-0.7608778043999129
2018-11-24,3880.76001,0.284568,-0.715845125311938,-0.7785838985565128,-0.6120742185742738,-0.7933870616423437
2018-11-25,4009.969971,0.259428,-0.7063841846245997,-0.7712118462372339,-0.6463453036753489,-0.8116401655412764
2018-11-26,3779.129883,0.283866,-0.723286630565497,-0.7843823881440064,-0.613031191594996,-0.7938967545197124
2018-11-27,3820.719971,0.287584,-0.7202413440202192,-0.7820094727563188,-0.6079627789296898,-0.7911972700210557
2018-11-28,4257.419922,0.33146,-0.6882655404320226,-0.7570936314258002,-0.5481506019251243,-0.759340739127278
2018-11-29,4278.84668,0.344782,-0.6866966421443748,-0.7558711313972728,-0.5299899258823033,-0.7496681913889494
2018-11-30,4017.268555,0.322242,-0.705849771721824,-0.770795426770126,-0.5607166664621852,-0.76603354389022
2018-12-01,4214.671875,0.332692,-0.6913956144142177,-0.7595326139670223,-0.5464711279058513,-0.7584462353880781
2018-12-02,4139.87793,0.315657,-0.6968721355116667,-0.7637999697609403,-0.5696934005668224,-0.7708146373339142
2018-12-03,3894.130859,0.288482,-0.7148660923616197,-0.7778210270439893,-0.6067386168604468,-0.7905452697306323
2018-12-04,3956.893799,0.287812,-0.710270498894155,-0.774240098191362,-0.6076519671793696,-0.7910317287446453
2018-12-05,3753.994873,0.256613,-0.7251270524412197,-0.7858164618588463,-0.6501827382242562,-0.8136840194583606
2018-12-06,3521.101807,0.222732,-0.742179820407912,-0.7991041360757688,-0.6963696369636964,-0.8382835983445872
2018-12-07,3419.937256,0.216468,-0.7495872355117073,-0.804876062303874,-0.7049087808409094,-0.8428316270964932
2018-12-08,3476.114746,0.228283,-0.7454738382415577,-0.8016708651794374,-0.6888024614109489,-0.8342532491105786
2018-12-09,3614.234375,0.239791,-0.7353605187450355,-0.7937904732698122,-0.6731146472763757,-0.8258977710012343
2018-12-10,3502.656006,0.219072,-0.7435304487018981,-0.800156558110344,-0.7013589834819913,-0.8409409714659115
2018-12-11,3424.588135,0.223391,-0.7492466914079676,-0.804610707194614,-0.6954712819485169,-0.8378051259711029
2018-12-12,3486.950195,0.226759,-0.7446804509553431,-0.8010526504821134,-0.6908799925841407,-0.8353597618529006
2018-12-13,3313.677246,0.205696,-0.7573677475114438,-0.8109387090774234,-0.7195932728340988,-0.8506527263486532
2018-12-14,3242.484863,0.202932,-0.7625805570173089,-0.8150005783648085,-0.7233611837020133,-0.8526595512960139
2018-12-15,3236.761719,0.203357,-0.7629996139190373,-0.8153271113710275,-0.7227818196937413,-0.8523509765483192
2018-12-16,3252.839111,0.206882,-0.7618224039660129,-0.8144098185085867,-0.7179765064486622,-0.8497916212880273
2018-12-17,3545.864746,0.233422,-0.7403666421102791,-0.7976912908084669,-0.6817969281438676,-0.8305220358672766
2018-12-18,3696.059082,0.270225,-0.7293691950599688,-0.789121978547384,-0.6316267314463788,-0.8038009148333696
2018-12-19,3745.950684,0.296346,-0.7257160596231562,-0.7862754216922463,-0.5960183378932689,-0.7848355478109345
2018-12-20,4134.441406,0.338506,-0.6972702056814215,-0.7641101497118731,-0.5385454282726909,-0.7542249328396138
2018-12-21,3896.543701,0.298483,-0.714689420571974,-0.7776833627546071,-0.5931051593387344,-0.7832839613737022
2018-12-22,4014.182617,0.311306,-0.7060757285765189,-0.7709714944371541,-0.575624724802096,-0.7739737166920787
2018-12-23,3998.980225,0.313261,-0.7071888697608713,-0.771838864323615,-0.5729596503640451,-0.7725542728526827
2018-12-24,4078.599121,0.307952,-0.7013590587554538,-0.767296221772123,-0.5801969292344351,-0.7764089159950628
2018-12-25,3815.490723,0.317662,-0.7206242371407223,-0.7823078266103726,-0.5669601656572101,-0.7693588905830248
2018-12-26,3857.297607,0.307583,-0.7175630764779897,-0.7799225419638273,-0.5806999535145584,-0.7766768314818848
2018-12-27,3654.833496,0.275171,-0.7323877922403114,-0.7914740973355394,-0.6248842975995246,-0.8002098308284324
2018-12-28,3923.918701,0.298379,-0.7126849833806657,-0.7761214867918069,-0.593246933119582,-0.7833594714296086
2018-12-29,3820.408691,0.29997,-0.7202641363931475,-0.7820272327837051,-0.5910780669144982,-0.7822043127858854
2018-12-30,3865.952637,0.298643,-0.7169293426323682,-0.7794287307012039,-0.5928870458297378,-0.783167792056923
2018-12-31,3742.700439,0.289444,-0.7259540472746215,-0.7864608638671764,-0.6054272093876054,-0.7898468017134974
2019-01-01,3843.52002,0.299371,-0.7185718913744019,-0.7807086198436698,-0.5918946293638038,-0.7826392216655775
2019-01-02,3943.409424,0.316489,-0.7112578443827959,-0.775009446910481,-0.5685592103200406,-0.7702105568866623
2019-01-03,3836.741211,0.365974,-0.7190682455980503,-0.7810953836366749,-0.5011007916157166,-0.7342815653815435
2019-01-04,3857.717529,0.437175,-0.7175323291803002,-0.7798985833856336,-0.40403891690284266,-0.6825854933565672
2019-01-05,3845.19458,0.395948,-0.7184492776632392,-0.7806130781080618,-0.46023995212408475,-0.7125186959994192
2019-01-06,4076.632568,0.39701,-0.7015030526174402,-0.767408423118617,-0.45879222370812056,-0.7117476221592972
2019-01-07,4025.248291,0.376474,-0.7052654838819985,-0.7703401442916643,-0.4867870925878214,-0.7266579539679082
2019-01-08,4030.8479,0.424198,-0.704855472392085,-0.7700206595538313,-0.42172928569189005,-0.6920075510055906
2019-01-09,4035.296387,0.401805,-0.7045297477240355,-0.7697668518856622,-0.45225563448538153,-0.7082661729470703
2019-01-10,3678.924561,0.354604,-0.7306238095311159,-0.7900995857248816,-0.5166004828487806,-0.7425368474551659
2019-01-11,3687.365479,0.444193,-0.7300057532765778,-0.7896179905859531,-0.3944719131144837,-0.6774900166993393
2019-01-12,3661.301025,0.412244,-0.7319142303895911,-0.7911050935699206,-0.4380250912327912,-0.700686851085457
2019-01-13,3552.953125,0.444261,-0.7398476207223819,-0.7972868645518343,-0.3943792148731601,-0.6774406447397081
2019-01-14,3706.052246,0.48566,-0.7286374811026924,-0.7885518202772864,-0.3379437076297469,-0.6473825600813186
2019-01-15,3630.675293,0.518795,-0.7341566908912109,-0.7928524394933532,-0.2927737631260028,-0.6233246206345748
2019-01-16,3655.006836,0.497374,-0.7323751000341838,-0.7914642074513607,-0.3219750723523406,-0.638877513976621
2019-01-17,3678.563965,0.483012,-0.7306502128930681,-0.790120159468249,-0.3415534862036389,-0.6493051622740144
2019-01-18,3657.839355,0.500732,-0.7321676988861039,-0.7913025985622183,-0.3173974150822765,-0.6364394104407174
2019-01-19,3728.568359,0.49147,-0.7269888186624769,-0.7872671672847606,-0.33002346083431133,-0.6431641617657735
2019-01-20,3601.013672,0.490123,-0.7363285577875356,-0.794544778227877,-0.33185970393817577,-0.6441421622014085
2019-01-21,3576.032471,0.503412,-0.7381577175452687,-0.7959700763964169,-0.3137440138065851,-0.6344935743846656
2019-01-22,3604.577148,0.540335,-0.7360676349080932,-0.7943414647115878,-0.2634102319773489,-0.6076853263631743
2019-01-23,3585.123047,0.509976,-0.7374920923900244,-0.7954514151309409,-0.3047959071000037,-0.6297277281637987
2019-01-24,3600.865479,0.504242,-0.7363394086938622,-0.7945532333542534,-0.31261254997866583,-0.6338909460538735
2019-01-25,3599.765869,0.479549,-0.7364199237323987,-0.7946159714155303,-0.3462742804639819,-0.6518195019240542
2019-01-26,3602.460449,0.472149,-0.736222622677898,-0.7944622326125407,-0.3563620302550701,-0.6571923328250926
2019-01-27,3583.96582,0.433749,-0.7375768262288404,-0.79551744052034,-0.4087092724142303,-0.685072968852102
2019-01-28,3470.450439,0.41349,-0.7458885870128376,-0.8019940412506419,-0.4363265322814809,-0.699782182531039
2019-01-29,3448.116943,0.455235,-0.7475238779715347,-0.8032682750613339,-0.37941935457486264,-0.6694728817251143
2019-01-30,3486.181641,0.426929,-0.7447367255935579,-0.8010965001996919,-0.41800636073520603,-0.6900246859798156
2019-01-31,3457.792725,0.38769,-0.7468154031844738,-0.8027162249671935,-0.47149733560716667,-0.7185144848616859
2019-02-01,3487.945312,0.419263,-0.7446075870457722,-0.8009958742511554,-0.4284567242350009,-0.6955906483699993
2019-02-02,3521.060791,0.414927,-0.7421828236589014,-0.7991064762366634,-0.43436760032880606,-0.6987388368547158
2019-02-03,3464.013428,0.396142,-0.7463599142913493,-0.8023613038169681,-0.45997548949442646,-0.7123778407028243
2019-02-04,3459.154053,0.394452,-0.7467157247745096,-0.8026385546299994,-0.46227931343320194,-0.7136048791113048
2019-02-05,3466.357422,0.421776,-0.7461882836520871,-0.8022275676385006,-0.4250309789343246,-0.6937660640383359
2019-02-06,3413.767822,0.39962,-0.7500389704143163,-0.805228058310036,-0.45523424709261506,-0.7098526101793363
2019-02-07,3399.47168,0.401474,-0.751085754659687,-0.8060437222570891,-0.4527068568071181,-0.7085064982211573
2019-02-08,3666.780273,0.436519,-0.7315130319066103,-0.7907924760084442,-0.4049331822897283,-0.683061787555362
2019-02-09,3671.203613,0.464334,-0.7311891485383619,-0.7905401030980772,-0.36701551196011784,-0.6628664778915269
2019-02-10,3690.188232,0.452186,-0.7297990672091776,-0.7894569388942774,-0.3835757801306773,-0.671686633267988
2019-02-11,3648.430664,0.429451,-0.7328566168828867,-0.7918394098248417,-0.4145683465496487,-0.6881935671240833
2019-02-12,3653.528564,0.425395,-0.7324833412533864,-0.7915485500085582,-0.42009752400271005,-0.6911384593044362
2019-02-13,3632.070557,0.444044,-0.7340545276381225,-0.7927728329434587,-0.3946750313197367,-0.67759819937559
2019-02-14,3616.880859,0.428376,-0.7351667393493897,-0.7936394785759114,-0.41603379668821905,-0.6889740797211936
2019-02-15,3620.810791,0.432969,-0.7348789840302989,-0.793415256974953,-0.40977257577058823,-0.6856392942714006
2019-02-16,3629.787598,0.440511,-0.7342216892061895,-0.792903086780396,-0.39949125024026566,-0.6801633631017208
2019-02-17,3673.836182,0.457499,-0.7309963880191916,-0.7903899023221316,-0.3763330484225622,-0.6678290858926885
2019-02-18,3915.714355,0.474333,-0.7132857174903556,-0.7765895843555657,-0.3533847808572679,-0.6556066216510563
2019-02-19,3947.094482,0.458156,-0.7109880190930304,-0.7747991965538883,-0.37543741982624523,-0.667352065635664
2019-02-20,3999.820557,0.46611,-0.7071273394334248,-0.7717909193244707,-0.36459445201025675,-0.6615769984752777
2019-02-21,3954.118164,0.445463,-0.7104737349132781,-0.7743984615735722,-0.39274063713682394,-0.6765679227474044
2019-02-22,4005.526611,0.452029,-0.7067095338862754,-0.7714653613852913,-0.3837898040113801,-0.6718006244100776
2019-02-23,4142.526855,0.461889,-0.6966781773824616,-0.7636488357962001,-0.3703485590194707,-0.6646416902635591
2019-02-24,3810.42749,0.41064,-0.7209949744022186,-0.7825967085068751,-0.4402116791604811,-0.7018514484861686
2019-02-25,3882.696289,0.470638,-0.7157033481561262,-0.7784734244879329,-0.3584218397056558,-0.6582894068104261
2019-02-26,3854.35791,0.437432,-0.717778325354628,-0.7800902658755063,-0.4036885720790171,-0.6823988963914907
2019-02-27,3851.047363,0.431479,-0.7180207284059659,-0.7802791485707765,-0.41180375782311807,-0.6867211210339069
2019-02-28,3854.7854,0.427421,-0.7177470239170056,-0.7800658755063616,-0.4173356616950419,-0.6896674653307195
2019-03-01,3859.58374,0.431785,-0.7173956825050407,-0.7797921070348605,-0.4113866157371623,-0.6864989472155667
2019-03-02,3864.415039,0.427787,-0.7170419277873081,-0.7795164580932276,-0.4168367270432124,-0.6894017280185871
2019-03-03,3847.175781,0.424169,-0.7183042112534546,-0.7805000410224225,-0.42176881876539574,-0.6920286066942569
2019-03-04,3761.557129,0.407811,-0.724573333092303,-0.7853849986306841,-0.44406819864142544,-0.7039054672184709
2019-03-05,3896.375,0.432997,-0.7147017731037953,-0.7776929879614309,-0.4097344059065138,-0.6856189646409642
2019-03-06,3903.942627,0.431821,-0.7141476604824712,-0.7772612182917784,-0.411337540197638,-0.6864728091192913
2019-03-07,3911.484375,0.455832,-0.7135954427590494,-0.7768309251440635,-0.3786055185444195,-0.6690394249618818
2019-03-08,3901.131592,0.466202,-0.7143534885409213,-0.7774216014149598,-0.3644690367425838,-0.6615102011181296
2019-03-09,3963.313721,0.477456,-0.7098004228970007,-0.7738738106350203,-0.34912747780354236,-0.6533391417991723
2019-03-10,3951.599854,0.501768,-0.7106581292228029,-0.7745421433217322,-0.3159851301115242,-0.635687214114572
2019-03-11,3905.227295,0.46749,-0.7140535952288571,-0.7771879217778285,-0.36271322299516195,-0.6605750381180571
2019-03-12,3909.15625,0.488552,-0.7137659114471229,-0.7769637559194386,-0.33400130595463506,-0.6452827996805344
2019-03-13,3906.717285,0.48451,-0.7139444960007046,-0.7771029106521367,-0.33951139847565914,-0.648217527045669
2019-03-14,3924.369141,0.491097,-0.7126520015107679,-0.7760957870143208,-0.3305319379521595,-0.6434349814855151
2019-03-15,3960.911133,0.490087,-0.709976343873899,-0.7740108898841787,-0.3319087794776999,-0.6441683002976839
2019-03-16,4048.72583,0.485599,-0.7035464244360812,-0.7690006373024476,-0.3380268634050517,-0.6474268496333406
2019-03-17,4025.229004,0.483685,-0.705266896104103,-0.7703412447081646,-0.3406360462564224,-0.6488165250853118
2019-03-18,4032.507324,0.480714,-0.7047339669607882,-0.7699259814001256,-0.34468614147660115,-0.6509736440862557
2019-03-19,4071.190186,0.485391,-0.7019015517184487,-0.7677189372967421,-0.3383104109667472,-0.6475778697451535
2019-03-20,4087.476318,0.486086,-0.7007090575199699,-0.7667897348091516,-0.3373629804120436,-0.6470732592753938
2019-03-21,4029.326904,0.461061,-0.7049668419245134,-0.7701074397215724,-0.37147729642852756,-0.6652428664778915
2019-03-22,4023.968262,0.466446,-0.7053592094613064,-0.7704131761282593,-0.36413641364136407,-0.6613330429100414
2019-03-23,4035.826416,0.463084,-0.7044909382321609,-0.7697366111713356,-0.36871952374915307,-0.6637740506788644
2019-03-24,4022.168213,0.456405,-0.705491011658997,-0.7705158776173904,-0.37782439954032576,-0.6686233935961664
2019-03-25,3963.070557,0.476395,-0.7098182277176468,-0.7738876843156273,-0.35057384301007544,-0.6541094895810644
2019-03-26,3985.080811,0.463601,-0.7082066050068617,-0.7726318930221944,-0.36801474447320814,-0.6633986785740216
2019-03-27,4087.066162,0.499871,-0.7007390897369796,-0.7668131361898785,-0.3185711384025639,-0.6370645465766354
2019-03-28,4069.107178,0.503459,-0.7020540725843845,-0.7678377829634279,-0.31367994296331736,-0.6344594496478617
2019-03-29,4098.374512,0.499502,-0.6999110759538807,-0.7661679402065384,-0.31907416268268707,-0.6373324620634575
2019-03-30,4106.660156,0.494278,-0.6993043890867561,-0.7656952041992355,-0.32619556875142286,-0.6411253902562986
2019-03-31,4105.404297,0.507613,-0.6993963449036196,-0.7657668570205968,-0.3080171709859958,-0.6314434037609816
2019-04-01,4158.183105,0.556138,-0.6955318040572956,-0.7627555711188452,-0.24186743333565075,-0.596211428156538
2019-04-02,4879.87793,0.584279,-0.6426882625776725,-0.7215793957893536,-0.20350535673145997,-0.5757794235097655
2019-04-03,4973.021973,0.565453,-0.6358681206986583,-0.7162650782792264,-0.22916913748376078,-0.5894481957452988
2019-04-04,4922.798828,0.54224,-0.6395455321946388,-0.7191305512637645,-0.26081331801085916,-0.6063021854352719
2019-04-05,5036.681152,0.577468,-0.631206903312147,-0.7126330146630913,-0.2127901761675548,-0.5807246061134104
2019-04-06,5059.817383,0.57011,-0.6295128349328558,-0.7113129809436869,-0.22282067116253135,-0.586066942568794
2019-04-07,5198.896973,0.577119,-0.6193292257000558,-0.7033778186226964,-0.21326593625905332,-0.5809780004356349
2019-04-08,5289.770996,0.568899,-0.612675297976768,-0.6981930167170651,-0.22447151778374852,-0.5869461990851665
2019-04-09,5204.958496,0.53468,-0.6188853921973281,-0.7030319794602613,-0.2711191813109439,-0.6117911856530893
2019-04-10,5324.551758,0.520257,-0.6101286001541255,-0.6962086062646203,-0.2907807509375473,-0.6222631235025049
2019-04-11,5064.487793,0.486123,-0.6291708607409778,-0.7110465114965482,-0.3373125416630882,-0.6470463951208887
2019-04-12,5089.539062,0.49535,-0.6273365705026923,-0.7096172156102014,-0.3247342082411463,-0.6403470558338779
2019-04-13,5096.586426,0.539208,-0.6268205522925631,-0.7092151294574085,-0.26494656900634295,-0.6085035939882378
2019-04-14,5167.722168,0.52874,-0.6216118901228422,-0.7051564918126318,-0.27921664533243906,-0.6161039715385174
2019-04-15,5067.108398,0.492214,-0.6289789762432343,-0.7108969933245849,-0.32900923301747764,-0.6426239744427503
2019-04-16,5235.55957,0.503054,-0.6166447371902202,-0.7012860403948193,-0.3142320427829648,-0.6347535032309591
2019-04-17,5251.937988,0.500259,-0.6154454856770151,-0.700351572545216,-0.3180422131432473,-0.6367828359834459
2019-04-18,5298.385742,0.524362,-0.6120445137840347,-0.697701503851201,-0.28518477622235583,-0.6192826544688884
2019-04-19,5303.8125,0.51427,-0.6116471586949597,-0.6973918810977349,-0.2989422858023101,-0.6266100341247368
2019-04-20,5337.88623,0.515661,-0.6091522307804904,-0.6954478102356365,-0.2970460614834717,-0.6256000871269876
2019-04-21,5314.53125,0.499498,-0.6108623162787283,-0.6967803246419809,-0.319079615520412,-0.637335366296377
2019-04-22,5399.365234,0.496664,-0.6046506489685384,-0.6919401361328237,-0.32294295104851256,-0.6393930153198286
2019-04-23,5572.362305,0.481483,-0.5919835525995963,-0.6820698177098192,-0.3436378334239867,-0.6504153053074857
2019-04-24,5464.866699,0.478313,-0.5998545367299567,-0.6882029612027158,-0.34795920732097996,-0.6527169098961736
2019-04-25,5210.515625,0.445506,-0.6184784911546066,-0.7027149184115935,-0.3926820191312811,-0.6765367022435199
2019-04-26,5279.348145,0.436926,-0.6134384742391923,-0.6987876907057682,-0.4043783560512185,-0.6827662818558049
2019-04-27,5268.291016,0.441571,-0.6142480932564232,-0.6994185533177384,-0.3980462482431638,-0.6793937413780585
2019-04-28,5285.13916,0.448218,-0.6130144477244371,-0.6984572853312033,-0.3889849951537905,-0.6745676323241123
2019-04-29,5247.352539,0.433501,-0.6157812389012871,-0.7006131945569692,-0.4090473483531748,-0.6852530312931097
2019-04-30,5350.726562,0.47317,-0.6082120430541145,-0.6947152072801963,-0.3549701934257862,-0.6564510273723952
2019-05-01,5402.697266,0.476025,-0.6044066727543492,-0.6917500276145376,-0.35107823049962994,-0.6543781311261163
2019-05-02,5505.283691,0.463421,-0.5968951459746834,-0.6858969766075198,-0.36826012217082915,-0.6635293690553983
2019-05-03,5768.289551,0.512165,-0.5776374755704459,-0.6708912220573972,-0.30181184165504527,-0.6281383866986132
2019-05-04,5831.16748,0.494995,-0.5730334624416773,-0.6673037325269584,-0.3252181475892322,-0.6406048065054817
2019-05-05,5795.708496,0.506979,-0.5756298206625212,-0.6693268388201061,-0.30888144576539445,-0.6319037246787192
2019-05-06,5746.807129,0.57812,-0.5792104496568815,-0.6721168979859645,-0.21190136361839407,-0.580251216147535
2019-05-07,5829.501465,0.544724,-0.5731554504755504,-0.6673987867290466,-0.25742710578368866,-0.6044986567922748
2019-05-08,5982.45752,0.591537,-0.5619557863558139,-0.6586719050607635,-0.1936111826796062,-0.5705096928773687
2019-05-09,6174.528809,0.639849,-0.547892048088997,-0.6477133103782735,-0.12775180863811286,-0.5354323676758876
2019-05-10,6378.849121,0.67146,-0.5329314185981294,-0.6360558497746334,-0.0846593953075605,-0.5124809409714659
2019-05-11,7204.771484,0.678823,-0.47245618566551295,-0.5889329900154048,-0.07462208426542782,-0.5071349742249329
2019-05-12,6972.371582,0.65799,-0.4894728434490815,-0.6021925268442974,-0.10302182634620338,-0.5222609453278153
2019-05-13,7814.915039,0.646697,-0.42778058991468126,-0.554121353397615,-0.11841655045306265,-0.5304603209177376
2019-05-14,7994.416016,0.823082,-0.41463726811833557,-0.5438799557254521,0.122033145074111,-0.4023945400421114
2019-05-15,8205.167969,0.845574,-0.3992057045481422,-0.5318555389399213,0.15269445160129402,-0.38606403833587444
2019-05-16,7884.90918,0.926125,-0.4226555174254001,-0.5501278496034689,0.262502334496151,-0.3275793218616133
2019-05-17,7343.895508,0.887731,-0.4622693229108077,-0.5809952925201118,0.2101632715935784,-0.3554556015392434
2019-05-18,7271.208008,0.934154,-0.4675916070511992,-0.5851424654533006,0.2734475430194818,-0.3217498003339867
2019-05-19,8197.689453,0.99435,-0.3997532923328433,-0.5322822243966452,0.35550729794169,-0.2780439991287301
2019-05-20,7978.309082,1.128938,-0.4158166411794332,-0.5447989341016717,0.5389789288718216,-0.18032527408698173
2019-05-21,7963.327637,1.185923,-0.4169136043040921,-0.5456536978946768,0.6166614183103567,-0.1389508458578378
2019-05-22,7680.066406,1.220044,-0.43765440234143094,-0.5618151191875392,0.6631754873132913,-0.11417701299644234
2019-05-23,7881.84668,1.344991,-0.42287975811575196,-0.5503025800193986,0.8335044161169527,-0.023458215348870937
2019-05-24,7987.371582,1.33696,-0.4151530717896166,-0.544281874707594,0.8225564811747594,-0.029289188992957294
2019-05-25,8052.543945,1.129312,-0.4103810568766433,-0.5405634766360472,0.539488769199101,-0.18005372830901034
2019-05-26,8673.21582,1.087065,-0.36493456227028676,-0.5051511485137217,0.48189726035800606,-0.21072751034632975
2019-05-27,8805.77832,1.211011,-0.35522814381648593,-0.4975878176527644,0.6508616165210079,-0.12073549698685826
2019-05-28,8719.961914,1.275389,-0.36151174548994014,-0.5024840580818166,0.7386223132846124,-0.07399332026428507
2019-05-29,8659.487305,1.182788,-0.36593978404370886,-0.5059344265989616,0.6123877567434564,-0.1412270384084804
2019-05-30,8319.472656,1.024751,-0.3908361496344017,-0.5253339044902151,0.3969502278604564,-0.2559711028824512
2019-05-31,8574.501953,1.02152,-0.37216253473832883,-0.5107832513835795,0.3925456981881583,-0.25831699702316124
2019-06-01,8564.016602,0.965132,-0.37293028734137257,-0.5113814912991386,0.31567704478006675,-0.2992579684890728
2019-06-02,8742.958008,1.012434,-0.35982793814497493,-0.5011720198550808,0.3801595772960198,-0.26491396209976037
2019-06-03,8208.995117,0.910969,-0.39892547522255895,-0.5316371816625778,0.24184153235645756,-0.3385834603935235
2019-06-04,7707.770996,0.88325,-0.43562583209244665,-0.560234438523421,0.20405473013224507,-0.3587090684672911
2019-06-05,7824.231445,1.077118,-0.42709842915940355,-0.5535898074399498,0.46833741614558,-0.21794961155884696
2019-06-06,7822.023438,1.119633,-0.4272601026333567,-0.5537157849032921,0.5262942651142439,-0.18708124591592235
2019-06-07,8043.951172,1.177613,-0.41101023217445776,-0.5410537358361385,0.6053331479368509,-0.14498438974805772
2019-06-08,7954.12793,1.15262,-0.41758722018938665,-0.5461785856107719,0.5712624546221661,-0.16313076308719954
2019-06-09,7688.077148,1.073253,-0.4370678441973296,-0.561358067667028,0.46306861169388314,-0.22075582661729465
2019-06-10,8000.32959,1.191716,-0.4142042676559007,-0.5435425577680151,0.6245584905454611,-0.13474479053220068
2019-06-11,7927.714355,1.138305,-0.41952126044821436,-0.5476856076339363,0.5517481116141354,-0.17352428664778918
2019-06-12,8145.857422,1.142759,-0.403548508794485,-0.5352394920979061,0.5578198464208257,-0.170290423291948
2019-06-13,8230.923828,1.84792,-0.39731982320846393,-0.5303860427911222,1.5191019721550845,0.0
2019-06-14,8693.833008,1.676558,-0.36342494187184315,-0.5039748383636675,1.2854996776009697,-0.09273236936663931
2019-06-15,8838.375,1.721303,-0.3528413676446075,-0.4957280196268614,1.3464964836012725,-0.06851865881639896
2019-06-16,8994.488281,1.673432,-0.34141052685945483,-0.48682100296685116,1.2812382849189508,-0.09442400103900606
2019-06-17,9320.352539,1.971635,-0.31755027341458697,-0.4682288732241685,1.6877514269394722,0.0
2019-06-18,9081.762695,1.818537,-0.3350201677262592,-0.48184157613967027,1.4790467894373083,-0.07765027502554989
2019-06-19,9273.521484,1.838441,-0.3209793111625394,-0.47090081109145887,1.506180109956473,-0.06755510020871003
2019-06-20,9527.160156,1.765551,-0.30240751984524894,-0.4564294998573629,1.4068157745142544,-0.1045244175519302
2019-06-21,10144.556641,1.702871,-0.25720085404371573,-0.4212040485536601,1.3213698073648756,-0.13631529162344957
2019-06-22,10701.691406,1.838553,-0.21640663875470123,-0.389416819421464,1.5063327894127707,-0.06749829456263456
2019-06-23,10855.371094,1.801375,-0.20515398917750138,-0.38064865099560674,1.4556513891785707,-0.08635472590007787
2019-06-24,11011.102539,1.860334,-0.193751106977897,-0.37176341992354656,1.5360248540343502,-0.05645111798076219
2019-06-25,11790.916992,2.189712,-0.13665196206783725,-0.32727123911679123,1.985036050073409,0.0
2019-06-26,13016.231445,2.26156,-0.04693266122251494,-0.25736113168254693,2.0829799212882874,0.0
2019-06-27,11182.806641,2.267606,-0.18117868367382461,-0.3619668716266332,2.0912218855094924,0.0
2019-06-28,12407.332031,2.961826,-0.09151715916543313,-0.29210178404746967,3.0375891368566847,0.0
2019-06-29,11959.371094,3.703152,-0.124317508475975,-0.3176601190163747,4.048171731671309,0.0
2019-06-30,10817.155273,3.446889,-0.2079522070006531,-0.3828290481542762,3.698831593196495,-0.06920131822836328
2019-07-01,10583.134766,3.591973,-0.22508752783205432,-0.39618104832544077,3.896611470316796,-0.03002280219661535
2019-07-02,10801.677734,3.645436,-0.209085494847284,-0.38371211650596215,3.9694927361385464,-0.015585641637178349
2019-07-03,11961.269531,3.533164,-0.12417850216627069,-0.31755180401666006,3.816442486875702,-0.04590359779992825
2019-07-04,11215.4375,3.484891,-0.17878940486600958,-0.36010512352370627,3.750636278002026,-0.058939249590619025
2019-07-05,10978.459961,3.622153,-0.19614124386788334,-0.37362583665202254,3.9377531309512612,-0.021872988200322352
2019-07-06,11208.550781,3.47688,-0.17929366041631778,-0.3604980441033834,3.739715607248457,-0.06110254183463171
2019-07-07,11450.84668,3.314356,-0.16155240338409638,-0.3466738928510298,3.5181613576475375,-0.10499055939372737
2019-07-08,12285.958008,3.335758,-0.10040434111100027,-0.29902675825868663,3.5473367658946815,-0.0992111584941694
2019-07-09,12573.8125,3.112949,-0.07932721784342267,-0.2826032692417413,3.243601435732173,-0.15937855102896137
2019-07-10,12156.512695,3.118319,-0.10988251461301801,-0.306412238546243,3.2509218703778684,-0.15792843501968057
2019-07-11,11358.662109,2.82714,-0.1683022913321217,-0.35193346784960344,2.8539839114022927,-0.23655847775084582
2019-07-12,11815.986328,3.173851,-0.13481634893761607,-0.32584091242083635,3.326623616512829,-0.14293256123432152
2019-07-13,11392.378906,3.170485,-0.16583349856943352,-0.3500097617390312,3.3220350535673155,-0.1438415166323176
2019-07-14,10256.058594,2.78738,-0.24903651937716942,-0.41484232361499396,2.7997827044166628,-0.24729527710447752
2019-07-15,10895.089844,2.728492,-0.2022457247138567,-0.37838250447880417,2.7195060274305005,-0.2631974058855807
2019-07-16,9477.641602,2.19765,-0.3060333401666153,-0.459254772522394,1.9958572065384979,-0.4065460991069231
2019-07-17,9693.802734,2.379704,-0.29020570866721473,-0.4469217359502481,2.2440349363313032,-0.35738419594982873
2019-07-18,10666.482422,2.679091,-0.21898469161306755,-0.391425662007189,2.6521621183183997,-0.27653766305028793
2019-07-19,10530.732422,2.608851,-0.22892450343845905,-0.3991708551377875,2.556410287868936,-0.29550528846777024
2019-07-20,10767.139648,2.644641,-0.21161442358134808,-0.3856826811205568,2.6051995534125907,-0.28584054880815046
2019-07-21,10599.105469,2.550355,-0.22391812980229941,-0.39526984258572484,2.4766679889798153,-0.3113015614805982
2019-07-22,10343.106445,2.425729,-0.24266274951532996,-0.40987582330119243,2.3067766504035783,-0.3449555945853695
2019-07-23,9900.767578,2.370991,-0.27505144270897164,-0.4351133920237348,2.2321572925570132,-0.3597370564319261
2019-07-24,9811.925781,2.405396,-0.2815565678979929,-0.4401822456210418,2.2790585130384167,-0.35044632248419727
2019-07-25,9911.841797,2.384253,-0.27424057233716204,-0.43448155434472535,2.250236176033961,-0.3561557829654305
2019-07-26,9870.303711,2.403562,-0.27728205122060157,-0.4368515027671592,2.276558386941544,-0.35094157625719935
2019-07-27,9477.677734,2.25848,-0.3060306945291871,-0.4592527110172876,2.078781236240105,-0.39011955220849703
2019-07-28,9552.860352,2.217729,-0.30052571423113705,-0.4549631795515491,2.0232290887081272,-0.40112396142529394
2019-07-29,9519.145508,2.140304,-0.3029943639923336,-0.4568867742340389,1.9176825984952894,-0.42203182586078025
2019-07-30,9607.423828,2.089139,-0.2965304974062437,-0.45185006972100183,1.8479339879465022,-0.4358484339827261
2019-07-31,10085.62793,2.196838,-0.2615156997045103,-0.42456621612369483,1.9947502804803405,-0.4067653717697789
2019-08-01,10399.668945,2.181257,-0.2385211612547501,-0.4066486594967764,1.9735101143323752,-0.41097286851849457
2019-08-02,10518.174805,2.399795,-0.22984399036262348,-0.3998873278370514,2.2714231770141082,-0.3519588177854973
2019-08-03,10821.726562,2.425479,-0.20761749059211176,-0.3825682340389114,2.3064358480457714,-0.3450231046416674
2019-08-04,10970.18457,2.497683,-0.1967471799954822,-0.3740979876761569,2.404865021818167,-0.3255251202219084
2019-08-05,11805.65332,2.484375,-0.13557294676531617,-0.3264304604324756,2.386723430707383,-0.32911881553876265
2019-08-06,11478.168945,2.46067,-0.1595518275259492,-0.34511502567467345,2.35440855114012,-0.3355201190769378
2019-08-07,11941.96875,2.391855,-0.12559173333550155,-0.3186530067895247,2.2605992941301567,-0.35410293717352137
2019-08-08,11966.407227,2.289084,-0.12380231261594976,-0.31725867364637417,2.1205008976734105,-0.38185524115672276
2019-08-09,11862.936523,2.179155,-0.1313785875861212,-0.3231621770411365,1.970644648107934,-0.4115404930718479
2019-08-10,11354.024414,2.322569,-0.1686418700842658,-0.3521980707479888,2.1661479654780846,-0.3728129442161704
2019-08-11,11523.579102,2.396836,-0.15622682998973203,-0.34252415690078164,2.2673894403071038,-0.3527578668118403
2019-08-12,11382.616211,2.379978,-0.1665483372523704,-0.35056677063958464,2.24440845571546,-0.35731020492812615
2019-08-13,10895.830078,2.41308,-0.20219152370710336,-0.3783402705540023,2.2895334143079737,-0.3483713333938224
2019-08-14,10051.704102,2.271148,-0.26399965157719507,-0.426501734352713,2.096050373314903,-0.38669868263576546
2019-08-15,10311.545898,2.412745,-0.24497365852664788,-0.41167650493524277,2.2890767391485123,-0.3484617968692616
2019-08-16,10374.338867,2.321893,-0.24037586629226382,-0.40809386278313453,2.1652264359025746,-0.37299549140840016
2019-08-17,10231.744141,2.39339,-0.2508168588796176,-0.41622958058994697,2.262691820607092,-0.3536884254278517
2019-08-18,10345.810547,2.49964,-0.24246475124618327,-0.40972154122211446,2.4075328226750803,-0.3249966515012077
2019-08-19,10916.053711,2.505152,-0.20071071997637935,-0.3771864146174473,2.4150468330600097,-0.32350818977994966
2019-08-20,10763.232422,2.380463,-0.21190051633419738,-0.3859056072345525,2.245069612289606,-0.35717923541890795
2019-08-21,10138.049805,2.216314,-0.2576772940099674,-0.42157529497346946,2.0213001473629397,-0.40150606834394054
2019-08-22,10131.055664,2.229581,-0.25818941515486804,-0.4219743444970617,2.0393858468870434,-0.397923444676319
2019-08-23,10407.964844,2.253302,-0.23791372350165652,-0.4061753383921949,2.071722537805206,-0.39151782049454087
2019-08-24,10159.960938,2.185192,-0.256072929082519,-0.42032515901181033,1.9788743434442577,-0.4099102602323643
2019-08-25,10138.517578,2.085077,-0.25764304299267826,-0.4215486062646202,1.8423966312368538,-0.4369453373774558
2019-08-26,10370.820312,2.076848,-0.24063349999095474,-0.4082946133394192,1.8311787808272775,-0.43916749839056024
2019-08-27,10185.5,2.107181,-0.2542029219335171,-0.418868032178924,1.8725290125047205,-0.430976368239813
2019-08-28,9754.422852,1.900387,-0.28576701573349095,-0.4434630654418896,1.5906254813833307,-0.486819066568156
2019-08-29,9510.200195,1.783433,-0.30364935278009964,-0.4573971475437896,1.431192685563476,-0.5184013510652548
2019-08-30,9598.173828,1.80638,-0.2972077958179187,-0.45237782689564665,1.4624742523818681,-0.5122047380177751
2019-08-31,9630.664062,1.790231,-0.2948288137764975,-0.4505241021281452,1.4404597832769648,-0.5165656176143999
2019-09-01,9757.970703,1.775217,-0.2855072369392033,-0.4432606434073144,1.4199925568765055,-0.5206200015554316
2019-09-02,10346.760742,1.833489,-0.24239517659058518,-0.4096673280082159,1.4994294968530308,-0.5048842175530468
2019-09-03,10623.540039,1.854688,-0.22212899515895246,-0.393875732355794,1.5283281735856362,-0.4991596348192028
2019-09-04,10594.493164,1.785245,-0.2242558494618303,-0.3955329968619844,1.4336628210528612,-0.5179120381772069
2019-09-05,10575.533203,1.797884,-0.22564412529650257,-0.3966147542077937,1.4508924250541537,-0.5144989997710059
2019-09-06,10353.302734,1.731496,-0.2419161624510403,-0.4092940757688138,1.3603916773337805,-0.5324264302410487
2019-09-07,10517.254883,1.77696,-0.2299113483852684,-0.3999398138300907,1.4223686309151362,-0.5201493214429221
2019-09-08,10441.276367,1.830964,-0.23547460548885946,-0.4042747551206709,1.4959873930391803,-0.5055660691216564
2019-09-09,10334.974609,1.796893,-0.2432581743376867,-0.4103397838192503,1.4495414845078067,-0.5147666096341711
2019-09-10,10115.975586,1.80213,-0.25929360033079596,-0.4228347357790837,1.4566806122991482,-0.5133524089748409
2019-09-11,10178.37207,1.734827,-0.25472483930297984,-0.4192747150111257,1.3649325279492013,-0.5315269262509343
2019-09-12,10410.126953,1.707639,-0.2377554107458113,-0.4060519796314257,1.327869589932971,-0.538868779893453
2019-09-13,10360.546875,1.580933,-0.24138573594366208,-0.4088807625377988,1.1551427757397796,-0.5730844966666235
2019-09-14,10358.048828,1.565105,-0.24156864656694732,-0.40902328818394473,1.1335658968623008,-0.5773586933509616
2019-09-15,10347.712891,1.617525,-0.24232545886027412,-0.40961300330918016,1.2050253352472797,-0.5632031847463999
2019-09-16,10276.793945,1.581435,-0.2475182469125401,-0.413659271695099,1.155827106874256,-0.5729489364735771
2019-09-17,10241.272461,1.629438,-0.25011918147400336,-0.4156859439151024,1.2212652492015001,-0.5599861955436882
2019-09-18,10198.248047,1.809821,-0.2532694914486461,-0.41814069452844194,1.4671650560347236,-0.5112755296028897
2019-09-19,10266.415039,1.87587,-0.248278205458348,-0.41425143840931133,1.5572036757579104,-0.49343964276918695
2019-09-20,10181.641602,1.82775,-0.25448543942941004,-0.4190881724196953,1.491606037927213,-0.5064339784054233
2019-09-21,10019.716797,1.889405,-0.2663418084280341,-0.42832676459177277,1.5756547154095832,-0.48978464832121393
2019-09-22,10070.392578,1.8214,-0.2626312542678517,-0.4254354665373423,1.482949658038914,-0.5081487338353922
2019-09-23,9729.324219,1.807347,-0.28760477403253004,-0.44489506367319,1.4637924759018652,-0.5119436091200145
2019-09-24,8620.566406,1.735809,-0.36878962870032084,-0.5081550518628402,1.3662711996106673,-0.5312617467497959
2019-09-25,8486.993164,1.760189,-0.37857005514884745,-0.5157760504364695,1.3995062455440093,-0.5246781660596163
2019-09-26,8118.967773,1.658976,-0.40551740788185753,-0.5367736764420608,1.2615317293811166,-0.5520097473719685
2019-09-27,8251.845703,1.670161,-0.3957878931861113,-0.5291923487761738,1.2767792268694031,-0.5489893474531966
2019-09-28,8245.915039,1.687368,-0.39622214500312525,-0.5295307218006504,1.3002359715525458,-0.5443427652983188
2019-09-29,8104.185547,1.71722,-0.40659978390248674,-0.5376170738289496,1.3409304994935676,-0.536281524495889
2019-09-30,8293.868164,1.763507,-0.3927109476628713,-0.5267947644206082,1.4040293744368242,-0.5237821725924294
2019-10-01,8343.276367,1.839308,-0.38909320740172393,-0.5239757878130884,1.5073620125333473,-0.5033128534826548
2019-10-02,8393.041992,2.01666,-0.38544929618350665,-0.5211364185542307,1.7491299315805184,-0.4554206794644131
2019-10-03,8259.992188,1.951038,-0.39519139574273476,-0.5287275524619159,1.6596734022844664,-0.4731412591219588
2019-10-04,8205.939453,1.978818,-0.39914921537107917,-0.5318115220516917,1.697543360283984,-0.46563954166612664
2019-10-05,8151.500488,1.966004,-0.40313531532002267,-0.5349175279283391,1.6800751946322268,-0.4690998371117362
2019-10-06,7988.155762,2.188103,-0.4150956529930254,-0.5442371334512466,1.9828426460985629,-0.40912417313683047
2019-10-07,8245.623047,2.401859,-0.3962435250807276,-0.5295473813544818,2.274236841280163,-0.35140145476070117
2019-10-08,8228.783203,2.578111,-0.39747656287467925,-0.5305081757859302,2.5145052299529826,-0.3038063249901706
2019-10-09,8595.740234,2.803853,-0.37060743700989573,-0.5095715048781879,2.8222388533772835,-0.24284690447489055
2019-10-10,8586.473633,2.635488,-0.3712859509708608,-0.5101002092200605,2.5927220974885596,-0.28831222698933234
2019-10-11,8321.756836,2.772361,-0.3906688986629444,-0.5252035809893307,2.7793086619690475,-0.2513510112466353
2019-10-12,8336.555664,2.607123,-0.3895853070198039,-0.5243592363781595,2.5540546619717737,-0.2959719179769018
2019-10-13,8321.005859,2.497458,-0.390723886287734,-0.5252464278541678,2.4045582996961405,-0.32558587927257654
2019-10-14,8374.686523,2.539667,-0.3867933102374794,-0.5221836867119302,2.462098006578849,-0.3141877514074497
2019-10-15,8205.369141,2.394792,-0.39919097444262075,-0.5318440611057227,2.2646030402296735,-0.3533098290321327
2019-10-16,8047.526855,2.391249,-0.41074841548077634,-0.5408497258515433,2.2597731892148327,-0.3542665815499877
2019-10-17,8103.911133,2.424113,-0.4066198768934426,-0.5376327304729845,2.304573703962714,-0.3453919795892796
2019-10-18,7973.20752,2.358567,-0.416190184945883,-0.5450900028527415,2.2152207785834346,-0.36309203618971087
2019-10-19,7988.560547,2.359457,-0.41506601404842336,-0.54421403851201,2.216434034977228,-0.36285170038929004
2019-10-20,8222.078125,2.441464,-0.39796751840760436,-0.5308907328692873,2.3282267508039527,-0.3407065116419743
2019-10-21,8243.720703,2.632044,-0.3963828174666366,-0.529655919267416,2.58802720420741,-0.2892422455248934
2019-10-22,8078.203125,2.605548,-0.40850225451352107,-0.539099496491128,2.5519076071175895,-0.29639723133157914
2019-10-23,7514.671875,2.612499,-0.44976482970856824,-0.5712516759856222,2.5613832758740562,-0.2945201817262699
2019-10-24,7493.48877,2.751632,-0.45131588737028105,-0.5724602744337308,2.7510506936691193,-0.25694867507463925
2019-10-25,8660.700195,2.83809,-0.3658509744793267,-0.5058652253665773,2.8689110546742405,-0.2336015372849941
2019-10-26,9244.972656,2.751997,-0.3230696977419536,-0.4725296596108861,2.7515482651115173,-0.2568501103924442
2019-10-27,9551.714844,2.675462,-0.30060958998778153,-0.4550285363153991,2.6472150312924727,-0.2775176390275096
2019-10-28,9256.148438,2.671974,-0.3222513907800265,-0.4718920272722086,2.642460156796349,-0.27845953933297907
2019-10-29,9427.6875,2.670044,-0.30969105194404745,-0.4621048953043875,2.6398291625940784,-0.27898071696759963
2019-10-30,9205.726562,2.624211,-0.3259433536479692,-0.4747688388201061,2.5773491847325998,-0.291357470608822
2019-10-31,9199.584961,2.73793,-0.32639305057796286,-0.47511924681919326,2.7323719980424315,-0.26064876624021915
2019-11-01,9261.104492,2.720022,-0.3218885013203103,-0.4716092604552975,2.7079596435479982,-0.26548464659295645
2019-11-02,9324.717773,2.710366,-0.317230644651907,-0.4679798155417356,2.694796493280059,-0.2680921550074099
2019-11-03,9235.354492,2.671798,-0.3237739536555134,-0.4730784223198493,2.6422202319364527,-0.2785070664126129
2019-11-04,9412.612305,2.686752,-0.3107948795796355,-0.46296500798767615,2.662605665771038,-0.2744688848850926
2019-11-05,9342.527344,2.682662,-0.31592660204099754,-0.46696369350145495,2.6570301391973152,-0.27557334940612754
2019-11-06,9360.879883,2.740215,-0.314582802525873,-0.4659165925144063,2.7354869315927877,-0.2600317243256556
2019-11-07,9267.561523,2.690742,-0.3214157081483713,-0.4712408556512808,2.668044871401639,-0.2733914243865766
2019-11-08,8804.880859,2.716641,-0.35529385721214424,-0.49763902213727385,2.703350632461016,-0.26639765259433046
2019-11-09,8813.582031,2.803951,-0.3546567447823811,-0.49714257825069896,2.822372447901544,-0.2428204405328218
2019-11-10,9055.526367,2.782646,-0.33694122970275453,-0.4833384853654361,2.793329270969229,-0.24857364753053612
2019-11-11,8757.788086,2.750326,-0.3587420583315246,-0.5003258922804815,2.749270342151935,-0.2573013476087399
2019-11-12,8815.662109,2.817811,-0.35450443845529345,-0.4970238997546642,2.8412665306183653,-0.23907768301166155
2019-11-13,8808.262695,3.01829,-0.35504623427686377,-0.49744607206024993,3.1145613941815498,-0.18494028870540558
2019-11-14,8708.094727,3.063036,-0.36238067812844266,-0.5031611384150169,3.1755595633912836,-0.1728570687889669
2019-11-15,8491.992188,3.035152,-0.3782040193634285,-0.5154908319735265,3.1375478316109184,-0.180386870428219
2019-11-16,8550.760742,3.010331,-0.37390090063038717,-0.5121378021338506,3.1037116103184053,-0.1870895388577083
2019-11-17,8577.975586,2.931891,-0.3719081902936109,-0.5105850638443543,2.99678146253287,-0.2082714941217645
2019-11-18,8309.286133,2.82661,-0.3915820216180115,-0.525915094825127,2.853261410403742,-0.2367015990701975
2019-11-19,8206.145508,2.75657,-0.39913412772521784,-0.5317997656187596,2.757782221840524,-0.2556152164426414
2019-11-20,8027.268066,2.708266,-0.41223179338479343,-0.542005587607691,2.6919337534744803,-0.268659239480313
2019-11-21,7642.75,2.549667,-0.44038676369421115,-0.5639442003765619,2.47573010089113,-0.3114873491555302
2019-11-22,7296.577637,2.351865,-0.4657340060321199,-0.5836950055913732,2.206084548975344,-0.36490184577894724
2019-11-23,7397.796875,2.447424,-0.4583225866668933,-0.5779199592057968,2.3363514790140725,-0.3390970718998303
2019-11-24,7047.916992,2.25579,-0.48394129899477534,-0.5978822963427854,2.0751142028701017,-0.39084596041426334
2019-11-25,7146.133789,2.275065,-0.47674972271284033,-0.5922785537171221,2.1013900646570236,-0.3856409350736886
2019-11-26,7218.371094,2.276428,-0.4714604025030915,-0.5881570665829863,2.1032481191117878,-0.38527287024675194
2019-11-27,7531.663574,2.229166,-0.44852067287134023,-0.5702822174930108,2.038820114973084,-0.39803551136977366
2019-11-28,7463.105957,2.271925,-0.45354056099050977,-0.5741937606549894,2.0971095870429672,-0.3864888613807913
2019-11-29,7761.243652,2.34262,-0.43171048668954504,-0.5571835652421977,2.19348167778364,-0.36739836766084677
2019-11-30,7569.629883,2.242076,-0.4457407246785987,-0.5681160561990073,2.056419148730239,-0.39454929206254563
2019-12-01,7424.29248,2.167132,-0.45638254005252943,-0.5764082569749529,1.954254781116278,-0.4147871866993308
2019-12-02,7321.988281,2.094976,-0.4638734018352727,-0.5822452056256062,1.855891041396581,-0.4342722091882807
2019-12-03,7320.145508,2.129985,-0.4640083323461892,-0.582350344725281,1.9036156403744466,-0.4248183709445359
2019-12-04,7252.034668,2.048652,-0.46899550680563185,-0.5862363971016147,1.7927417277043691,-0.44678155258007235
2019-12-05,7448.307617,2.025807,-0.4546241169015828,-0.5750380774234038,1.7615992082479623,-0.4529506215245823
2019-12-06,7546.996582,2.092442,-0.44739796779408636,-0.569407395332915,1.852436668697849,-0.4349564911189171
2019-12-07,7556.237793,2.061192,-0.4467213129257347,-0.5688801396131682,1.80983637397197,-0.4433952481561654
2019-12-08,7564.345215,2.059006,-0.44612767573185597,-0.5684175720317225,1.8068563981553054,-0.44398555608843493
2019-12-09,7400.899414,2.091032,-0.45809541426290845,-0.577742944371541,1.8505145433998167,-0.4353372478364378
2019-12-10,7278.119629,2.270657,-0.4670855281403452,-0.5847481240942546,2.0953810374841697,-0.38683127238633475
2019-12-11,7217.427246,2.178049,-0.4715295124221469,-0.5882109176698808,1.9691369384769954,-0.4118391575609103
2019-12-12,7243.134277,2.119071,-0.4696472063394249,-0.5867442073943059,1.8887375726420226,-0.42776558996228087
2019-12-13,7269.68457,2.07731,-0.4677031553904083,-0.5852293849489358,1.8318085835845053,-0.43904273980652153
2019-12-14,7124.673828,2.010686,-0.4783210521722897,-0.5935029481371599,1.7409861184383622,-0.45703389976970965
2019-12-15,7152.301758,2.08684,-0.4762980950796555,-0.5919266412962858,1.844799969464109,-0.4364692564604423
2019-12-16,6932.480469,1.981583,-0.4923937285814971,-0.6044685075027101,1.7013126343613298,-0.4648928804434709
2019-12-17,6640.515137,1.756352,-0.513771853514226,-0.6211265397957437,1.3942756109563867,-0.5257143104036778
2019-12-18,7276.802734,1.880721,-0.46718195310162547,-0.5848232593142009,1.5638166047087982,-0.4921296776367807
2019-12-19,7202.844238,1.820493,-0.47259730141196776,-0.5890429487077081,1.4817132270847901,-0.5083936603196413
2019-12-20,7218.816406,1.923433,-0.47142779611278884,-0.5881316593826668,1.622042005935414,-0.48059571953838254
2019-12-21,7191.158691,1.873683,-0.4734529341063086,-0.5897096656016432,1.5542223367318146,-0.4940302207416817
2019-12-22,7511.588867,1.935425,-0.44999057202441484,-0.5714275764819992,1.6383896134347018,-0.4773573971578807
2019-12-23,7355.628418,1.87685,-0.4614102222289347,-0.5803258733382781,1.5585396210005138,-0.49317500334849884
2019-12-24,7322.532227,1.86312,-0.4638335733204796,-0.582214170879215,1.5398227555097521,-0.49688265564038414
2019-12-25,7275.155762,1.804758,-0.46730254677942795,-0.5849172270211673,1.4602631266844157,-0.5126427432630365
2019-12-26,7238.966797,1.8618,-0.46995235526749923,-0.5869819822559479,1.5380233190605304,-0.49723910873763766
2019-12-27,7290.088379,1.886506,-0.4662091589117252,-0.5840652491013865,1.5717027712684528,-0.4905674949340454
2019-12-28,7317.990234,1.874338,-0.4641661446334242,-0.5824733135162892,1.555115238909269,-0.49385334439418094
2019-12-29,7422.652832,1.902404,-0.45650259745643273,-0.5765018068123466,1.5933750748061177,-0.4862743954339439
2019-12-30,7292.995117,1.838974,-0.4659963233408544,-0.5838994056598391,1.5069067005833174,-0.503403046917869
2019-12-31,7193.599121,1.769471,-0.4732742422833027,-0.5895704272836195,1.4121595554846689,-0.5221716526893847
2020-01-01,7200.174316,1.80664,-0.47279279697195653,-0.5891952806527072,1.462828686833987,-0.5121345275592253
2020-01-02,6985.470215,1.741144,-0.48851374254897195,-0.6014451865692931,1.3735439219262697,-0.5298210821483968
2020-01-03,7344.884277,1.809708,-0.46219692381100075,-0.5809388784732128,1.467011013368995,-0.5113060441483364
2020-01-04,7410.656738,1.840133,-0.457380968852379,-0.5771862419124779,1.508486660314111,-0.5030900702968715
2020-01-05,7411.317383,1.807787,-0.45733259546760274,-0.5771485489245165,1.4643922880516058,-0.5118247914209301
2020-01-06,7769.219238,1.937466,-0.43112650271873676,-0.5567285195412792,1.6411719238838383,-0.47680624505826397
2020-01-07,8163.692383,2.114098,-0.4022426070909624,-0.5342219214354995,1.8819583321405249,-0.4291085000021604
2020-01-08,8079.862793,2.183606,-0.40838073121619045,-0.5390048044160438,1.9767122932863304,-0.41033854402951864
2020-01-09,7879.071289,2.186049,-0.4230829762688413,-0.5504609294802305,1.9800426139268206,-0.4096788357593747
2020-01-10,8166.554199,2.223959,-0.4020330607740644,-0.5340586410110115,2.0317218834646784,-0.3994416108223482
2020-01-11,8037.537598,2.283247,-0.41147984336184795,-0.5414196612084212,2.1125438442233317,-0.38343146595116817
2020-01-12,8192.494141,2.245193,-0.40013370061022235,-0.5325786420379985,2.060668272527377,-0.3937075766806224
2020-01-13,8144.194336,2.192453,-0.4036702823627314,-0.5353343791863981,1.9887726071244054,-0.40794949815724557
2020-01-14,8827.764648,2.389927,-0.35361827300211146,-0.49633339145318645,2.257971026346749,-0.35462357472769146
2020-01-15,8807.010742,2.404977,-0.35513790409074397,-0.4975175020254464,2.278487328286732,-0.35055946933855264
2020-01-16,8723.786133,2.484479,-0.3612317306299836,-0.5022658679180693,2.3868652044882306,-0.3290907313553427
2020-01-17,8929.038086,2.724109,-0.34620288503429963,-0.49055525269584066,2.713531080493427,-0.26438099219259703
2020-01-18,8942.808594,2.774105,-0.34519458847253137,-0.48976957870713755,2.781686099217109,-0.2508800610939006
2020-01-19,8706.245117,2.618951,-0.36251610925441213,-0.5032666675985622,2.57017870312434,-0.29277788219333156
2020-01-20,8657.642578,2.697299,-0.36607485762933845,-0.5060396771837736,2.6769834356422013,-0.271620770629993
2020-01-21,8745.894531,2.67355,-0.35961292167321857,-0.501004477035431,2.644608574859965,-0.27803395593807656
2020-01-22,8680.875977,2.645582,-0.36437367446820235,-0.5047140995606778,2.606482333487376,-0.28558644095624486
2020-01-23,8406.515625,2.462109,-0.3844627372396806,-0.5203676827180921,2.3563702095116574,-0.3351315311928865
2020-01-24,8445.43457,2.50439,-0.3816130356577818,-0.5181471689393508,2.414008067473414,-0.323713960431546
2020-01-25,8367.847656,2.456526,-0.38729406199496663,-0.5225738771038968,2.3487594112571113,-0.3366391657701331
2020-01-26,8596.830078,2.571582,-0.37052763705203917,-0.5095093240143778,2.505604835576494,-0.30556941762044887
2020-01-27,8909.819336,2.609652,-0.3476101097747728,-0.49165177520397096,2.5575022186233496,-0.2952889862473914
2020-01-28,9358.589844,2.655339,-0.31475048250180526,-0.46604725029953786,2.6197831679078694,-0.282951658479047
2020-01-29,9316.629883,2.785324,-0.31782285168442603,-0.4684412687282479,2.7969799458260574,-0.2478504798074721
2020-01-30,9508.993164,2.912988,-0.30373773334000687,-0.4574660144919268,2.971012714654365,-0.21337606449856783
2020-01-31,9350.529297,2.823791,-0.3153406874402196,-0.4665071434358419,2.8494185230171096,-0.2374628424650137
2020-02-01,9392.875,2.838953,-0.31224007366906725,-0.46409111656301705,2.870087504413391,-0.2333684925706534
2020-02-02,9344.365234,2.832581,-0.3157920290704209,-0.46685883300051345,2.861401133917605,-0.2350891888855765
2020-02-03,9293.521484,2.774659,-0.31951488216432333,-0.4697597144976322,2.7824413172420095,-0.25073045880914424
2020-02-04,9180.962891,2.741121,-0.32775658554370346,-0.4761817258515434,2.7367219993374805,-0.25978706788163164
2020-02-05,9613.423828,2.845629,-0.2960911687067789,-0.4515077407428538,2.87918829057627,-0.23156570402727195
2020-02-06,9729.801758,2.884682,-0.2875698079345611,-0.444867817766874,2.932425708494022,-0.22101982311285084
2020-02-07,9795.943359,3.308532,-0.2827268240099192,-0.44109411998630677,3.510222025920064,-0.1065632736652452
2020-02-08,9865.119141,3.414457,-0.2776616729531657,-0.4371473075255321,3.6546199849229044,-0.07795926281178844
2020-02-09,10116.673828,3.477313,-0.25924247403916734,-0.42279489770069034,3.7403058769321795,-0.06098561441712358
2020-02-10,9856.611328,3.411484,-0.27828462735659554,-0.43763271934729275,3.6505671632838625,-0.07876209240128407
2020-02-11,10208.236328,3.975559,-0.2525381350317094,-0.4175708148570776,4.41951952320387,0.0
2020-02-12,10326.054688,4.025119,-0.2439113038863966,-0.41084870839276544,4.487080182615536,0.0
2020-02-13,10214.379883,3.874435,-0.2520882950270028,-0.4172202953728533,4.281666332680357,-0.03743591183266881
2020-02-14,10312.116211,4.414373,-0.24493189938188487,-0.41164396582415697,5.01771490655881,0.0
2020-02-15,9889.424805,4.304661,-0.2758819769940407,-0.43576055200547725,4.86815447343991,-0.024853359695703126
2020-02-16,9934.433594,4.504171,-0.27258636820473137,-0.4331925832144691,5.140128387064234,0.0
2020-02-17,9690.142578,4.297009,-0.29047371059643445,-0.4471305655274719,4.857723194872152,-0.04599336925707309
2020-02-18,10141.996094,4.543797,-0.2573883410076204,-0.4213501401266617,5.194146923986079,0.0
2020-02-19,9633.386719,4.401326,-0.29462945688334763,-0.45036876139670223,4.999929113109577,-0.031355053933967425
2020-02-20,9608.475586,4.271369,-0.29645348616052847,-0.4517900618474353,4.822770505055463,-0.05995602356355256
2020-02-21,9686.441406,4.292058,-0.29074471577664385,-0.4473417352655903,4.850973944978141,-0.055402783178914006
2020-02-22,9663.181641,4.102937,-0.2924478294945284,-0.4486688171963257,4.593162414134846,-0.09702458098370148
2020-02-23,9924.515625,4.243481,-0.27331257627508176,-0.433758451246648,4.784753320437373,-0.06609362170008903
2020-02-24,9650.174805,3.913673,-0.29340020888520035,-0.44941092000912874,4.335155944342886,-0.13867785026487744
2020-02-25,9341.705078,3.513104,-0.3159868095497299,-0.4670106077480458,3.789096505685265,-0.2268351777159059
2020-02-26,8820.522461,3.600725,-0.3541485564347766,-0.4967465931990642,3.9085422792589055,-0.20755152573937607
2020-02-27,8784.494141,3.948595,-0.35678660226302705,-0.4988021828607292,4.382761944100235,-0.13099220761843
2020-02-28,8672.455078,4.16191,-0.3649902649025347,-0.5051945525189707,4.673554963922663,-0.08404578813710206
2020-02-29,8599.508789,4.108541,-0.3703314979487272,-0.5093564906144805,4.600801839787448,-0.09579125123767629
2020-03-01,8562.454102,3.879533,-0.3730446958568583,-0.5114706394705312,4.2886159743607575,-0.14619139015233296
2020-03-02,8869.669922,4.215007,-0.350549908080922,-0.49394249318194794,4.745937295092583,-0.07236018686574242
2020-03-03,8787.786133,4.583632,-0.3565455578356923,-0.4986143588178239,5.248450371679051,0.0
2020-03-04,8755.246094,4.644871,-0.35892818667142634,-0.5004709252011182,5.331931954038032,0.0
2020-03-05,9078.762695,4.721254,-0.3352398320759916,-0.4820127406287442,5.43605798002353,0.0
2020-03-06,9122.545898,4.678498,-0.3320339624705926,-0.47951469743823816,5.37777259758194,-0.009056068578390364
2020-03-07,8909.954102,4.344593,-0.3476002420128542,-0.49164408615279287,4.922590152447711,-0.07977986357014477
2020-03-08,8108.116211,4.089671,-0.4063119749852946,-0.5373928104638558,4.575078077820174,-0.13377441671217016
2020-03-09,7923.644531,4.063915,-0.41981925886237625,-0.5479178107491299,4.5399672557094615,-0.13922974701212865
2020-03-10,7909.729492,4.084932,-0.42083813819352156,-0.5487117309294232,4.568617828325584,-0.13477817545931647
2020-03-11,7911.430176,3.817517,-0.4207136116452015,-0.5486146986934444,4.204075178273714,-0.1914188476197214
2020-03-12,4970.788086,2.064779,-0.6360316891437352,-0.716392532321561,1.8147262062017853,-0.5626630128351493
2020-03-13,5563.707031,2.421135,-0.5926173043112516,-0.682563642893821,2.3005140662765164,-0.48718391342639056
2020-03-14,5200.366211,2.143518,-0.6192216459634317,-0.7032939914988303,1.9220639536072563,-0.5459854521701226
2020-03-15,5392.314941,2.109211,-0.6051668816442944,-0.6923423893992127,1.8752963276501138,-0.5532519538241323
2020-03-16,5014.47998,1.779877,-0.632832505315706,-0.7138996987504993,1.4263451128260285,-0.6230075738352565
2020-03-17,5225.629395,1.842805,-0.6173718390015883,-0.7018526048382496,1.5121291559143524,-0.6096789115773056
2020-03-18,5238.438477,1.8877,-0.6164339394455219,-0.7011217848462372,1.5733304433293394,-0.6001697854002348
2020-03-19,6191.192871,2.246666,-0.5466718813079535,-0.6467625451588976,2.0626762800195757,-0.5241378667616697
2020-03-20,6198.77832,2.2479,-0.5461164637339491,-0.6463297586580704,2.0643584804577113,-0.5238764955242823
2020-03-21,6185.066406,2.271615,-0.5471204699580814,-0.6471120895760827,2.0966869921192868,-0.5188534656258696
2020-03-22,5830.254883,1.988865,-0.5731002841172015,-0.6673558005933702,1.7112395254395332,-0.5787422155215542
2020-03-23,6416.314941,2.237793,-0.5301881169356323,-0.6339182437952873,2.0505805227362885,-0.5260172403348772
2020-03-24,6734.803711,2.307897,-0.5068679074159241,-0.6157469212643351,2.1461469567031055,-0.5111686429071598
2020-03-25,6681.062988,2.259675,-0.5108028810732389,-0.6188130890625891,2.0804102715104227,-0.5213824547461331
2020-03-26,6716.44043,2.295138,-0.5082124934758636,-0.6167946351343642,2.128753767570066,-0.51387110288919
2020-03-27,6469.79834,2.174971,-0.5262719849146942,-0.6308667575740285,1.9649409798476754,-0.5393234509306213
2020-03-28,6242.193848,2.136711,-0.542937515825146,-0.6438526931020712,1.912784587008887,-0.5474272301384335
2020-03-29,5922.042969,2.025168,-0.5663794273757441,-0.6621188469789467,1.7607281174214076,-0.5710529448320298
2020-03-30,6429.841797,2.15332,-0.5291976609265776,-0.6331464713299481,1.9354261324521547,-0.5439093088404056
2020-03-31,6438.644531,2.270344,-0.5285531119799185,-0.63264423284076,2.0949543529321955,-0.5191226737642161
2020-04-01,6606.776367,2.27826,-0.5162422551718331,-0.6230514995720888,2.105745518789797,-0.5174460005752709
2020-04-02,6793.624512,2.301709,-0.5025609630817892,-0.6123909104809722,2.1377114167426656,-0.5124793116405091
2020-04-03,6733.387207,2.305067,-0.5069716258926085,-0.6158277396588121,2.14228907401273,-0.5117680599264517
2020-04-04,6867.527344,2.326213,-0.4971496905702347,-0.608174396987505,2.17111550064548,-0.5072891651243504
2020-04-05,6791.129395,2.277325,-0.5027436591662263,-0.6125332689564671,2.104470917971599,-0.5176440411805847
2020-04-06,7271.78125,2.513414,-0.46754963344080935,-0.5851097592286187,2.426309669380817,-0.46763847062665975
2020-04-07,7176.414551,2.717985,-0.4745325214147964,-0.5905508899982883,2.7051827859365867,-0.42430866884094776
2020-04-08,7334.098633,3.139041,-0.4629866643029026,-0.581554251554744,3.2791702962117775,-0.3351255831607449
2020-04-09,7302.089355,3.321694,-0.4653304300486605,-0.5833805354595767,3.5281645884538886,-0.29643819205660193
2020-04-10,6865.493164,3.2171,-0.4972986361792143,-0.6082904567809665,3.3855810612040136,-0.3185920520268556
2020-04-11,6859.083008,3.282313,-0.49776799709568875,-0.6086561871398415,3.474480037842694,-0.3047794081826566
2020-04-12,6971.091797,3.462612,-0.4895665511623556,-0.6022655447595139,3.7202653350836945,-0.2665906134260093
2020-04-13,6845.037598,3.369805,-0.4987964223804804,-0.6094575456153364,3.593749957399705,-0.2862478909205055
2020-04-14,6842.427734,3.236892,-0.4989875204066304,-0.6096064509613739,3.4125617022668813,-0.3143999454382247
2020-04-15,6642.109863,3.129015,-0.5136550853642956,-0.6210355529754095,3.265502758454284,-0.3372491715124838
2020-04-16,7116.804199,3.468648,-0.4788972778179298,-0.5939519484794888,3.7284936672105875,-0.2653121395290319
2020-04-17,7096.18457,3.477046,-0.48040707694993257,-0.5951283979003823,3.739941900014041,-0.26353337481948647
2020-04-18,7257.665039,3.783459,-0.4685832428774761,-0.5859151572431106,4.157646991464946,-0.19863260904835878
2020-04-19,7189.424805,3.637568,-0.4735798917532087,-0.5898085921720774,3.9587670043336427,-0.22953350952945983
2020-04-20,6881.958496,3.458327,-0.4960930206969115,-0.6073510300678953,3.7144239826708825,-0.26749821128030815
2020-04-21,6880.323242,3.476279,-0.496212756365764,-0.6074443292063674,3.738896318380289,-0.26369583165828403
2020-04-22,7117.20752,3.678815,-0.4788677460695303,-0.5939289370685228,4.01499530374351,-0.2207970594253137
2020-04-23,7429.724609,3.72501,-0.4559847916910469,-0.5760983277799966,4.0779687634190935,-0.2110125826740099
2020-04-24,7550.900879,3.804795,-0.447112089506864,-0.5691846363325155,4.18673242788963,-0.19411347070079266
2020-04-25,7569.936035,3.803088,-0.44571830778526567,-0.5680985887487876,4.184405429390523,-0.19447502718557408
2020-04-26,7679.867188,3.716778,-0.4376689893722393,-0.5618264855366006,4.066746823381223,-0.21275618723330703
2020-04-27,7795.601074,3.641899,-0.4291947864355077,-0.5552233083813545,3.9646710643802923,-0.22861616850099575
2020-04-28,7807.058594,3.675325,-0.4283558502087257,-0.5545696015290694,4.010237702828523,-0.2215362698130624
2020-04-29,8801.038086,3.906069,-0.3555752306228823,-0.4978582708963314,4.324790099827827,-0.1726628137355033
2020-04-30,8658.553711,3.720477,-0.36600814315001695,-0.5059876926456324,4.0717893350673355,-0.2119727089455471
2020-05-01,8864.766602,3.783184,-0.35090893628069864,-0.49422225126946995,4.157272108871358,-0.19869085628521577
2020-05-02,8988.59668,3.822183,-0.34184191842697076,-0.48715714725851544,4.210435913479824,-0.19043055086635885
2020-05-03,8897.46875,3.722169,-0.34851443758894096,-0.49235643578478916,4.074095885424974,-0.21161432958277615
2020-05-04,8912.654297,3.7679,-0.3474025298199124,-0.49149002698693445,4.136436815924467,-0.20192813180566016
2020-05-05,9003.070312,3.687693,-0.3407821381064554,-0.48633135664974037,4.0270978770739525,-0.2189166268114362
2020-05-06,9268.761719,3.636458,-0.32132782805707416,-0.4711723786729046,3.95725384186498,-0.2297686165582279
2020-05-07,9951.518555,3.754018,-0.27133538258864187,-0.43221780367433105,4.117512742600159,-0.20486845232220086
2020-05-08,9842.666016,3.822109,-0.27930572332069414,-0.4384283667484453,4.210335035981913,-0.19044622466827665
2020-05-09,9593.896484,4.040321,-0.2975209891473659,-0.45262187002909793,4.507803692389065,-0.1442271481263242
2020-05-10,8756.430664,3.761325,-0.3588414507385055,-0.5004033397615109,4.127473713914142,-0.20332077028687723
2020-05-11,8601.795898,3.585065,-0.3701640325116432,-0.509226,3.8871944195658727,-0.24065407199019584
2020-05-12,8804.477539,3.692374,-0.3553233888873224,-0.4976620334911851,4.033479060421532,-0.21792515293606318
2020-05-13,9269.987305,3.760424,-0.32123808887316374,-0.4711024530724025,4.126245462216606,-0.20351160941563406
2020-05-14,9733.72168,3.799387,-0.2872827855621838,-0.44464416728476064,4.179360191285547,-0.19525892908960207
2020-05-15,9328.197266,3.674653,-0.31697587112949255,-0.46778129366120846,4.009321626090738,-0.22167860487912738
2020-05-16,9377.013672,3.760095,-0.3134014631027381,-0.4649960819307355,4.125796966313732,-0.20358129429172844
2020-05-17,9670.739258,3.784329,-0.29189444981991786,-0.44823761864551837,4.158832983670115,-0.1984483359717567
2020-05-18,9726.575195,3.885346,-0.2878060615556496,-0.4450519087693273,4.296540310784486,-0.17705211369691187
2020-05-19,9729.038086,3.922476,-0.2876257251056573,-0.44491138894277393,4.347156276965987,-0.16918767768054843
2020-05-20,9522.981445,4.071049,-0.30271349112342716,-0.4566679155017973,4.549692391791844,-0.1377187077839912
2020-05-21,9081.761719,3.847751,-0.33502023919039425,-0.481841631825184,4.245290452217465,-0.18501504049559714
2020-05-22,9182.577148,4.070282,-0.32763838730563466,-0.47608962469333027,4.5486468101580915,-0.13788116462278888
2020-05-23,9209.287109,3.955061,-0.3256826452341537,-0.4745656924174131,4.391576456282555,-0.16228590963333045
2020-05-24,8790.368164,3.836322,-0.3563564977821576,-0.49846704147886123,4.229710331627959,-0.18743579565937352
2020-05-25,8906.93457,3.869933,-0.3478213365239463,-0.4918163650368004,4.275529163820967,-0.1803167124666455
2020-05-26,8835.052734,3.836277,-0.35308462877811675,-0.49591757094768063,4.229648987203554,-0.18744532702540473
2020-05-27,9181.017578,3.857703,-0.327752581282272,-0.476178605694072,4.258857112477047,-0.1829071259457763
2020-05-28,9525.750977,4.025351,-0.3025107019748128,-0.45650990032521255,4.48739644720358,-0.14739791589268447
2020-05-29,9439.124023,3.986594,-0.30885365314804913,-0.4614523864323615,4.434562539277472,-0.15560696374310723
2020-05-30,9700.414062,4.168449,-0.289721617645219,-0.4465445277571747,4.682468990393463,-0.11708859552991646
2020-05-31,9461.058594,4.129938,-0.30724757205625775,-0.460200913219604,4.629970431987437,-0.12524553857936893
2020-06-01,10167.268555,4.380642,-0.25553785477038615,-0.41990822416842577,4.9717324892340535,-0.0721443921466628
2020-06-02,9529.803711,4.386834,-0.30221395491522995,-0.4562786722770582,4.980173482032219,-0.07083287618077738
2020-06-03,9656.717773,4.490729,-0.2929211232815204,-0.4490376120842129,5.121804125889665,-0.04882707009620746
2020-06-04,9800.636719,4.43302,-0.2823831693857659,-0.44082634113082675,5.04313467282292,-0.061050305702679886
2020-06-05,9665.533203,4.377437,-0.2922756447153332,-0.448534649226907,4.967363403006967,-0.07282323721621431
2020-06-06,9653.679688,4.342623,-0.2931435762701726,-0.44921094950647567,4.919904629868191,-0.0801971255941748
2020-06-07,9758.852539,4.349933,-0.28544266762869985,-0.44321033040451874,4.929869690810469,-0.07864880813444908
2020-06-08,9771.489258,4.45783,-0.2845173887414044,-0.4424893445541165,5.076955898811691,-0.05579534589750934
2020-06-09,9795.700195,4.450149,-0.2827446288305654,-0.4411079936669139,5.066485087170427,-0.05742224417495867
2020-06-10,9870.094727,4.420301,-0.2772973533320897,-0.43686342631368746,5.02579601206713,-0.06374429335934895
2020-06-11,9321.78125,3.971212,-0.31744566112366335,-0.4681473583613853,4.413593651806321,-0.15886499646068608
2020-06-12,9480.84375,4.090942,-0.3057988742472263,-0.45907207451360754,4.576810717007265,-0.13350520857382386
2020-06-13,9475.277344,4.114653,-0.30620645456533846,-0.4593896648599304,4.609133775831115,-0.12848302590794747
2020-06-14,9386.788086,3.955013,-0.31268576633762957,-0.4644384044046328,4.391511022229857,-0.16229607642376365
2020-06-15,9450.702148,3.933903,-0.3080058860483006,-0.46079179848234153,4.36273367113663,-0.16676734613304012
2020-06-16,9538.024414,4.048714,-0.30161202312228386,-0.4558096414674503,4.519245109145364,-0.14244944245744873
2020-06-17,9480.254883,4.163669,-0.30584199194277095,-0.4591056722200034,4.675952849312193,-0.11810103841055797
2020-06-18,9411.84082,4.16898,-0.31085136882992004,-0.4630090249329606,4.683192854601446,-0.11697612541074887
2020-06-19,9288.018555,4.079962,-0.31991781460445956,-0.4700736831745307,4.56184267745238,-0.13583086188542282
2020-06-20,9332.34082,4.17077,-0.31667247409782884,-0.46754488389342164,4.685632999483344,-0.11659698885084346
2020-06-21,9303.629883,4.18915,-0.31877473053326655,-0.4691829815142352,4.710688788829317,-0.11270395534745647
2020-06-22,9648.717773,4.467934,-0.29350689488080683,-0.44949405072174353,5.090729766904819,-0.05365523651131676
2020-06-23,9629.658203,4.806252,-0.2949024642308832,-0.4505814912420836,5.551928055259057,0.0
2020-06-24,9313.610352,4.719017,-0.3180439461222967,-0.46861354755520057,5.433008480525872,-0.018150317544731287
2020-06-25,9264.813477,4.814206,-0.3216169240609129,-0.4713976449477949,5.562771023075047,0.0
2020-06-26,9162.917969,4.680805,-0.3290778608960707,-0.4772112758030467,5.380917521739783,-0.02770986534435793
2020-06-27,9045.390625,4.426552,-0.3376833834279164,-0.48391677839904146,5.034317434221737,-0.08052293566166469
2020-06-28,9143.582031,4.563483,-0.3304936663118161,-0.47831448445255886,5.220983064849236,-0.052079823754945354
2020-06-29,9190.854492,4.61793,-0.32703230817654416,-0.47561736224111373,5.295205728751315,-0.040770170615881396
2020-06-30,9137.993164,4.569189,-0.33090289125691474,-0.47863335630741144,5.228761537863823,-0.05089458157793847
2020-07-01,9228.325195,4.698256,-0.3242886489737071,-0.4734794776630342,5.404706889524144,-0.024084968528559125
2020-07-02,9123.410156,4.846618,-0.3319706802467356,-0.4794653873452388,5.606955367160013,0.0
2020-07-03,9087.303711,4.744167,-0.3346144465007602,-0.48152543441547324,5.4672931977212595,-0.021138657926001225
2020-07-04,9132.488281,4.804558,-0.33130596677176405,-0.47894743646944715,5.549618778482557,-0.008678216438762099
2020-07-05,9073.942383,4.74217,-0.33559278230965406,-0.48228776270896334,5.464570868487097,-0.021550697826814624
2020-07-06,9375.474609,5.365053,-0.31351415552710205,-0.4650838929080846,6.3136908486387675,0.0
2020-07-07,9252.277344,5.712817,-0.32253483789544757,-0.47211289188109773,6.787766013280387,0.0
2020-07-08,9428.333008,6.475725,-0.3096437869123584,-0.4620680659553832,7.827769394039775,0.0
2020-07-09,9277.967773,6.104311,-0.320653747435237,-0.4706471288298054,7.3214543263496115,-0.05735481355369476
2020-07-10,9278.807617,6.138475,-0.32059225283985804,-0.4705992116734181,7.368027013358089,-0.05207911083314998
2020-07-11,9240.34668,6.119687,-0.32340841841192614,-0.4727935938837222,7.3424150345641745,-0.05498040759914913
2020-07-12,9276.5,7.309183,-0.3207612199024369,-0.470730872368346,8.96394720017231,0.0
2020-07-13,9243.614258,7.182291,-0.3231691616130695,-0.4726071627774291,8.79096682902491,-0.017360627035880705
2020-07-14,9243.213867,8.103465,-0.32319847882262076,-0.47263000701774405,10.04671991362705,0.0
2020-07-15,9192.836914,8.643123,-0.3268871523633692,-0.4755042554915274,10.782386788864759,0.0
2020-07-16,9132.227539,8.337706,-0.3313250586790567,-0.4789623130598506,10.36603945400736,-0.03533641717235758
2020-07-17,9151.392578,8.280393,-0.3299217667358796,-0.4778688550236777,10.287909831875382,-0.04196746939734619
2020-07-18,9159.040039,7.95928,-0.3293618085533233,-0.47743253043875167,9.850165561785422,-0.07911989682433074
2020-07-19,9185.817383,8.06519,-0.327401132600883,-0.4759047536372454,9.994543072646794,-0.06686622416457566
2020-07-20,9164.231445,7.272983,-0.32898168627892765,-0.47713633565356306,8.914599018761852,-0.15852371879932747
2020-07-21,9374.887695,7.281577,-0.31355713022115517,-0.46511737918639817,8.926314440613828,-0.15752940227739431
2020-07-22,9525.363281,7.466975,-0.3025390896380574,-0.4565320202544646,9.179050742744659,-0.13607905383274077
2020-07-23,9581.072266,7.874477,-0.2984599969832983,-0.45335355360301255,9.734561312388983,-0.08893151237116481
2020-07-24,9536.892578,7.432153,-0.30169489779526504,-0.4558742181776687,9.131581063930433,-0.14010792163897234
2020-07-25,9677.113281,7.657824,-0.291427734614093,-0.4478739498488047,9.439217899485117,-0.11399803057297686
2020-07-26,9905.166992,7.499005,-0.27472931123713373,-0.4348623842072231,9.222714340826897,-0.13237321741227093
2020-07-27,10990.873047,7.095583,-0.19523233971309595,-0.37291761014434877,8.672765665661982,-0.17904870727860744
2020-07-28,10912.823242,7.22346,-0.20094725960045134,-0.37737072847606545,8.847088798099142,-0.16425347643438593
2020-07-29,11100.467773,7.116083,-0.18720765497279868,-0.3666647017173503,8.700711459002157,-0.17667687941037047
2020-07-30,11111.213867,7.416992,-0.18642081038924097,-0.36605158515433334,9.110913445743583,-0.14186203297118416
2020-07-31,11323.466797,7.772912,-0.17087934310682484,-0.35394153038169684,9.5961069465063,-0.10068247322177404
2020-08-01,11759.592773,8.304459,-0.13894556680034076,-0.3290584370970503,10.320716830047317,-0.03918305917895648
2020-08-02,11053.614258,8.271776,-0.1906383372745163,-0.36933792103611573,10.276163056206487,-0.04296444699444868
2020-08-03,11246.348633,9.164759,-0.1765260468893639,-0.3583414940948252,11.493485903732877,0.0
2020-08-04,11205.892578,9.821836,-0.179488297894135,-0.3606497074228333,12.38921946717596,0.0
2020-08-05,11747.022461,9.558774,-0.1398659832708119,-0.3297756341073772,12.030610867778227,-0.026783383473313882
2020-08-06,11779.773438,10.140255,-0.13746790924887653,-0.3279070326924174,12.823291251058192,0.0
2020-08-07,11601.472656,10.063365,-0.15052335102714653,-0.33807995344325903,12.71847407789106,-0.0075826495487539836
2020-08-08,11754.045898,12.689207,-0.13935171703031468,-0.3293749131054944,16.298046657205994,0.0
2020-08-09,11675.739258,13.853205,-0.145085442748758,-0.33384268511439497,17.884819708736675,0.0
2020-08-10,11878.111328,13.441035,-0.13026746636190745,-0.32229638112626224,17.322945677467374,-0.029752681780136903
2020-08-11,11410.525391,13.10599,-0.1645047866269489,-0.3489744171278599,16.86620917358155,-0.05393805982081412
2020-08-12,11584.93457,16.621544,-0.1517342936628162,-0.33902353112340966,21.65864554237332,0.0
2020-08-13,11784.137695,17.326002,-0.13714835202355324,-0.3276580307525533,22.618969331877427,0.0
2020-08-14,11768.871094,16.926432,-0.13826619468398293,-0.32852906407257376,22.074271739441603,-0.02306186966849022
2020-08-15,11865.698242,19.098751,-0.13117637051669495,-0.32300460763393624,25.035597487877663,0.0
2020-08-16,11892.803711,18.804186,-0.12919166877600263,-0.3214581097164375,24.63404370176795,-0.015423259877046291
2020-08-17,12254.402344,16.705545,-0.10271489258197841,-0.30082716129400355,21.773156497805918,-0.12530693761073697
2020-08-18,11991.233398,16.241375,-0.12198450437959618,-0.3158422206880812,21.140395576112756,-0.14961062113433488
2020-08-19,11758.283203,16.239985,-0.13904145541450041,-0.32913315439036905,21.13850071500335,-0.14968340076269904
2020-08-20,11878.37207,16.091297,-0.1302483744546149,-0.322281504535859,20.9358078310929,-0.15746862190098188
2020-08-21,11592.489258,13.800856,-0.15118112845383236,-0.3385924996861984,17.813457058221314,-0.2773948411600319
2020-08-22,11681.825195,15.960192,-0.1446398216175523,-0.3334954530153478,20.757084258611734,-0.16433320692018027
2020-08-23,11664.847656,15.174676,-0.14588294163904947,-0.33446410361157075,19.686261439031142,-0.20546238861378952
2020-08-24,11774.595703,15.18336,-0.13784703051283043,-0.3282024474810292,19.698099549731925,-0.2050076991945703
2020-08-25,11366.134766,14.216811,-0.16775513255189567,-0.35150711667712675,18.380490837187807,-0.2556156682706634
2020-08-26,11488.363281,15.251755,-0.15880538346315132,-0.34453338957037716,19.791336258780774,-0.2014265749629387
2020-08-27,11323.397461,14.497711,-0.17088441998927573,-0.35394548633536826,18.76341636641979,-0.24090790020771513
2020-08-28,11542.5,15.156061,-0.15484141440455756,-0.34144462828778455,19.660885295468827,-0.20643705967997594
2020-08-29,11506.865234,16.567078,-0.15745064363830974,-0.343477763793005,21.584396977492048,-0.13255699286304123
2020-08-30,11711.505859,16.472963,-0.1424665603651568,-0.331802027785702,21.456098521872015,-0.1374848020166345
2020-08-31,11680.820312,15.708488,-0.1447134006078029,-0.3335527864437725,20.41395899193389,-0.1775122886308116
2020-09-01,11970.478516,16.121492,-0.12350420693236386,-0.31702638694585505,20.976969939868834,-0.15588762846324344
2020-09-02,11414.03418,14.897397,-0.16424786800893776,-0.348774223769042,19.308272091149636,-0.21998056312687675
2020-09-03,10245.296875,12.016678,-0.24982450804588208,-0.41545633165972495,15.381248781631573,-0.370813410782726
2020-09-04,10511.813477,12.492866,-0.23030977602214164,-0.40025027232270216,16.030392754269233,-0.34588047145072476
2020-09-05,10169.567383,10.611472,-0.2553695312511306,-0.41977706492839617,13.465658709613216,-0.44438921686554267
2020-09-06,10280.351562,12.913729,-0.2472577530375727,-0.41345629246305704,16.604117165124197,-0.3238443184059523
2020-09-07,10369.563477,12.426577,-0.2407255272719534,-0.4083663218462943,15.940026964282552,-0.34935132669146796
2020-09-08,10131.516602,11.785032,-0.2581556646061891,-0.4219480457579734,15.065466769725301,-0.38294226674822873
2020-09-09,10242.347656,12.377293,-0.2500404541371666,-0.4156245988474925,15.872842550673901,-0.35193180957225945
2020-09-10,10363.138672,12.551313,-0.2411959608094476,-0.4087328880013693,16.110068255896223,-0.34282021897662307
2020-09-11,10400.915039,12.501497,-0.23842992044534495,-0.406577563815827,16.042158614870164,-0.34542855708208353
2020-09-12,10442.170898,12.769031,-0.23540910663204928,-0.4042237178068123,16.406863486844347,-0.33142062535921857
2020-09-13,10323.755859,11.993546,-0.24407962747887357,-0.41097986768984995,15.349715021068402,-0.3720245894613736
2020-09-14,10680.837891,12.119579,-0.21793356335873793,-0.39060661316825473,15.521524395314376,-0.3654255715465373
2020-09-15,10796.951172,10.978154,-0.20943158057001743,-0.3839817896958978,13.96552307027481,-0.4251899509030721
2020-09-16,10974.905273,10.761816,-0.19640152327722393,-0.3738286487704684,13.67060906834178,-0.43651728848656124
2020-09-17,10948.990234,10.98888,-0.1982990600072989,-0.37530722690705764,13.980144854634164,-0.42462834349743606
2020-09-18,10944.585938,10.081642,-0.19862154894625528,-0.3755585132652479,12.743389456665618,-0.47213082153906294
2020-09-19,11094.34668,10.147277,-0.1876558502772976,-0.36701393963599016,12.832863707684277,-0.4686942093752623
2020-09-20,10938.271484,9.768122,-0.19908390242353025,-0.3759187833628116,12.315996035786975,-0.48854655469355035
2020-09-21,10462.259766,8.759941,-0.23393817059002264,-0.4030775508643807,10.941634188201968,-0.5413343521783178
2020-09-22,10538.459961,8.764185,-0.2283586818286366,-0.3987299617162092,10.947419649028099,-0.5411121386943052
2020-09-23,10246.186523,7.702259,-0.2497593667294118,-0.4154055729445998,9.499792110561739,-0.5967139945434128
2020-09-24,10760.066406,9.817477,-0.21213233661615805,-0.3860862437382324,12.38327723726524,-0.4859623542921734
2020-09-25,10692.716797,10.711364,-0.21706377263806376,-0.38992886420950534,13.601832426117458,-0.43915892719895666
2020-09-26,10750.723633,10.341659,-0.21281642800140554,-0.38661929406059226,13.097847083345261,-0.45851647576325805
2020-09-27,10775.269531,10.76908,-0.21101914176048286,-0.3852188320305814,13.680511421650221,-0.43613694947905224
2020-09-28,10709.652344,10.333558,-0.2158237273316912,-0.38896260945969074,13.086803723742882,-0.4589406396261201
2020-09-29,10844.640625,10.115016,-0.20593968967590426,-0.38126087607690995,12.788885208223427,-0.4703833774260945
2020-09-30,10784.491211,9.85121,-0.21034391698026944,-0.38469269064871336,12.429262381008858,-0.48419611313849786
2020-10-01,10619.452148,9.649905,-0.2224283164650498,-0.39410896628059566,12.15484150645548,-0.49473633118731164
2020-10-02,10575.974609,9.224705,-0.2256118049091832,-0.3965895698636389,11.575204856297278,-0.5169995671444693
2020-10-03,10549.329102,9.304493,-0.22756282756533175,-0.3981098247275632,11.68397261039611,-0.5128219117574756
2020-10-04,10669.583008,9.40491,-0.21875766221057436,-0.3912487586010156,11.820862011851743,-0.5075641333823349
2020-10-05,10793.339844,9.623703,-0.20969600724228088,-0.38418783339989726,12.11912269293844,-0.49610825336169884
2020-10-06,10604.40625,8.779272,-0.2235299989318198,-0.39496740742853886,10.96798638971704,-0.540322191749607
2020-10-07,10668.96875,8.95785,-0.21880263907195363,-0.3912838049865921,11.211425603526896,-0.5309719468042701
2020-10-08,10915.685547,9.508818,-0.20073767747826443,-0.3772074201517659,11.962510377431796,-0.5021235681851657
2020-10-09,11064.458008,10.346902,-0.18984434217704604,-0.3687192327266503,13.104994390393191,-0.45824195519382394
2020-10-10,11296.361328,10.524793,-0.17286404484751705,-0.35548802829919546,13.347497079323796,-0.44892768118711
2020-10-11,11384.181641,10.847407,-0.16643371419803665,-0.35047745529754093,13.787287526770026,-0.4320357912410083
2020-10-12,11555.363281,11.452909,-0.1538995463191275,-0.34071071598105784,14.61271356379752,-0.4003320426555642
2020-10-13,11425.899414,10.995448,-0.1633790783719269,-0.3480972548639243,13.98909841417847,-0.42428444666355414
2020-10-14,11429.506836,10.949109,-0.16311493770264662,-0.34789143401608946,13.925928652344789,-0.4267107309792143
2020-10-15,11495.349609,10.737752,-0.15829383439743883,-0.3441347858161693,13.637804796588705,-0.4377772661678242
2020-10-16,11322.123047,10.61955,-0.17097773443014253,-0.3540181978090946,13.47667071539868,-0.44396625726991257
2020-10-17,11358.101562,10.652524,-0.16834333539620483,-0.3519654497632224,13.521621183183994,-0.4422397569348907
2020-10-18,11483.359375,10.880713,-0.1591717767156886,-0.3448188865749986,13.83269058008651,-0.4302919075702909
2020-10-19,11742.037109,10.886283,-0.14023101797256765,-0.33006007251668845,13.840283656618452,-0.43000026546238546
2020-10-20,11916.334961,9.878593,-0.12746867653278904,-0.3201155382552633,12.466591144864179,-0.4827623544597236
2020-10-21,12823.689453,10.804607,-0.06103086504546906,-0.268346582244537,13.728942163113462,-0.4342767754812866
2020-10-22,12965.891602,11.939335,-0.05061861751525709,-0.2602332628516004,15.275814074592095,-0.3748630473270216
2020-10-23,12931.539062,12.163795,-0.05313396030217599,-0.26219324117076515,15.58180006352556,-0.36311044633232825
2020-10-24,13108.0625,12.731548,-0.04020865822857622,-0.25212172647914644,16.355766307733624,-0.3333832144311426
2020-10-25,13031.173828,12.160059,-0.0458385582741323,-0.25650859656529923,15.576707113090492,-0.36330606121834874
2020-10-26,13075.248047,11.747902,-0.04261138005526621,-0.2539939495064758,15.014850803543801,-0.38488637293611505
2020-10-27,13654.21875,11.973837,-0.00021830572572922868,-0.22096087465053915,15.322847526388326,-0.37305654176024394
2020-10-28,13271.285156,11.461742,-0.028257258697964027,-0.24280908563929937,14.624754792703557,-0.39986955167906013
2020-10-29,13437.882812,11.265141,-0.016058736773902793,-0.23330388474924402,14.356746455314678,-0.41016347089922267
2020-10-30,13546.522461,11.098557,-0.008103984156322075,-0.22710546807782273,14.12965757542297,-0.41888571666283314
2020-10-31,13780.995117,11.220839,0.009064443680434797,-0.21372767062246822,14.296353551092409,-0.41248309902569025
2020-11-01,13737.109375,11.53663,0.005851066020783335,-0.21623156415815603,14.726842820589372,-0.3959484575719113
2020-11-02,13550.489258,10.797579,-0.007813529528480356,-0.22687914315056767,13.719361527230792,-0.43464475765980715
2020-11-03,13950.300781,10.387002,0.02146124987662601,-0.20406796479717004,13.15965908858544,-0.4561423414546846
2020-11-04,14133.707031,10.472587,0.034890521424329135,-0.193603752439094,13.2763293677571,-0.4516611583658009
2020-11-05,15579.848633,10.990669,0.1407791062991004,-0.11109438962743201,13.98258363630663,-0.4245346724505702
2020-11-06,15565.880859,12.118072,0.1397563656347942,-0.1118913185941689,15.519470038701517,-0.36550447722995083
2020-11-07,14833.753906,11.757224,0.08614896861735577,-0.1536626972100188,15.02755864186171,-0.3843982781910712
2020-11-08,15479.567383,12.656035,0.13343636777523282,-0.11681591926741597,16.252826273953293,-0.3373370331913328
2020-11-09,15332.31543,12.520735,0.12265436627437531,-0.12521735436754722,16.068384037908128,-0.3444212660817454
2020-11-10,15290.902344,13.003463,0.11962204007217458,-0.12758017093626972,16.72644340022602,-0.3191458959803183
2020-11-11,15701.339844,12.807538,0.14967486891993986,-0.10416272927483305,16.45935659241265,-0.32940442021575134
2020-11-12,16276.34375,12.423223,0.1917774886216348,-0.07135597934615168,15.935454759850213,-0.34952694026954956
2020-11-13,16317.808594,12.887978,0.19481360461964004,-0.06899020973355396,16.569013159060642,-0.3251926264707048
2020-11-14,16068.138672,12.57696,0.17653241093168281,-0.08323508461231244,16.14503048817893,-0.3414773562941368
2020-11-15,15955.587891,12.121813,0.1682912795582696,-0.08965665025389402,15.524569805183742,-0.3653086005467059
2020-11-16,16716.111328,12.59079,0.22397790830655673,-0.04626511507959152,16.163883674612816,-0.34075322517163553
2020-11-17,17645.40625,13.244712,0.29202222989014337,0.0,17.055316312300377,-0.30651423226576435
2020-11-18,17804.005859,13.592996,0.30363512321640984,0.0,17.530100345846233,-0.2882782753699443
2020-11-19,17817.089844,13.621882,0.3045931515687208,0.0,17.56947801347669,-0.286765820445536
2020-11-20,18621.314453,14.078273,0.36347964349364936,0.0,18.191634529004325,-0.26286944104355314
2020-11-21,18642.232422,15.355934,0.3650112875130189,0.0,19.933354054116688,-0.19597182035621075
2020-11-22,18370.001953,14.444801,0.3450781778629408,-0.01460288997785153,18.69128895541351,-0.2436782384355919
2020-11-23,18364.121094,15.270844,0.34464757284023984,-0.014918348924337965,19.81735856361349,-0.20042708551988553
2020-11-24,19107.464844,15.620665,0.39907627999737305,0.0,20.294237850055143,-0.18211065215730593
2020-11-25,18732.121094,14.260965,0.3715930664074152,-0.019643827847620643,18.440681986414255,-0.253303789342036
2020-11-26,17150.623047,12.575363,0.25579348637497223,-0.10241242430517783,16.142853442717257,-0.34156097432758825
2020-11-27,17108.402344,12.490259,0.2527020252850587,-0.10462206872136326,16.02683886728202,-0.3460169725234912
2020-11-28,17717.414062,13.078346,0.2972947462896878,-0.07274909535874363,16.828524612064676,-0.31522506367039393
2020-11-29,18177.484375,13.372918,0.3309817616684647,-0.048671054825571214,17.23008794064041,-0.2998014372772334
2020-11-30,19625.835938,14.225639,0.4370321630919023,0.0,18.39252525004669,-0.25515343909138355
2020-12-01,18802.998047,13.389535,0.3767827796713352,-0.04192625952848217,17.25274039175913,-0.2989313803818898
2020-12-02,19201.091797,13.987366,0.405931781246764,-0.02164209169697584,18.06770924923967,-0.2676292810980153
2020-12-03,19445.398438,13.974721,0.4238202677236218,-0.009193875897567927,18.050471465981794,-0.2682913662783498
2020-12-04,18699.765625,12.741245,0.3692239520546914,-0.04718628627720878,16.368985349588243,-0.332875484894274
2020-12-05,19154.230469,13.173038,0.40250052686585813,-0.024029828359406036,16.95760963952653,-0.31026704311711273
2020-12-06,19345.121094,13.492397,0.4164778152027373,-0.0143033318370136,17.392962840274116,-0.2935455831640509
2020-12-07,19191.630859,13.080949,0.4052390376488877,-0.022124157175862358,16.832073046214163,-0.31508877203540686
2020-12-08,18321.144531,12.145714,0.341500766585197,-0.0664782591234152,15.557151873799523,-0.36405715745495604
2020-12-09,18553.916016,12.63339,0.3585446322147876,-0.054617796937990515,16.221956396383135,-0.33852271282033053
2020-12-10,18264.992188,11.922199,0.33738921061484817,-0.06933940313671438,15.25245411777857,-0.37576027877425067
2020-12-11,18058.904297,11.660106,0.32229915642676876,-0.07984024965612135,14.895166468319696,-0.3894833227575981
2020-12-12,18803.65625,12.209157,0.37683097424933076,-0.041892721950664846,15.64363796974493,-0.3607353171943024
2020-12-13,19142.382812,12.933703,0.4016330242422723,-0.02463350491297689,16.631345910303548,-0.32279849085419254
2020-12-14,19246.644531,12.827553,0.40926721847764513,-0.019321032143441053,16.48664122917868,-0.32835644592675195
2020-12-15,19417.076172,12.705471,0.4217464703423426,-0.010636987217232052,16.320217895395487,-0.33474859167492166
2020-12-16,21310.597656,13.451087,0.5603928588380778,0.0,17.33664865867008,-0.2957085518314785
2020-12-17,22805.162109,13.467133,0.6698270350718838,0.0,17.358522717203567,-0.2948683921791535
2020-12-18,23137.960938,13.511193,0.6941950478598811,0.0,17.41858572474348,-0.29256143503834353
2020-12-19,23869.832031,13.492187,0.7477837104371452,0.0,17.392676566293556,-0.29355657864747287
2020-12-20,23477.294922,13.070074,0.7190415741723704,-0.016444904534318017,16.817248143649557,-0.3156581809983281
2020-12-21,22803.082031,12.341995,0.6696747287447962,-0.04469030190973278,15.824723984170415,-0.3537799932571507
2020-12-22,23783.029297,12.793933,0.7414278883974434,-0.0036365037628781627,16.440810128100793,-0.33011677046315746
2020-12-23,23241.345703,10.831312,0.7017650302518685,-0.02632973399996197,13.76534667097441,-0.43287851650613174
2020-12-24,23735.949219,11.575454,0.7379806168243694,-0.005608871140196037,14.779768063547372,-0.39391565448442145
2020-12-25,24664.791016,11.546685,0.8059917599384652,0.0,14.74054989142037,-0.39542198335378054
2020-12-26,26437.037109,10.964874,0.935758188466681,0.0,13.9474196490281,-0.4258852843308968
2020-12-27,26272.294922,12.129708,0.9236955266730644,-0.006231492066254174,15.535332343643287,-0.36489522272948627
2020-12-28,27084.808594,12.628381,0.9831889558092546,0.0,16.21512808034211,-0.33878498127966594
2020-12-29,27362.4375,11.771125,1.0035173468437248,0.0,15.046508616165209,-0.3836704295479846
2020-12-30,28840.953125,11.253575,1.1117764046220016,0.0,14.340979575033092,-0.41076906023854654
2020-12-31,29001.720703,11.270538,1.1235480397818098,0.0,14.364103696615016,-0.40988088697527914
2021-01-01,29374.152344,11.872555,1.1508180245284891,0.0,15.184778948774682,-0.3783596110551941
2021-01-02,32127.267578,12.220137,1.352405113733489,0.0,15.658606009299813,-0.3601604104896703
2021-01-03,32782.023438,13.650172,1.4003472871402831,0.0,17.608043208286134,-0.2852845717502679
2021-01-04,31971.914062,13.571063,1.3410299040432276,-0.024712000390462174,17.500201073391107,-0.2894266750741973
2021-01-05,33992.429688,14.539868,1.488974987746381,0.0,18.820885186412074,-0.2387005830904858
2021-01-06,36824.363281,17.155256,1.6963332714769508,0.0,22.38620677433295,-0.10176031930046103
2021-01-07,39371.042969,16.031967,1.882804850690702,0.0,20.854928615538135,-0.16057510776490036
2021-01-08,40797.609375,15.288085,1.987260111332065,0.0,19.840861657417292,-0.19952435633094534
2021-01-09,40254.546875,17.607513,1.9474962876898796,-0.013311135341493308,23.00272778207189,-0.07808039384355547
2021-01-10,38356.441406,16.247431,1.808514253166075,-0.059836054278609385,21.14865117242827,-0.14929353233622455
2021-01-11,35566.65625,14.556933,1.60424213910412,-0.12821714814019047,18.844148355355983,-0.2378070691638421
2021-01-12,33922.960938,13.915849,1.48388838514789,-0.1685061586283204,17.97021660034653,-0.2713738715165196
2021-01-13,37316.359375,15.930091,1.7323579388300825,-0.08532975469227477,20.716050291522336,-0.1659092785701013
2021-01-14,39187.328125,17.82625,1.869352983442885,-0.03946999039082788,23.30091212343044,-0.06662744595183201
2021-01-15,36825.367188,20.709726,1.6964067790030661,-0.09736458208833476,27.231693801350396,0.0
2021-01-16,36178.140625,20.218397,1.6490159116394207,-0.11322890779062955,26.56190947471451,-0.023724553381343605
2021-01-17,35791.277344,23.166773,1.6206892212873507,-0.12271140656755697,30.581163444721177,0.0
2021-01-18,36630.074219,22.036263,1.6821071446555012,-0.10215145494661715,29.040041550623467,-0.048798768822917116
2021-01-19,36069.804688,20.754093,1.6410833972548353,-0.11588435595682511,27.292175314185695,-0.10414398241826772
2021-01-20,35547.75,21.846777,1.6028577960667438,-0.1286805637738424,28.78173244833777,-0.05697798307947333
2021-01-21,30825.699219,18.424273,1.2571023913294845,-0.24442388435903306,24.116142717121775,-0.2047112906057309
2021-01-22,33005.761719,21.629498,1.4167297284756541,-0.19098784892956733,28.48553566632996,-0.06635688967125453
2021-01-23,32067.642578,24.761532,1.348039284782557,-0.2139823124623954,32.755153954057114,0.0
2021-01-24,32289.378906,24.701859,1.364275140216615,-0.20854728008189816,32.67380715766744,-0.002409907432221914
2021-01-25,32366.392578,23.540121,1.3699141929434093,-0.2066595794744407,31.090114959451334,-0.0493269560219457
2021-01-26,32569.849609,23.025864,1.384811611747777,-0.20167259533206405,30.389074966976253,-0.07009533981984639
2021-01-27,30432.546875,21.070448,1.2283152066659735,-0.25406053586932753,27.72343343380187,-0.1490652516976736
2021-01-28,33466.097656,23.110903,1.450436193228842,-0.17970444423865217,30.505000933798463,-0.06666102081244407
2021-01-29,34316.386719,22.773443,1.5126955912650004,-0.15886280483805915,30.044972279136218,-0.08028941827993519
2021-01-30,34269.523438,23.594028,1.5092641938826028,-0.1600114819717915,31.163601490260554,-0.04714990978748801
2021-01-31,33114.359375,22.598434,1.424681406304889,-0.18832598570611714,29.806398359786414,-0.0873571958310172
2021-02-01,33537.175781,22.839642,1.4556406365982832,-0.17796223124899713,30.13521538027409,-0.07761595688021228
2021-02-02,35510.289062,23.713614,1.600114851871365,-0.12959877782054474,31.3266222533034,-0.04232040246944335
2021-02-03,37472.089844,25.073034,1.7437607495655518,-0.08151260777151847,33.17979641830354,0.0
2021-02-04,36926.066406,24.498962,1.7037801217499102,-0.09489631937533105,32.397216053699545,-0.022895992563165657
2021-02-05,38144.308594,26.363325,1.7929815810977794,-0.06503569257236652,34.93873327853232,0.0
2021-02-06,39266.011719,25.04933,1.8751143102797583,-0.037541357924234964,33.147482901945715,-0.04984177830376091
2021-02-07,38903.441406,24.790121,1.8485663862672843,-0.04642840592911579,32.7941267484865,-0.059673959942457944
2021-02-08,46196.464844,25.456102,2.3825721366311132,0.0,33.701998328705244,-0.03441231331783823
2021-02-09,46481.105469,27.594215,2.40341393589713,0.0,36.61669413533671,0.0
2021-02-10,44918.183594,26.859596,2.2889745301123194,-0.03362488605272895,35.61525458617733,-0.02662221048868385
2021-02-11,47909.332031,27.874239,2.5079907555678913,0.0,36.998425493106936,0.0
2021-02-12,47504.851562,30.640739,2.47837410916711,-0.008442623844938435,40.769744384599555,0.0
2021-02-13,47105.515625,34.101978,2.4491341528584805,-0.01677786710697371,45.48813803313418,0.0
2021-02-14,48717.289062,33.290321,2.567150540843339,0.0,44.38167955581184,-0.023800877474028148
2021-02-15,47945.058594,32.575897,2.510606706311081,-0.015851261079351642,43.407770021116114,-0.04475051271219532
2021-02-16,49199.871094,31.97348,2.6024858969272806,0.0,42.58654948518396,-0.062415675712417684
2021-02-17,52149.007812,32.256798,2.8184259634044273,0.0,42.97277125482066,-0.054107711875246656
2021-02-18,51679.796875,32.441494,2.7840696582832805,-0.008997504587077376,43.22455058393076,-0.04869172104914277
2021-02-19,55888.132812,34.71521,3.092210117302158,0.0,46.32410167906506,0.0
2021-02-20,56099.519531,34.109818,3.107688159359225,0.0,45.498825595075,-0.017438811402840537
2021-02-21,57539.945312,34.15274,3.213158223532946,0.0,45.557337270282176,-0.01620240810872231
2021-02-22,54207.320312,31.530806,2.9691385890239568,-0.05791845963581366,41.983092113424476,-0.09172936012773658
2021-02-23,48824.425781,25.800343,2.574995246747205,-0.151469027016652,34.17127090652065,-0.25680003087983616
2021-02-24,49705.332031,28.08672,2.639496479607693,-0.13615955382853118,37.288081596263716,-0.19093907252757503
2021-02-25,47093.851562,24.668047,2.44828009325377,-0.18154507609205983,32.62771432037876,-0.2894167426900197
2021-02-26,46339.761719,25.187313,2.3930645415863,-0.19465057765121296,33.33558262889486,-0.2744588611159201
2021-02-27,46188.453125,26.235098,2.381985506949655,-0.19728020465519347,34.76393302279423,-0.2442765577393885
2021-02-28,45137.769531,24.663532,2.3050529307994814,-0.2155402775194074,32.62155942979676,-0.2895468009555465
2021-03-01,49631.242188,27.607061,2.634071513879569,-0.13744717832310205,36.63420592369027,-0.20475604209221254
2021-03-02,48378.988281,28.511183,2.5423796671525616,-0.15921038821511502,37.8667135610711,-0.17871206885973034
2021-03-03,50538.242188,29.990028,2.7004833689486674,-0.12168421582666666,39.882689012395666,-0.13611272983801626
2021-03-04,48561.167969,27.718739,2.55571912805222,-0.15604424533798555,36.78644642655096,-0.2015390660174603
2021-03-05,48927.304688,27.875414,2.5825281894829835,-0.1496810707292041,37.000027264188624,-0.19702591457750074
2021-03-06,48912.382812,28.165104,2.5814355880868747,-0.14994040145882304,37.3949354043211,-0.18868115733708657
2021-03-07,51206.691406,28.548212,2.74942818988237,-0.11006708247043118,37.91719184310005,-0.1776454182475059
2021-03-08,52246.523438,31.69816,2.8255661989291063,-0.09199560140868013,42.21123066457823,-0.08690859136384299
2021-03-09,54824.117188,31.499252,3.0143013505851295,-0.04719900426171619,41.9400774030315,-0.0926382988897374
2021-03-10,56008.550781,29.946716,3.1010272955876514,-0.02661445927166417,39.82364568551031,-0.1373603674009174
2021-03-11,57805.121094,30.075174,3.232574778772217,0.0,39.998760842627014,-0.13366002971031998
2021-03-12,57332.089844,28.461523,3.1979387447940972,-0.00818320662681038,37.79901658071631,-0.1801425657514386
2021-03-13,61243.085938,29.779226,3.4843075493922635,0.0,39.59532173787392,-0.142185053755976
2021-03-14,59302.316406,28.789425,3.342201590316514,-0.03168961038254592,38.24601567963488,-0.17069708061682465
2021-03-15,55907.199219,27.491762,3.0936061872672873,-0.08712635291438164,36.477029239479094,-0.20807732403174284
2021-03-16,56804.902344,27.917419,3.159337311669246,-0.0724683207259188,37.057288876347364,-0.19581592621793154
2021-03-17,58870.894531,31.00976,3.3106122551057764,-0.038734028024020706,41.272797292120785,-0.10673851605679463
2021-03-18,57858.921875,29.504812,3.2365141499633703,-0.0552578958288612,39.22123798501288,-0.15008977332990348
2021-03-19,58346.652344,29.909876,3.272226482069226,-0.047294050416274325,39.77342505006387,-0.1384215737136546
2021-03-20,58313.644531,29.676926,3.269809602142981,-0.04783301432533371,39.45586541305928,-0.1451318888752221
2021-03-21,57523.421875,29.272839,3.211948353518296,-0.060736065239521575,38.905010203622595,-0.15677194520787852
2021-03-22,54529.144531,27.398113,2.992703024955548,-0.1096277449800116,36.349366039454004,-0.21077496002472695
2021-03-23,54738.945312,26.915058,3.008064942332787,-0.1062020394038361,35.6908609076521,-0.22468975414522918
2021-03-24,52774.265625,25.053885,2.8642082470403447,-0.13828206373489216,33.15369232090496,-0.27830236371895767
2021-03-25,51704.160156,25.696287,2.7858535730426848,-0.15575514584057404,34.02942078594477,-0.25979744901442325
2021-03-26,55137.3125,27.401567,3.0372339654350364,-0.09969735104761435,36.354074564829475,-0.21067546473145338
2021-03-27,55973.511719,26.879543,3.098461684664498,-0.08604357762661885,35.64244652470204,-0.2257127927499214
2021-03-28,55950.746094,26.696995,3.0967947525938717,-0.08641530326146107,35.39359536945021,-0.23097123710327538
2021-03-29,57750.199219,28.052568,3.228553319452897,-0.05703315999680436,37.24152526776842,-0.19192284880316146
2021-03-30,58917.691406,27.904049,3.314038790144571,-0.03796991115624271,37.039062766251845,-0.19620105999646842
2021-03-31,58918.832031,29.351137,3.3141223083608757,-0.03795128660487457,39.0117467756689,-0.15451650731768574
2021-04-01,59095.808594,30.233219,3.3270807889039666,-0.035061547129970116,40.21420927718546,-0.12910741430053285
2021-04-02,59384.3125,32.533249,3.3482054632062166,-0.030350747509388154,43.3496318652931,-0.06285317012341285
2021-04-03,57603.890625,29.534889,3.2178403920658063,-0.05942214141012048,39.262239235075924,-0.14922338076019126
2021-04-04,58758.554688,30.957281,3.302386568918564,-0.0405683549734126,41.201257424379364,-0.10825021654773226
2021-04-05,59057.878906,32.396656,3.324303522153942,-0.035680877253837506,43.16342699945336,-0.0667878431384975
2021-04-06,58192.359375,34.797878,3.2609289271680035,-0.04981340368916787,46.43679547632582,0.0
2021-04-07,56048.9375,31.175184,3.103984469709972,-0.08481199728012301,41.49830484907227,-0.10410675041736728
2021-04-08,58323.953125,32.7449,3.2705644123422033,-0.04766469174912591,43.63815650462197,-0.05899721816370518
2021-04-09,58245.003906,31.632467,3.2647836360576976,-0.048953804108354926,42.12167734741256,-0.09096563301934668
2021-04-10,59793.234375,31.899261,3.37814731579396,-0.02367371827846443,42.48537344440764,-0.08329867125805768
2021-04-11,60204.964844,33.919182,3.4082948177065955,-0.01695082927484981,45.238948801943394,-0.02525142481389231
2021-04-12,59893.453125,33.105427,3.385485477977209,-0.022037309066468502,44.129630311234344,-0.04863661514072781
2021-04-13,63503.457031,35.456635,3.6498151981581906,0.0,47.33481923161337,0.0
2021-04-14,63109.695312,41.42371,3.6209833941736402,-0.006200634381334114,55.469192148458966,0.0
2021-04-15,63314.011719,42.753162,3.6359437377347463,-0.0029832283289320527,57.28151365322407,0.0
2021-04-16,61572.789062,42.101555,3.5084488901716657,-0.03040256482505377,56.39323684536979,-0.015241141696139437
2021-04-17,60683.820312,40.372066,3.4433573093712715,-0.04440131058728902,54.03558112936448,-0.0556940326425448
2021-04-18,56216.183594,39.06591,3.1162304712045703,-0.11475396423603557,52.25501695150928,-0.08624512965847997
2021-04-19,55724.265625,35.879383,3.080211524277213,-0.12250028218467679,47.9111132922462,-0.160778260096879
2021-04-20,56473.03125,38.950634,3.135037228983082,-0.11070933945482697,52.097871621115026,-0.08894144484564681
2021-04-21,53906.089844,36.436359,2.9470820573996868,-0.15113141292945553,48.67038822841393,-0.14775054532808585
2021-04-22,51762.273438,35.233406,2.7901087118098,-0.18489046332183767,47.03051135348975,-0.17588771562674121
2021-04-23,51093.652344,35.058479,2.741151305866173,-0.19541935616106687,46.792049217313306,-0.1799792726442082
2021-04-24,50050.867188,31.125198,2.66479706479839,-0.2118402756629919,41.4301634624429,-0.27197904098882797
2021-04-25,49004.253906,31.540621,2.588162522794446,-0.22832147733188812,41.99647201399198,-0.26226226261346475
2021-04-26,54021.753906,35.135986,2.9555511477218994,-0.14931003079677052,46.89770749069951,-0.1781663774950728
2021-04-27,55033.117188,36.808067,3.0296046336164872,-0.1333839170183302,49.177104079676866,-0.13905626442320218
2021-04-28,54824.703125,36.220837,3.014344253741826,-0.1366658495735651,48.37658660537678,-0.1527916227576337
2021-04-29,53555.109375,36.445019,2.921382758569133,-0.15665836351466012,48.68219362208836,-0.14754798721086404
2021-04-30,57750.175781,38.128506,3.2285516032885537,-0.09059792204999906,50.97713897783831,-0.10817108685434773
2021-05-01,57828.050781,41.116261,3.2342537237003572,-0.08937161085938172,55.050074772037306,-0.03828724995826038
2021-05-02,56631.078125,39.504856,3.1466096503244527,-0.10822054778285783,52.85339227850914,-0.07597814636494038
2021-05-03,57200.292969,42.059807,3.188288386512885,-0.09925702247868218,56.33632557803488,-0.016217630873711864
2021-05-04,53333.539062,45.686138,2.9051590589940828,-0.1601474698304286,61.279774197989816,0.0
2021-05-05,57424.007812,49.429295,3.2046691116839128,-0.09573414587543216,66.38248112295742,0.0
2021-05-06,56396.515625,47.127403,3.1294346439797502,-0.11191424433051977,63.244520238888825,-0.04656938764754792
2021-05-07,57356.402344,49.311199,3.199718941295054,-0.09679874095672047,66.22149154196708,-0.002389190458816026
2021-05-08,58803.777344,48.608906,3.305697837359702,-0.07400667470285582,65.26411910088159,-0.016597222355690167
2021-05-09,58232.316406,52.198696,3.2638546389119547,-0.08300556964051309,70.15775468501002,0.0
2021-05-10,55859.796875,46.468697,3.090135318910437,-0.12036604798174455,62.34656600728226,-0.10977283800346271
2021-05-11,56704.574219,48.754765,3.1519911408899137,-0.10706319198781633,65.4629554653111,-0.06597733782468429
2021-05-12,49150.535156,41.03371,2.598873448014211,-0.22601796100633453,54.93754047027999,-0.21389396394116822
2021-05-13,49716.191406,43.089832,2.640291618790318,-0.21711047350177448,57.74046537243564,-0.1745036695935852
2021-05-14,49880.535156,46.546902,2.652325106449097,-0.21452252384228154,62.45317580085147,-0.10827462050009828
2021-05-15,46760.1875,41.498314,2.4238487268510016,-0.2636591819375529,55.57089302486631,-0.2049932818245115
2021-05-16,46456.058594,40.737148,2.4015799673938956,-0.2684483527987791,54.533264354936115,-0.2195753702353025
2021-05-17,43537.511719,37.194439,2.1878797335737525,-0.31440721884248557,49.70381003403934,-0.2874450541829626
2021-05-18,42909.402344,42.545315,2.1418886544336844,-0.3242981665855884,56.99817466257159,-0.18493529033752099
2021-05-19,37002.441406,26.70196,1.7093724099868481,-0.41731610945311526,35.40036370427625,-0.48845542041893153
2021-05-20,40782.738281,30.781229,1.986171228267625,-0.35778711604485725,40.961261677592795,-0.4103065524855257
2021-05-21,37304.691406,25.577578,1.7315035932223881,-0.41255652605197146,33.867595557573104,-0.5099958435743299
2021-05-22,37536.632812,23.292158,1.7484866792640585,-0.4089041043281151,30.752089459255718,-0.5537789296498901
2021-05-23,34770.582031,20.008373,1.5459524305523296,-0.45246158781519075,26.275602777130253,-0.6166882597986739
2021-05-24,38705.980469,26.362959,1.8341080101593987,-0.39049018307609307,34.93823434388049,-0.49494985468602504
2021-05-25,38402.222656,27.629839,1.8118664226698038,-0.39527351027120494,36.66525710811478,-0.47067951659175544
2021-05-26,39294.199219,33.984875,1.877178239899119,-0.3812273999537056,45.32850211910907,-0.3489324905740939
2021-05-27,38436.96875,31.514713,1.814410582051221,-0.39472635747631,41.961153984047726,-0.39625478383597934
2021-05-28,35697.605469,27.951693,1.6138304307839872,-0.43786358825199434,37.10401151639328,-0.4645135771207771
2021-05-29,34616.066406,25.39864,1.5346385724559557,-0.45489477227827557,33.623665588368006,-0.5134238602435586
2021-05-30,35678.128906,26.869602,1.6124043286018477,-0.4381702890823207,35.6288948597462,-0.48524380762308694
2021-05-31,37332.855469,32.088585,1.7335658067506277,-0.41211302164580577,42.74346170676548,-0.38526079272171854
2021-06-01,36684.925781,30.699013,1.686123455555013,-0.4223160833103653,40.84918405099494,-0.41188161098890286
2021-06-02,37575.179688,30.656301,1.7513091374143102,-0.40829709995698016,40.79095864976832,-0.41269986897756983
2021-06-03,39208.765625,32.190559,1.8709226682753477,-0.38257273764072786,42.88247362530553,-0.38330721901558606
2021-06-04,36894.40625,28.875753,1.7014619192231883,-0.41901735787408334,38.36369882341394,-0.4468108360408084
2021-06-05,35551.957031,27.126797,1.6031658409763834,-0.44015713957674985,35.97950550941092,-0.4803165772570257
2021-06-06,35862.378906,27.551577,1.625895380747913,-0.43526887223646216,36.55856961160801,-0.4721788260764215
2021-06-07,33560.707031,24.52721,1.457363628841497,-0.47151370019718886,32.43572399371288,-0.5301183385883816
2021-06-08,33472.632812,24.174898,1.4509147068265555,-0.4729006202660758,31.95544895257803,-0.5368677792257492
2021-06-09,37345.121094,25.569342,1.7344639135971898,-0.4119198727122916,33.856368164697514,-0.5101536252936281
2021-06-10,36702.597656,23.100679,1.6874174158651556,-0.4220378012163468,30.491063480573583,-0.5574472013630378
2021-06-11,37334.398438,21.478968,1.7336787851779745,-0.41208872424418175,28.280331750647182,-0.5885152380051792
2021-06-12,35552.515625,21.686546,1.6032067420389748,-0.4401483432997262,28.563304037962656,-0.5845385486258123
2021-06-13,39097.859375,23.337601,1.862801951846178,-0.3843191976790509,30.814037785439016,-0.5529083523465796
2021-06-14,40218.476562,23.860899,1.9448551670732837,-0.3666726436268366,31.527402554381837,-0.5428832360103402
2021-06-15,40406.269531,26.084227,1.9586056405465175,-0.3637154350309594,34.55826425269541,-0.5002896815659916
2021-06-16,38347.0625,23.015078,1.8078275160701782,-0.396142126856489,30.374371390051024,-0.5590871082296769
2021-06-17,38053.503906,23.356791,1.7863327301837213,-0.4007648451733311,30.840197774424286,-0.5525407186417071
2021-06-18,35787.246094,21.211151,1.6203940473173977,-0.43645200171496157,27.915241090403963,-0.5936459600446724
2021-06-19,35615.871094,20.423983,1.6078457213389337,-0.4391506736930294,26.842166248842975,-0.6087261835046607
2021-06-20,35698.296875,21.735416,1.613881056533784,-0.43785270056127124,28.629924082866776,-0.5836023183414389
2021-06-21,31676.693359,17.424097,1.3194134161258813,-0.5011815916803296,22.75269336103375,-0.6661966996263662
2021-06-22,32505.660156,16.806492,1.3801115669301356,-0.48812770712416553,21.9107684002601,-0.6780285086048893
2021-06-23,33723.027344,18.387203,1.4692489575093326,-0.46895761395261226,24.065608543506148,-0.6477459321972334
2021-06-24,34662.4375,19.037357,1.5380339311925861,-0.4541645585833366,24.951904608056843,-0.6352905635803623
2021-06-25,31637.779297,16.930967,1.3165640720843226,-0.5017943781933694,22.080453894212223,-0.6756438704905579
2021-06-26,32186.277344,16.955221,1.356725894358906,-0.4931570839003636,22.11351717575723,-0.6751792228679429
2021-06-27,34649.644531,18.344139,1.5370972114537418,-0.4543660116946807,24.006903292559738,-0.648570933649377
2021-06-28,34434.335938,18.773989,1.5213320040960268,-0.4577565136148344,24.59287886657315,-0.6403360536056303
2021-06-29,35867.777344,19.460011,1.6262906622055269,-0.4351838620928825,25.528070527003138,-0.627193541386551
2021-06-30,35040.835938,19.497236,1.5657408134669288,-0.448205852464152,25.578815998080604,-0.6264804009663383
2021-07-01,33572.117188,18.273293,1.4581990970807466,-0.47133402246729095,23.91032535719495,-0.6499281706194346
2021-07-02,33897.046875,18.283562,1.4819909198819503,-0.4662172980842171,23.924324154844236,-0.6497314415670461
2021-07-03,34668.546875,18.538818,1.5384812684881348,-0.4540683531909748,24.2722915414218,-0.6448413577228059
2021-07-04,35287.78125,19.262838,1.5838225072602445,-0.44431716161887325,25.25928243381959,-0.6309708962844589
2021-07-05,33746.003906,18.37159,1.4709313346929376,-0.4685957980283425,24.044324754656387,-0.6480450392860388
2021-07-06,34235.195312,20.080465,1.5067506387241623,-0.4608924157422222,26.373879271446352,-0.6153071525005145
2021-07-07,33855.328125,19.764128,1.4789362125184842,-0.4668742505077621,25.94264568959994,-0.6213673996760378
2021-07-08,32877.371094,18.42205,1.4073287807582,-0.4822743102324255,24.113112302556154,-0.6470783484706208
2021-07-09,33798.011719,18.630384,1.474739422167488,-0.4677768219374091,24.397115176201634,-0.6430871759708328
2021-07-10,33520.519531,18.207788,1.4544210418232066,-0.47214653976024423,23.821028323402356,-0.6511830870257755
2021-07-11,34240.1875,18.363968,1.5071161739677494,-0.46081380288816043,24.03393437237156,-0.6481910582593864
2021-07-12,33155.847656,17.550354,1.4277192383940154,-0.4778890913007372,22.92480809419232,-0.6637779227281846
2021-07-13,32702.025391,16.866161,1.3944897141489108,-0.48503550956232033,21.992109743812055,-0.6768853957577791
2021-07-14,32822.347656,16.945683,1.4032998848487628,-0.48314077389554777,22.100514884202173,-0.6753619477390777
2021-07-15,31780.730469,15.681652,1.3270311641646106,-0.4995433011861725,20.377375903637454,-0.6995777059258339
2021-07-16,31421.539062,15.262865,1.3007306485485697,-0.5051995508423867,19.806481515561718,-0.7076006458092363
2021-07-17,31533.068359,15.360056,1.3088969853824421,-0.5034432795744215,19.938973203392212,-0.7057387027446049
2021-07-18,31796.810547,15.502412,1.3282085707904496,-0.49929008539679987,20.133034245184124,-0.7030115081802044
2021-07-19,30817.832031,14.509062,1.2565263444174035,-0.5147062306236982,18.77889015667366,-0.7220416770564537
2021-07-20,29807.347656,13.775897,1.1825372133676924,-0.5306185041005063,17.77943271402729,-0.7360873344422243
2021-07-21,32110.693359,15.268477,1.3511915253871698,-0.49434731807868715,19.814131846889772,-0.7074931335449453
2021-07-22,32313.105469,16.085718,1.3660124335608743,-0.4911598993228675,20.928202485676078,-0.691836784581745
2021-07-23,33581.550781,16.511562,1.458889838438075,-0.4711854700350132,21.508717042707993,-0.6836786497501777
2021-07-24,34292.445312,16.705832,1.510942566731556,-0.45999089001942495,21.77354773891268,-0.6799569092683848
2021-07-25,35350.1875,16.759659,1.5883919833687408,-0.4433344395291209,21.846925212967392,-0.6789257149259054
2021-07-26,37337.535156,18.089653,1.7339084602178962,-0.4120393297994278,23.659985577244218,-0.6534462661672622
2021-07-27,39406.941406,19.499634,1.8854333862973736,-0.37945202909562836,25.582084974296688,-0.6264344611214042
2021-07-28,39995.90625,19.030273,1.9285582461215434,-0.3701774971010554,24.942247632446023,-0.635426275782828
2021-07-29,40008.421875,19.34585,1.9294746583305833,-0.36998041137399196,25.3724451751247,-0.6293805883579927
2021-07-30,42235.546875,22.315962,2.09254797996318,-0.3349094860397569,29.42132986532854,-0.5724804696270573
2021-07-31,41626.195312,22.753702,2.0479303750149067,-0.34450505124973496,30.018061161754343,-0.5640944363820889
2021-08-01,39974.894531,22.126839,1.927019737591245,-0.37050837230033384,29.163515608066383,-0.5761036061130722
2021-08-02,39201.945312,23.480349,1.8704232750686427,-0.38268013829761915,31.008633205327968,-0.5501736480160346
2021-08-03,38152.980469,23.875957,1.7936165483587247,-0.39919837040721806,31.547929761997267,-0.5425947613710503
2021-08-04,39747.503906,24.188875,1.9103698663326214,-0.3740891320830493,31.97450253079831,-0.5366000139160565
2021-08-05,40869.554688,24.050495,1.9925280514642116,-0.3564200029606417,31.785861609704966,-0.5392510379952786
2021-08-06,42816.5,23.859335,2.135086210105892,-0.325761115979897,31.525270494831396,-0.5429131984446507
2021-08-07,44555.800781,24.631653,2.262440335121704,-0.29837204359993297,32.57810167633864,-0.5281174648500797
2021-08-08,43798.117188,23.045609,2.2069616438686173,-0.3103034191253651,30.41599153719585,-0.5585022085609188
2021-08-09,46365.402344,24.287247,2.3949419853254192,-0.26987593255960607,32.108604168967084,-0.5347154457651586
2021-08-10,45585.03125,24.566286,2.33780208235426,-0.28216457211538726,32.488992765447556,-0.5293697375122167
2021-08-11,45593.636719,25.946539,2.3384321872716023,-0.2820290602959945,34.37056667252847,-0.502927448609061
2021-08-12,44428.289062,24.917234,2.2531037421759055,-0.3003799928512272,32.9674083889182,-0.5226464277958207
2021-08-13,47793.320312,27.733137,2.499496209296067,-0.24739025957800842,36.80607391594178,-0.46870057826731915
2021-08-14,47096.945312,27.155422,2.4485066221144316,-0.25835619800967613,36.018527379379826,-0.4797681919103879
2021-08-15,47047.003906,27.904013,2.444849839956527,-0.2591426340296179,37.039013690712316,-0.4654270099007837
2021-08-16,46004.484375,28.084339,2.368515048336377,-0.27555937068839664,37.284835794607964,-0.46197240252898275
2021-08-17,44695.359375,26.158136,2.2726590177218973,-0.2961743901094801,34.65901769854805,-0.4988737649691479
2021-08-18,44801.1875,25.512896,2.2804079064757388,-0.29450789619012796,33.779420445142414,-0.5112349933032809
2021-08-19,46717.578125,27.06476,2.4207288066337087,-0.2643301591881173,35.89493608592582,-0.4815050552220691
2021-08-20,49339.175781,28.701841,2.6126859880887907,-0.2230474042237658,38.1266203448102,-0.4501425667798291
2021-08-21,48905.492188,27.861591,2.5809310466068043,-0.22987669530926202,36.98118362022076,-0.4662397121951092
2021-08-22,49321.652344,28.022818,2.6114028966242304,-0.22332334883874072,37.20096978718938,-0.46315099518961156
2021-08-23,49546.148438,28.554102,2.627840826126222,-0.219788169739902,37.92522114664998,-0.45297288652574763
2021-08-24,47706.117188,25.752197,2.493111070120035,-0.24876346236218816,34.10563782524473,-0.5066505684356559
2021-08-25,48960.789062,26.520479,2.5849799638966195,-0.229005925801816,35.15296709348755,-0.491932154780265
2021-08-26,46942.21875,24.426327,2.4371773189050776,-0.26079270413444455,32.29819933666229,-0.53205101138925
2021-08-27,49058.667969,26.018299,2.592146799382844,-0.2274646096030425,34.4683905813134,-0.5015527016230443
2021-08-28,48902.402344,25.72909,2.5807048037491263,-0.2299253516209726,34.07413814491734,-0.507093242329272
2021-08-29,48829.832031,25.813662,2.575391100210785,-0.23106812898133855,34.18942749293517,-0.505473048598762
2021-08-30,47054.984375,24.980934,2.445434181467675,-0.2590169641940985,33.054244829687434,-0.521426090797364
2021-08-31,47166.6875,26.750708,2.453613246239743,-0.257257955626337,35.466817437629764,-0.48752152735769494
2021-09-01,48847.027344,29.735182,2.5766501659603156,-0.23079735139214985,39.5352805416849,-0.4303462676538893
2021-09-02,49327.722656,29.985245,2.611847373670281,-0.22322775857824462,39.8761687816861,-0.4255556690534952
2021-09-03,50025.375,30.784266,2.6629304898316315,-0.21224170558809907,40.96540174463543,-0.41024837095547373
2021-09-04,49944.625,29.897823,2.657017857751334,-0.21351328990453367,39.75699428678927,-0.4272304618490853
2021-09-05,51753.410156,33.503429,2.7894597294507917,-0.18503003496745174,44.672190391282,-0.35815582442902405
2021-09-06,52633.535156,34.784859,2.853903758053537,-0.17117055327702413,46.41904785274066,-0.3336067437393455
2021-09-07,46811.128906,28.11425,2.4275787304588166,-0.26285699874341384,37.32561075190542,-0.4613993805515755
2021-09-08,46091.390625,27.151009,2.374878449967688,-0.27419084283080974,36.01251153615981,-0.479852734252212
2021-09-09,46391.421875,27.978628,2.3968471731112384,-0.26946619847241615,37.14072956242341,-0.46399756806185344
2021-09-10,44883.910156,26.387524,2.286464979288531,-0.2932052481160299,34.971721583558605,-0.49447924906016805
2021-09-11,45201.457031,27.041149,2.309716221890676,-0.2882047821595862,35.86274934804509,-0.48195738452929937
2021-09-12,46063.269531,29.379244,2.3728193826919295,-0.27463367059664734,39.050062503152425,-0.43716517362809215
2021-09-13,44963.074219,26.918482,2.2922614867622215,-0.2919586378258002,35.69552853674463,-0.48430738576304666
2021-09-14,47092.492188,30.746164,2.4481805579185183,-0.2584263221290265,40.913460738886776,-0.4109783125616777
2021-09-15,48176.347656,30.7796,2.5275420267792303,-0.24135866126969874,40.95904100942932,-0.41033776016167145
2021-09-16,47783.359375,29.826551,2.4987668550464566,-0.2475471161881162,39.659835624206785,-0.4285958599425549
2021-09-17,47267.519531,27.694597,2.460996313747014,-0.25567013606950917,36.753535824462254,-0.4694389108877355
2021-09-18,48278.363281,28.390577,2.535011758755287,-0.239752203451974,37.7023023244084,-0.4561056276195099
2021-09-19,47260.21875,27.395748,2.460461739976713,-0.2557851027396928,36.34614204914916,-0.47516413053690076
2021-09-20,42843.800781,23.431099,2.1370852128744096,-0.3253312058257668,30.941495140839983,-0.5511171581757521
2021-09-21,40693.675781,21.432621,1.9796499428849441,-0.3591895987468072,28.217151083138056,-0.5894031337487817
2021-09-22,43574.507812,24.493073,2.190588641144248,-0.3138246349213938,32.38918811335904,-0.5307723204426409
2021-09-23,44895.097656,25.453983,2.2872841442594085,-0.29302907660469724,33.69910968792047,-0.51236362302997
2021-09-24,42839.75,23.280739,2.1367886088163184,-0.325394994179809,30.73652297076052,-0.5539976899039776
2021-09-25,42716.59375,24.523661,2.127770929625741,-0.3273343571020493,32.430885963441455,-0.5301863287925813
2021-09-26,43208.539062,24.602156,2.1637918786472037,-0.31958760857842394,32.537891087745706,-0.5286825555948753
2021-09-27,42235.730469,23.066298,2.0925614229820555,-0.3349065949530573,30.44419497711853,-0.5581058576635707
2021-09-28,41034.542969,22.1019,2.004608732617323,-0.35382190375921607,29.129518528060988,-0.5765813766688731
2021-09-29,41564.363281,22.880529,2.0434029440541566,-0.34547873101286686,30.190952924288712,-0.5616647396708914
2021-09-30,43790.894531,23.986349,2.2064327904508687,-0.3104171555633116,31.6984171775294,-0.5404799192684813
2021-10-01,48116.941406,26.29744,2.5231922150204666,-0.24229414183685904,34.848918225155856,-0.4962050392982996
2021-10-02,47711.488281,26.946743,2.4935043493371007,-0.2486788828250871,35.73405419848057,-0.48376597377068575
2021-10-03,48199.953125,27.55904,2.529270453445235,-0.24098694183734604,36.56874324359326,-0.47203585315617846
2021-10-04,49112.902344,26.559357,2.5961179189553505,-0.22661057145243402,35.20596594975483,-0.4911873469023058
2021-10-05,51514.8125,27.242628,2.771989263133153,-0.18878727381955906,36.137407421039505,-0.4780975371492039
2021-10-06,55361.449219,26.837267,3.0536455809784666,-0.12821361533160902,35.58481548278744,-0.48586326754216236
2021-10-07,53805.984375,26.834036,2.939752189815506,-0.15270779118790423,35.58041095311514,-0.4859251656401531
2021-10-08,53967.847656,26.400961,2.951604053937645,-0.15015890190584547,34.99003902868601,-0.49422182883649046
2021-10-09,54968.222656,27.417076,3.024852961892165,-0.13440582251818856,36.37521657989839,-0.4747555379544347
2021-10-10,54771.578125,25.648935,3.010454364215315,-0.1375024182027984,33.964870092957256,-0.5086288170876911
2021-10-11,57484.789062,25.258816,3.209119602936304,-0.09477701294375052,33.433056192855965,-0.516102547849088
2021-10-12,56041.058594,24.623648,3.1034075647889416,-0.11751168811734347,32.56718918484166,-0.5282708211714714
2021-10-13,57401.097656,25.61175,3.2029915968439093,-0.09609491609285237,33.914179150257034,-0.5093411912052361
2021-10-14,57321.523438,26.647486,3.1971650572264307,-0.09734798516531495,35.32610423371953,-0.4894990097070624
2021-10-15,61593.949219,26.944546,3.5099982675475454,-0.030069352146731898,35.731059227360156,-0.4838080629447141
2021-10-16,60892.179688,27.228479,3.458613684984501,-0.041120239197769526,36.118119370797054,-0.4783685975603682
2021-10-17,61553.617188,26.540886,3.507045097759878,-0.030704467664621204,35.18078610835062,-0.4915412063167248
2021-10-18,62026.078125,25.704576,3.5416393725932345,-0.023264542988246983,34.04072042892022,-0.5075628709192276
2021-10-19,64261.992188,25.936241,3.7053562421620487,0.0,34.35652834180568,-0.5031247332308838
2021-10-20,65992.835938,27.419165,3.8320911311061003,0.0,36.37806432440022,-0.47471551779760934
2021-10-21,62210.171875,28.268347,3.555118983887752,-0.05731931366843823,37.535677235629386,-0.4584472569966116
2021-10-22,60692.265625,28.661047,3.443975687434082,-0.08032038989777412,38.071009579272676,-0.45092408055557553
2021-10-23,61393.617188,31.459808,3.4953296657741495,-0.06969269746675155,41.886306970226144,-0.3973066300353557
2021-10-24,60930.835938,29.770857,3.4614441516576155,-0.07670529578022278,39.58391303814396,-0.42966282146205337
2021-10-25,63039.824219,32.46011,3.615867331437328,-0.044747458978340426,43.249928090702504,-0.3781432777554443
2021-10-26,60363.792969,32.503048,3.4199244433057094,-0.08529778860069692,43.30846157726058,-0.37732069015670433
2021-10-27,58482.386719,28.885674,3.2821651498094635,-0.11380703847999563,38.37722322418116,-0.44662077382162957
2021-10-28,60622.136719,30.227047,3.438840747256104,-0.08138306442908061,40.20579554857592,-0.42092333111156643
2021-10-29,62227.964844,30.934832,3.5564218108761496,-0.057049693962797465,41.170654735857724,-0.40736389276850904
2021-10-30,61888.832031,29.78167,3.5315900145959604,-0.062188627730072055,39.59865342172383,-0.42945567069338286
2021-10-31,61318.957031,29.985006,3.4898629408280417,-0.07082403476933608,39.875842974632036,-0.42556024771193524
2021-11-01,61004.40625,31.565237,3.466831076572646,-0.07559047307326838,42.03002877735109,-0.3952868669362928
2021-11-02,63226.402344,32.265533,3.6295288522714673,-0.04192021080286734,42.98467888920243,-0.3818708996102125
2021-11-03,62970.046875,31.990866,3.610758133138723,-0.045804806234420736,42.61025024435529,-0.3871328509815647
2021-11-04,61452.230469,31.020929,3.4996214151929994,-0.06880452104325208,41.28802297825818,-0.4057144837487895
2021-11-05,61125.675781,32.917904,3.475710607462469,-0.07375285647024898,43.87399718906215,-0.369373058667979
2021-11-06,61527.480469,32.083439,3.505131329298787,-0.06766424575532992,42.73644663103237,-0.3853593775599299
2021-11-07,63326.988281,32.349564,3.6368939004192438,-0.04039601600853404,43.09923074091796,-0.38026107012328425
2021-11-08,67566.828125,34.477592,3.9473411211865157,0.0,46.000178580435495,-0.33949323178494717
2021-11-09,66971.828125,33.859272,3.9037743584895885,-0.008806096371717143,45.157278924918515,-0.35133873842365726
2021-11-10,64995.230469,34.342705,3.7590450122269736,-0.038060061828601555,45.816299349885426,-0.3420773384837046
2021-11-11,64949.960938,34.83717,3.755730311530371,-0.03873005821967468,46.490358701297644,-0.33260459226797545
2021-11-12,64155.941406,34.265522,3.6975910501398346,-0.05048167590004071,45.71108275635494,-0.34355597695390705
2021-11-13,64469.527344,34.064831,3.7205522671918336,-0.045840553226354386,45.437498892392334,-0.34740072817144707
2021-11-14,65466.839844,33.776585,3.7935769344560013,-0.031080166692374234,45.04455922667855,-0.35292282014094767
2021-11-15,63557.871094,32.010754,3.653799474746588,-0.05933321338665398,42.63736175352356,-0.3867518452951392
2021-11-16,60161.246094,29.225008,3.4050936674433077,-0.10960381353553439,38.83980653331752,-0.4401199600848267
2021-11-17,60368.011719,29.193048,3.420233346297521,-0.10654364879585643,38.796238359895476,-0.44073223591639143
2021-11-18,56942.136719,26.525694,3.169385811584349,-0.1572471536823381,35.1600762306714,-0.49183224806995174
2021-11-19,58119.578125,28.291117,3.2555997785166833,-0.1398208301642101,37.56671751437845,-0.4580110392029716
2021-11-20,59697.195312,28.334068,3.371115196353026,-0.11647184027110191,37.62526872265913,-0.4571882025558647
2021-11-21,58730.476562,29.036161,3.300330647822067,-0.13077943434983463,38.582368521858385,-0.44373780908243377
2021-11-22,56289.289062,26.758991,3.1215833595679383,-0.16690940474719818,35.47810890134863,-0.4873628452327621
2021-11-23,57569.074219,26.933676,3.215291084337803,-0.14796837713772726,35.71624114084271,-0.48401630569468634
2021-11-24,56280.425781,26.259172,3.1209343772821514,-0.1670405827415774,34.796750926641614,-0.4969381610605751
2021-11-25,57274.679688,26.185106,3.193735089932172,-0.15232546387939538,34.69578345690827,-0.4983570853953899
2021-11-26,53569.765625,23.856281,2.922455910444388,-0.20715879209403099,31.521107253228422,-0.5429717056533366
2021-11-27,54815.078125,24.114759,3.0136394972864347,-0.18872796539167125,31.873466900593407,-0.538019896129206
2021-11-28,57248.457031,24.82391,3.1918150289661185,-0.15271356345026,32.840188231958265,-0.5244342885500435
2021-11-29,57806.566406,25.017925,3.23268060661243,-0.1444534543036906,33.104671309758,-0.5207174332477578
2021-11-30,57005.425781,25.341774,3.1740199284674837,-0.15631046531385484,33.54614532085179,-0.5145132744312233
2021-12-01,57229.828125,25.356211,3.190450993458546,-0.15298927427637032,33.56582597541043,-0.5142366966408509
2021-12-02,56477.816406,24.537094,3.1353876050434506,-0.16411916952036143,32.44919795573114,-0.5299289851991704
2021-12-03,53598.246094,23.291527,2.924541291678708,-0.20673727653987006,30.75122927410461,-0.5537910180744745
2021-12-04,49200.703125,20.667728,2.602546819443471,-0.27182162474790583,27.174441731657677,-0.6040566224106441
2021-12-05,49368.847656,19.477322,2.614858605797863,-0.26933305845485844,25.551669045467126,-0.6268619047494979
2021-12-06,50582.625,19.884268,2.7037331427944262,-0.25136895716902496,26.106421670667686,-0.6190658096133284
2021-12-07,50700.085938,21.091574,2.712333802982669,-0.2496305162615624,27.752232596245996,-0.5959367643973328
2021-12-08,50504.796875,22.886017,2.698034454638087,-0.25252082602478976,30.198434217647293,-0.5615596029448705
2021-12-09,47672.121094,20.306026,2.490621826826051,-0.2944448863900254,26.6813661539636,-0.6109859525992757
2021-12-10,47243.304688,18.583904,2.4592232678331913,-0.3007914386539068,24.333753201838153,-0.6439776196708056
2021-12-11,49362.507812,19.94931,2.614394393227975,-0.26942688917291835,26.195087538493627,-0.617819763160367
2021-12-12,50098.335938,20.456585,2.668272795498843,-0.25853651372657216,26.886609602719876,-0.6081016085152778
2021-12-13,46737.480469,17.775459,2.422186085118012,-0.30827771902308754,23.23167335320893,-0.6594654586773585
2021-12-14,46612.632812,17.587616,2.413044558654506,-0.3101254845681717,22.975604004018745,-0.6630640734780041
2021-12-15,48896.722656,19.714485,2.580288928758725,-0.2763205849246013,25.874971883805483,-0.6223184387594662
2021-12-16,47665.425781,18.786173,2.4901315863005844,-0.2945439781068604,24.60948821028324,-0.6401026378130212
2021-12-17,46202.144531,18.291275,2.382988011548292,-0.31620077761346,23.934838589187294,-0.6495836792551293
2021-12-18,46848.777344,19.518829,2.430335403676054,-0.3066305072464136,25.608251779329112,-0.6260667316286981
2021-12-19,46707.015625,18.852444,2.4199554050690257,-0.3087286036486562,24.69982946250015,-0.6388330467105922
2021-12-20,46880.277344,18.747501,2.432641879348244,-0.3061643021443816,24.556770175158782,-0.6408434992322414
2021-12-21,48936.613281,19.454205,2.5832097781590733,-0.27573019721354575,25.520155733045428,-0.6273047702187808
2021-12-22,48628.511719,19.91474,2.5606501350696504,-0.2802901502341316,26.147961388456068,-0.6184820402410053
2021-12-23,50784.539062,22.14197,2.7185175831714465,-0.24838059634755127,29.1841423299703,-0.5758137329714137
2021-12-24,50822.195312,21.473009,2.72127482839465,-0.24782327774839585,28.272208385646497,-0.5886293979451134
2021-12-25,50429.859375,22.120226,2.6925474222353962,-0.25362991316236216,29.15450070409767,-0.5762302951016247
2021-12-26,50809.515625,23.009712,2.7203464033280946,-0.2480109391697155,30.367056408243055,-0.5591899077325609
2021-12-27,50640.417969,22.982037,2.7079648277792567,-0.25051361186713983,30.329329587233815,-0.5597200933908387
2021-12-28,47588.855469,20.391455,2.4845249970358223,-0.29567723112649813,26.79782377246399,-0.6093493408341082
2021-12-29,46444.710938,19.702854,2.400749075568486,-0.3126107555015556,25.859116394910867,-0.6225412604176932
2021-12-30,47178.125,19.970343,2.4544507165730978,-0.3017561085934134,26.223759922460648,-0.617416822060076
2021-12-31,46306.445312,19.592325,2.390625065959942,-0.3146571091611383,25.708442219686653,-0.6246587271068994
2022-01-01,47686.8125,20.665089,2.4916975528745993,-0.29422745120166904,27.170844221968665,-0.6041071792291517
2022-01-02,47345.21875,21.83189,2.466685563219131,-0.29928309402936026,28.76143834953508,-0.5817541112521278
2022-01-03,46458.117188,23.573906,2.4017307006313526,-0.312412340830155,31.136170990085382,-0.5483813235487722
2022-01-04,45897.574219,23.525866,2.360686931703867,-0.3207084675620918,31.07068240900918,-0.5493016530527889
2022-01-05,43569.003906,25.447802,2.1901856371667545,-0.3551716853513316,33.69068369042604,-0.5124820359497103
2022-01-06,43160.929688,25.377213,2.1603058512535775,-0.36121124987321584,33.594456099885086,-0.5138343494251274
2022-01-07,41557.902344,25.96064,2.0429298648792344,-0.3849363142055886,34.38978928871822,-0.5026573077610981
2022-01-08,41733.941406,25.4748,2.055819700239812,-0.3823309075750698,33.72748761865034,-0.5119648199640849
2022-01-09,41911.601562,27.566217,2.0688282344535116,-0.37970150849078355,36.57852699768119,-0.47189835930001
2022-01-10,41821.261719,27.883266,2.0622134201643374,-0.3810385527994622,37.01073118464263,-0.46582447193700016
2022-01-11,42735.855469,26.69095,2.1291813006186957,-0.36750241716337784,35.38535476843843,-0.48866634522824093
2022-01-12,43949.101562,26.777945,2.2180169386467727,-0.34954617847839065,35.50394717290812,-0.4869997327136295
2022-01-13,42591.570312,24.872852,2.118616532222548,-0.36963786085673966,32.906906427941436,-0.5234966789208679
2022-01-14,43099.699219,25.781769,2.1558224675346795,-0.3621174707318703,34.14595065454501,-0.5060840408733582
2022-01-15,43177.398438,25.252832,2.161511717006796,-0.3609675097057844,33.4248987476195,-0.5162171867281895
2022-01-16,43113.878906,25.553156,2.1568607247761005,-0.3619076090675968,33.834303256843654,-0.5104637096681495
2022-01-17,42250.550781,23.841059,2.0936465877148254,-0.3746850051502252,31.500356479266273,-0.5432633221335643
2022-01-18,42375.632812,23.003719,2.102805275382434,-0.37283377083197944,30.358886694121708,-0.5593047190297626
2022-01-19,41744.328125,21.653994,2.056580230864808,-0.3821771824515404,28.51892884455732,-0.5851621657368605
2022-01-20,40680.417969,20.195139,1.9786791866676596,-0.39792322508109446,26.53020394976301,-0.6131102776973585
2022-01-21,36457.316406,17.426189,1.6694575671042213,-0.4604258122261826,22.75554519516388,-0.6661566219968407
2022-01-22,35030.25,15.827586,1.5649656957379032,-0.48154662617589017,20.5763145087743,-0.6967819655877994
2022-01-23,36276.804688,16.565233,1.6562402373863714,-0.4630974148899343,21.58188185609143,-0.6826504439881027
2022-01-24,36654.328125,15.584162,1.6838830508188214,-0.45751000687513776,20.244476616187022,-0.701445377102907
2022-01-25,36954.003906,15.527325,1.7058257460067936,-0.4530747567780695,20.16699588174431,-0.7025342357211375
2022-01-26,36852.121094,15.270565,1.6983657387911641,-0.45458263889755446,19.816978228182172,-0.7074531325456865
2022-01-27,37138.234375,15.180518,1.7193153680647209,-0.4503481159971945,19.694225308528374,-0.7091782139538505
2022-01-28,37784.332031,16.123285,1.7666235752210118,-0.4407857660404272,20.979414174379023,-0.6911170922737226
2022-01-29,38138.179688,16.205904,1.7925328137140921,-0.43554876340437954,21.092041174377663,-0.6895343132709675
2022-01-30,37917.601562,17.768534,1.776381763509765,-0.43881335539605804,23.22223312789767,-0.6595981248267198
2022-01-31,38483.125,17.240427,1.8177902095986669,-0.4304435169162383,22.50231268480008,-0.6697153699011944
2022-02-01,38743.273438,17.024292,1.8368386554210572,-0.426593277897785,22.207675414381587,-0.6738559905787684
2022-02-02,36952.984375,15.819188,1.7057510944687446,-0.4530898460020022,20.564866275970846,-0.6969428508329021
2022-02-03,37154.601562,16.17811,1.7205137972278224,-0.450105878978613,21.05415213144611,-0.6900667786796819
2022-02-04,41500.875,17.44544,2.038754240066992,-0.38578032813346597,22.781788339924454,-0.6657878196803997
2022-02-05,41441.164062,17.802694,2.034382118611098,-0.3866640596872032,23.268800362068426,-0.6589437023484265
2022-02-06,42412.433594,18.039454,2.105499881998325,-0.3722891132977836,23.591553827005995,-0.6544079568577729
2022-02-07,43840.285156,18.876795,2.2100492436253694,-0.3511566789121049,24.733024975359992,-0.6383665408040078
2022-02-08,44118.445312,18.426355,2.230416533555105,-0.3470398635499067,24.118980919157593,-0.6469958751459998
2022-02-09,44338.796875,18.642735,2.2465509944880764,-0.34377862472732434,24.41395217588673,-0.6428505608645856
2022-02-10,43565.113281,17.525623,2.189900759963195,-0.3552292672314933,22.891094561748616,-0.664251708510113
2022-02-11,42407.9375,16.18428,2.10517067147671,-0.3723556562172128,21.062563133636786,-0.6899485764931752
2022-02-12,42244.46875,15.95139,2.0932012525866033,-0.37477502019412723,20.745085289198066,-0.69441018220072
2022-02-13,42197.515625,15.735866,2.08976327669626,-0.3754699340490908,20.451280939742055,-0.6985390976050436
2022-02-14,42586.917969,15.939896,2.118275880922605,-0.3697067162866763,20.729416559995528,-0.6946303792723099
2022-02-15,44575.203125,17.31986,2.263861002881052,-0.340279773936776,22.610596499550823,-0.6681936269059289
2022-02-16,43961.859375,17.174133,2.218951084212323,-0.349357360779617,22.411940078766243,-0.6709854016276575
2022-02-17,40538.011719,15.572245,1.9682519945662995,-0.40003086064653115,20.228231249395076,-0.7016736778252085
2022-02-18,40030.976562,15.232381,1.931126145215008,-0.4075350630942467,19.76492543926016,-0.7081846450723597
2022-02-19,40122.15625,15.521563,1.9378024541727825,-0.40618558894353896,20.159141069001574,-0.7026446216204327
2022-02-20,38431.378906,14.649103,1.8140012855687657,-0.4312093674887155,18.96979536863228,-0.7193588322589515
2022-02-21,37075.28125,13.538115,1.7147058489758047,-0.4512798324436663,17.455286049051,-0.7406426589660401
2022-02-22,38286.027344,14.02696,1.8033584334523263,-0.43336059414880224,18.12168416345972,-0.7312775782751355
2022-02-23,37296.570312,13.407191,1.7309089549448466,-0.4480047184840379,17.27680921747689,-0.7431508442279862
2022-02-24,38332.609375,13.267228,1.806769237301936,-0.43267117254514453,17.086010335853906,-0.7458321947352862
2022-02-25,39214.21875,14.338566,1.8713219539943928,-0.41962321100151545,18.54646840148699,-0.7253079655476451
2022-02-26,39105.148438,14.69032,1.863335667607529,-0.4212374692851545,19.02598277175921,-0.7185692148324931
2022-02-27,37709.785156,13.654266,1.7611651449471926,-0.44188907186473025,17.61362418769758,-0.7384174884368759
2022-02-28,43193.234375,15.11647,2.1626712472746323,-0.36073313527324913,19.606914470877076,-0.7104052177855171
2022-03-01,44354.636719,15.334708,2.2477108108321175,-0.34354419247055634,19.90441857072944,-0.706224308745184
2022-03-02,43924.117188,15.294949,2.216187546557378,-0.3499159512602916,19.850218726953244,-0.7069859944394012
2022-03-03,42451.789062,14.897106,2.1083815464272035,-0.3717066459970071,19.30787539720515,-0.7146076982459485
2022-03-04,39137.605469,13.714876,1.865712218477149,-0.42075709996931276,17.696248311324318,-0.7372563483195058
2022-03-05,39400.585938,14.022286,1.8849680297155516,-0.4168649464333576,18.115312522578158,-0.7313671207418668
2022-03-06,38419.984375,13.338135,1.8131669614878922,-0.4313780083930794,17.182671426994002,-0.7444737891536601
2022-03-07,38062.039062,12.712721,1.7869576866812564,-0.43667565700162125,16.330101163771893,-0.7564551995705027
2022-03-08,38737.269531,13.077511,1.8363990406453876,-0.4266821366938335,16.8273863321896,-0.7494667108159176
2022-03-09,41982.925781,14.015894,2.074050697182447,-0.3786458984972517,18.106598887893746,-0.7314895759081798
2022-03-10,39437.460938,13.195725,1.8876680706810127,-0.4163191904607406,16.988536771892804,-0.7472020182266622
2022-03-11,38794.972656,13.078199,1.8406241471222717,-0.4258281210977003,16.828324220278287,-0.7494535304100317
2022-03-12,38904.011719,13.186159,1.8486081454120473,-0.42421432530432257,16.975496310473677,-0.7473852795096644
2022-03-13,37849.664062,12.740458,1.7714072812564496,-0.4398188413998455,16.36791250376587,-0.7559238261430898
2022-03-14,39666.753906,13.401471,1.904457234252324,-0.41292561739592537,17.269011659530268,-0.7432604255094801
2022-03-15,39338.785156,13.714278,1.8804428868518905,-0.41777960801678526,17.695433112084444,-0.7372678045443894
2022-03-16,41143.929688,14.6964,2.012618186783488,-0.3910631765652386,19.03427108510108,-0.7184527368269888
2022-03-17,40951.378906,14.421711,1.9985193393439893,-0.39391295932614867,18.659812449646452,-0.7237151096648085
2022-03-18,41801.15625,15.028581,2.0607412685730204,-0.38133611699713044,19.48710335717587,-0.7120889571647537
2022-03-19,42190.652344,14.975159,2.089260737310295,-0.3755715117195314,19.4142779829408,-0.7131123926927216
2022-03-20,41247.824219,14.552144,2.020225494981111,-0.38952552067871693,18.837619945389832,-0.7212163307681096
2022-03-21,41077.996094,15.007803,2.0077904334329784,-0.39203900443565476,19.458778591613807,-0.7124870130855376
2022-03-22,42358.808594,15.450861,2.1015733817468583,-0.3730827719833859,20.06275943579488,-0.7039990999008864
2022-03-23,42892.957031,15.800262,2.1406845047715874,-0.3651772886001522,20.539066174275423,-0.6973054269401673
2022-03-24,43960.933594,16.171621,2.2188832971852035,-0.349371062488365,21.045306265446865,-0.6901910921299643
2022-03-25,44348.730469,15.584914,2.247278346643582,-0.34363160592718733,20.245501749679306,-0.7014309706127524
2022-03-26,44500.828125,15.821914,2.2584151575439364,-0.3413805359832407,20.568582384880372,-0.6968906273060921
2022-03-27,46820.492188,16.849527,2.42826432354278,-0.30704913213653984,21.969434118133,-0.6772040627221799
2022-03-28,47128.003906,16.517033,2.4507807773993022,-0.30249790890269057,21.51617516150624,-0.6835738387027905
2022-03-29,47465.730469,16.973129,2.4755096060155544,-0.29749950106896483,22.137929530251665,-0.674836149163573
2022-03-30,47062.664062,17.209745,2.4459964992846768,-0.30346494917693745,22.46048669303114,-0.6703031623625233
2022-03-31,45538.675781,16.910994,2.3344078677027844,-0.32602022257501084,22.0532265122423,-0.6760265045701526
2022-04-01,46281.644531,17.312368,2.3888091168162013,-0.31502416473690287,22.60038333449206,-0.6683371553956061
2022-04-02,45868.949219,17.403168,2.35859096770017,-0.3211321221984623,22.72416275084758,-0.6665976483397209
2022-04-03,46453.566406,18.094217,2.401397485775085,-0.3124796931408418,23.666207265088346,-0.6533588310328672
2022-04-04,46622.675781,17.47464,2.4137799194060947,-0.30997684700031936,22.821594055316314,-0.6652284187329124
2022-04-05,45555.992188,16.773735,2.33567580013057,-0.32576393694668504,21.86611374892136,-0.6786560530171099
2022-04-06,43206.738281,15.427791,2.1636600228514116,-0.36053327527723134,20.03131019421645,-0.7044410649645347
2022-04-07,43503.847656,15.7753,2.185414802071004,-0.356136008404642,20.505037740453105,-0.697783638120002
2022-04-08,42287.664062,15.135032,2.096364075960593,-0.3741357225802139,19.632218364339533,-0.7100496150325288
2022-04-09,42782.136719,15.433226,2.13257008084738,-0.3668174471672374,20.038719237475174,-0.7043369435895487
2022-04-10,42207.671875,15.348768,2.0905069320469165,-0.37531961990409035,19.923585295332508,-0.7059549533574555
2022-04-11,39521.902344,13.75277,1.8938509928608398,-0.41506944397502743,17.747905769511277,-0.7365303914871744
2022-04-12,40127.183594,13.973591,1.9381705635896629,-0.40611118343806374,18.048931039324504,-0.7322999984520686
2022-04-13,41166.730469,14.183898,2.014287693027407,-0.39072572131341254,18.335623525177798,-0.7282710280731917
2022-04-14,39935.515625,13.646021,1.9241363569980239,-0.4089479004235853,17.602384525937104,-0.7385754425742743
2022-04-15,40553.464844,14.120528,1.9693834947844522,-0.3998021518935998,18.24923694352087,-0.7294850430746392
2022-04-16,40424.484375,14.150531,1.959939357834097,-0.40171108372567255,18.29013731608601,-0.728910258601096
2022-04-17,39716.953125,13.764988,1.908132893851894,-0.41218266082399435,17.764561462342023,-0.7362963243372975
2022-04-18,40826.214844,14.037702,1.9893546452476238,-0.3957654077164807,18.13632775916997,-0.7310717876937003
2022-04-19,41502.75,14.258342,2.038891530285575,-0.3857525778297737,18.437106288076144,-0.7268448621781662
2022-04-20,41374.378906,14.024039,2.0294920126562586,-0.38765249081314634,18.1177022287111,-0.7313335375274508
2022-04-21,40527.363281,13.588746,1.9674723004966537,-0.400188459253651,17.524306705763514,-0.7396726922067172
2022-04-22,39740.320312,13.609354,1.909843873164371,-0.411836822671628,17.552399725722264,-0.7392778930722714
2022-04-23,39486.730469,13.343726,1.8912756571772582,-0.4155899934217905,17.190293130923997,-0.7443666791982696
2022-04-24,39469.292969,13.287423,1.8899988581444385,-0.41584807124612966,17.11354035031756,-0.7454453076758852
2022-04-25,40458.308594,13.458693,1.9624160161913773,-0.40121047980598834,17.347017229604003,-0.7421641912280721
2022-04-26,38117.460938,12.354577,1.7910157567987528,-0.43585540426018043,15.841875885234128,-0.7633163671368342
2022-04-27,39241.121094,12.73311,1.8732917826280722,-0.41922505195296234,16.357895640865202,-0.756064595943163
2022-04-28,39773.828125,12.662813,1.9122973638155711,-0.411340901611992,16.26206610747816,-0.7574113154091052
2022-04-29,38609.824219,11.970266,1.827067310116413,-0.42856834795365784,15.317979505509413,-0.7706788307508678
2022-04-30,37714.875,10.997047,1.7615378307046923,-0.44181374134913187,13.991278186059004,-0.7893233386519847
2022-05-01,38469.09375,11.312018,1.8167628211296059,-0.4306511816888696,14.420649623822358,-0.7832892607125664
2022-05-02,38529.328125,11.17878,1.8211732694015765,-0.4297597031827517,14.239018325624384,-0.7858417765838441
2022-05-03,37750.453125,11.121428,1.7641429126023,-0.4412871793365689,14.160835538324589,-0.7869405013489226
2022-05-04,39698.371094,12.14561,1.9067722905997866,-0.4124576778925124,15.557010100018676,-0.7673196663763402
2022-05-05,36575.140625,10.9174,1.6780848272540094,-0.4586819947010795,13.882702644489978,-0.790849181366523
2022-05-06,36040.921875,10.799844,1.6389685558094729,-0.4665885187281018,13.722449196592523,-0.7931012682768933
2022-05-07,35501.953125,10.239905,1.59950448247786,-0.4745653435244782,12.959135070880075,-0.8038283370143959
2022-05-08,34059.265625,9.99003,1.4938688119596684,-0.49591735219552313,12.618503114251947,-0.8086153339922515
2022-05-09,30296.953125,8.272897,1.2183868356921308,-0.5516001865745419,10.277691213978896,-0.8415114239635412
2022-05-10,31022.90625,8.584442,1.2715421760719092,-0.5408559627424423,10.702392296230862,-0.8355429798476192
2022-05-11,28936.355469,6.916927,1.1187619025745708,-0.5717372522583544,8.42922012151649,-0.8674885096746479
2022-05-12,29047.751953,6.56927,1.1269185146480165,-0.5700885662523469,7.955290820284011,-0.8741487718390513
2022-05-13,29283.103516,7.147285,1.1441512973296502,-0.5666053250002254,8.743246319675338,-0.8630754109259741
2022-05-14,30101.265625,7.284692,1.2040583132127107,-0.5544963932699039,8.930560837992102,-0.8604430271591459
2022-05-15,31305.113281,7.941105,1.292205784056752,-0.5366792529747747,9.825389230372853,-0.847867751332332
2022-05-16,29862.917969,7.418418,1.186606152257549,-0.5580239771837003,9.112857382392514,-0.8578811623953211
2022-05-17,30425.857422,7.725453,1.2278253952182037,-0.5496923821004066,9.531410390109643,-0.8519991189051925
2022-05-18,28720.271484,6.825543,1.1029399198903667,-0.5749353302353202,8.304644590853137,-0.8692392047494826
2022-05-19,30314.333984,7.219193,1.2196594873888063,-0.5513429470461767,8.84127198345609,-0.8616978286200866
2022-05-20,29200.740234,6.890322,1.1381205384021977,-0.5678243149141463,8.392951934598665,-0.8679981967365622
2022-05-21,29432.226562,7.058111,1.1550703029728857,-0.5643982797660743,8.621683481855001,-0.8647837677784135
2022-05-22,30323.722656,7.356995,1.220346939565383,-0.5512039931799003,9.02912496949819,-0.859057877614414
2022-05-23,29098.910156,7.028613,1.1306643924465076,-0.5693314165618899,8.581471530052633,-0.8653488776807758
2022-05-24,29655.585938,7.234005,1.1714250003347777,-0.5610925248239185,8.861463841551442,-0.8614140667422037
2022-05-25,29562.361328,6.97708,1.1645989592232087,-0.5624722641514408,8.511221258433155,-0.8663361245652573
2022-05-26,29267.224609,6.608134,1.1429886207361113,-0.5668403353957205,8.008270591619262,-0.8734042321670258
2022-05-27,28627.574219,6.273193,1.0961524917443008,-0.5763072647714289,7.551675861514282,-0.8798208867133386
2022-05-28,28814.900391,6.572396,1.1098687856643812,-0.573534807084745,7.959552212966031,-0.8740888852855635
2022-05-29,29445.957031,6.712629,1.1560756678210211,-0.5641950666009601,8.150719161135445,-0.8714023622352558
2022-05-30,31726.390625,7.457923,1.323052321999004,-0.5304442800495898,9.166710970973183,-0.8571243427230443
2022-05-31,31792.310547,7.59467,1.327879074265851,-0.529468654526988,9.353125771065335,-0.8545046029502346
2022-06-01,29799.080078,6.926415,1.1819318493192812,-0.5589687883102771,8.442154252599982,-0.8673067426818478
2022-06-02,30467.488281,7.201002,1.2308736670752158,-0.5490762386442867,8.81647384069262,-0.8620463239158311
2022-06-03,29704.390625,6.86243,1.1749985502793607,-0.5603702075514589,8.35492929714285,-0.8685325395868126
2022-06-04,29832.914062,7.39609,1.1844092226840202,-0.5584680398670113,9.082419642212054,-0.8583089125444819
2022-06-05,29906.662109,7.636985,1.1898091616134505,-0.5573765568264938,9.410809978147753,-0.8536939505155454
2022-06-06,31370.671875,7.966336,1.2970060793635456,-0.535708975165097,9.85978436753217,-0.8473843867670564
2022-06-07,31155.478516,8.732022,1.2812493096063897,-0.5388938717330087,10.903574744091511,-0.8327157061548051
2022-06-08,30214.355469,8.717431,1.212338915560577,-0.5528226452616241,10.88368415528046,-0.8329952342104485
2022-06-09,30111.998047,9.276541,1.2048441567126051,-0.5543375516859812,11.64586818037442,-0.8222840470957359
2022-06-10,29083.804688,8.046692,1.1295583481779663,-0.5695549799349117,9.969326424587937,-0.8458449613377315
2022-06-11,28360.810547,7.016142,1.0766196688969312,-0.5802554103245467,8.564470945235788,-0.8655877916950263
2022-06-12,26762.648438,6.341506,0.9595999220834444,-0.603908468390901,7.644800787389768,-0.8785121758597187
2022-06-13,22487.388672,5.887119,0.6465592032716045,-0.6671830053884151,7.025376143562312,-0.887217125117455
2022-06-14,22206.792969,6.759266,0.6260135790592034,-0.6713358672406972,8.214295159379631,-0.8705089107973119
2022-06-15,22572.839844,7.324715,0.6528160619820218,-0.665918314202351,8.985120569058147,-0.8596762838673211
2022-06-16,20381.650391,6.336337,0.4923739932041027,-0.6983482730121128,7.63775435783975,-0.878611201321964
2022-06-17,20471.482422,6.363195,0.4989516247623551,-0.697018744403284,7.674367436743674,-0.8780966673956759
2022-06-18,19017.642578,5.93534,0.39249936344657943,-0.718535809571866,7.0911114655455645,-0.8862933280938665
2022-06-19,20553.271484,6.599024,0.5049403384688396,-0.6958082530383691,7.995851753700773,-0.8735787575996151
2022-06-20,20599.537109,7.002992,0.508327974612369,-0.6951235142947596,8.546544741215138,-0.8658397136970625
2022-06-21,20710.597656,6.838943,0.516459988891596,-0.6934798002107636,8.322911597231595,-0.8689824933557727
2022-06-22,19987.029297,6.633892,0.4634792645360355,-0.7041887291198043,8.043384140148836,-0.8729107715641019
2022-06-23,21085.876953,7.001299,0.5439384831394427,-0.6879256058314489,8.544236827648069,-0.8658721474574766
2022-06-24,21231.65625,7.289775,0.5546126546327603,-0.6857680486240821,8.937490031531034,-0.8603456492476363
2022-06-25,21502.337891,7.271408,0.5744323568510157,-0.6817619164951736,8.912451963907667,-0.8606975162751191
2022-06-26,21027.294922,6.745378,0.5396490218909031,-0.6887926293787378,8.195362906798735,-0.8707749710835688
2022-06-27,20735.478516,6.558154,0.5182818015358235,-0.6931115594528288,7.94013738424648,-0.8743617273504304
2022-06-28,20280.634766,6.322357,0.4849774826779567,-0.6998433206235402,7.6186966899911805,-0.8788790241043569
2022-06-29,20104.023438,6.210225,0.4720457451711244,-0.7024571968835485,7.465837290048709,-0.8810272003729749
2022-06-30,19784.726562,6.252963,0.4486663649584146,-0.7071828423646311,7.524098134720536,-0.8802084442875737
2022-07-01,19269.367188,6.069791,0.41093100436901087,-0.714810244572214,7.274396336783617,-0.883717574094188
2022-07-02,19242.255859,6.225627,0.4089458735506222,-0.7152114966326162,7.486833441708484,-0.880732135530742
2022-07-03,19297.076172,6.205861,0.4129598963530461,-0.71440014712101,7.459888244090827,-0.8811108039940309
2022-07-04,20231.261719,6.431877,0.4813623165901024,-0.7005740497160566,7.767995386899285,-0.8767808873999458
2022-07-05,20190.115234,6.321958,0.4783495112996696,-0.7011830243585229,7.6181527694281215,-0.8788866679734681
2022-07-06,20548.246094,6.338929,0.5045723721266722,-0.6958826296243279,7.641287796685493,-0.8785615449090912
2022-07-07,21637.587891,6.641354,0.5843355579514518,-0.6797601945888295,8.05355640892466,-0.8727678178014255
2022-07-08,21731.117188,6.379156,0.5911839086869299,-0.6783759458443573,7.696125622475506,-0.8777908934736607
2022-07-09,21592.207031,6.50301,0.5810127055840528,-0.6804318386671344,7.864964563370835,-0.8754181522082467
2022-07-10,20860.449219,6.201322,0.5274323376058558,-0.691261972807015,7.453700636482484,-0.8811977601892583
2022-07-11,19970.556641,6.04469,0.46227311277983363,-0.7044325270966685,7.240178416850359,-0.8841984481757935
2022-07-12,19323.914062,5.968435,0.41492500557139267,-0.7140029420020966,7.136226881672059,-0.8856593084241031
2022-07-13,20212.074219,6.177943,0.47995738001993904,-0.7008580278238421,7.421830163189801,-0.8816456449410154
2022-07-14,20569.919922,6.268182,0.5061593612379496,-0.6955618534594338,7.544844819054397,-0.8799168852800461
2022-07-15,20836.328125,6.327785,0.5256661561297411,-0.6916189689050909,7.626096190783887,-0.8787750368323377
2022-07-16,21190.316406,6.577695,0.551585691315994,-0.6863798850110665,7.966775859742109,-0.8739873693396478
2022-07-17,20779.34375,6.348729,0.5214936775699801,-0.6924623468848088,7.6546472491115285,-0.8783738007554824
2022-07-18,22485.689453,7.05954,0.6464347839927085,-0.6672081541048365,8.623631508132226,-0.8647563916156067
2022-07-19,23389.433594,7.256052,0.7126082403451215,-0.6538325944392553,8.891518519881728,-0.8609916998692841
2022-07-20,23231.732422,6.872341,0.7010611318786486,-0.6561665973275994,8.36844006581575,-0.8683426689433008
2022-07-21,23164.628906,6.998698,0.696147715143016,-0.6571597402331071,8.540691119917444,-0.8659219762884498
2022-07-22,22714.978516,6.811353,0.6632236616342579,-0.6638146388346537,8.28530064902401,-0.8695110506208814
2022-07-23,22465.478516,6.857292,0.6449549098815126,-0.6675072792459873,8.3479251270852,-0.8686309711644904
2022-07-24,22609.164062,7.106037,0.6554757738908579,-0.6653807098925439,8.68701665705604,-0.8638656222369999
2022-07-25,21361.701172,6.465126,0.5641347323751376,-0.6838433627152007,7.81332073727819,-0.8761439174649114
2022-07-26,21239.753906,6.341288,0.5552055767459594,-0.6856482020037107,7.6445036077337605,-0.8785163522092583
2022-07-27,22930.548828,6.855407,0.6790080324366219,-0.6606241633012871,8.345355477307335,-0.86866708317771
2022-07-28,23843.886719,7.219182,0.7458839570741167,-0.6471066145818134,8.841256988152347,-0.8616980393533202
2022-07-29,23804.632812,7.912095,0.743009729088913,-0.64768757876334,9.785842524772924,-0.8484235123421474
2022-07-30,23656.207031,7.803387,0.73214177819995,-0.6498843043625558,9.637650753922976,-0.8505060931024024
2022-07-31,23336.896484,7.666137,0.7087613969767983,-0.6546101521766529,9.450550259486915,-0.8531354691312595
2022-08-01,23314.199219,7.586885,0.7070994703244884,-0.6549460753749123,9.342513185643224,-0.8546537446069534
2022-08-02,22978.117188,7.208192,0.6824910567257012,-0.6599201438686745,8.826275316503152,-0.8619085810112957
2022-08-03,22846.507812,7.286331,0.672854427393125,-0.6618679839501493,8.932795138249885,-0.8604116279073332
2022-08-04,22630.957031,7.356004,0.6570714866788991,-0.6650581704215526,9.027774028951843,-0.8590768627630085
2022-08-05,23289.314453,7.86457,0.7052773716772773,-0.6553143739422799,9.721055996553806,-0.8493339756993163
2022-08-06,22961.279297,7.802284,0.6812581619332412,-0.6601693473826954,9.636147133920332,-0.8505272238984667
2022-08-07,23175.890625,8.307046,0.696972314536684,-0.6569930649678548,10.324243452845904,-0.8408572122184814
2022-08-08,23809.486328,8.6459,0.7433651105675982,-0.6476157459404197,10.78617242145528,-0.834365594113692
2022-08-09,23164.318359,8.758239,0.6961249764414106,-0.6571643363790063,10.939314005750017,-0.8322134522287683
2022-08-10,23947.642578,9.055891,0.7534811115068376,-0.6455710110633524,11.345076019373934,-0.8265111641869367
2022-08-11,23957.529297,8.965302,0.7542050314068784,-0.6454246860208076,11.221584240208408,-0.8282466289962492
2022-08-12,24402.818359,9.333063,0.7868097421559399,-0.6388343357800621,11.722919503846295,-0.8212012231110142
2022-08-13,24424.068359,9.133019,0.7883656979665445,-0.6385198323382151,11.450217636385698,-0.8250335793829026
2022-08-14,24319.333984,8.774848,0.7806968951735427,-0.6400699180519657,10.961955551193286,-0.8318952642035349
2022-08-15,24136.972656,8.659611,0.7673441343297234,-0.6427688952432973,10.80486338596685,-0.8341029247167401
2022-08-16,23883.291016,8.466907,0.7487691968331727,-0.646523424603928,10.542167475731466,-0.8377946644490889
2022-08-17,23335.998047,8.049441,0.7086956121170047,-0.654623449189772,9.973073887314383,-0.8457922971868876
2022-08-18,23212.738281,7.673118,0.6996703533348185,-0.6564477136908666,9.460066824526319,-0.8530017301581634
2022-08-19,20877.552734,6.907883,0.5286846817727271,-0.691008838014771,8.416891255420461,-0.8676617707078353
2022-08-20,21166.060547,6.905581,0.549809642151182,-0.6867388756529704,8.413753147309775,-0.8677058714263667
2022-08-21,21534.121094,7.087409,0.5767595690574849,-0.6812915199428714,8.661622791771123,-0.8642224893893902
2022-08-22,21398.908203,7.034696,0.5668590851318336,-0.6832926926300049,8.589763933022795,-0.8652323422025715
2022-08-23,21528.087891,7.244896,0.5763178091862189,-0.6813808123244649,8.876310555466947,-0.8612054216833309
2022-08-24,21395.019531,7.135586,0.5665743509297663,-0.6833502456054503,8.727298132539401,-0.8632995352987362
2022-08-25,21600.904297,7.133749,0.5816495320108326,-0.6803031177216445,8.724793916814235,-0.8633347277487545
2022-08-26,20260.019531,6.486523,0.483468005281005,-0.7001484294405746,7.842489329478177,-0.8757340030103434
2022-08-27,20041.738281,6.537517,0.4674851356676626,-0.7033790272954299,7.912004831214224,-0.8747570820543104
2022-08-28,19616.814453,6.2637,0.43637159687985383,-0.7096679687744333,7.538734914383632,-0.8800027494939721
2022-08-29,20297.994141,6.703226,0.48624856128500205,-0.6995863990618547,8.137900902853607,-0.8715825008348868
2022-08-30,19796.808594,6.557107,0.4495510288593232,-0.7070040263341133,7.938710103971983,-0.8743817853227598
2022-08-31,20049.763672,6.630673,0.4680727664327835,-0.7032602502087633,8.038995968989711,-0.8729724397712924
2022-09-01,20127.140625,6.895674,0.4737384191211236,-0.7021150587716745,8.400247831474598,-0.8678956654396117
2022-09-02,19969.771484,6.923277,0.462215622445886,-0.7044441475474397,8.437876501404787,-0.8673668591261361
2022-09-03,19832.087891,6.840007,0.4521342301374971,-0.7064818870243511,8.324362052066421,-0.8689621097048095
2022-09-04,19986.712891,7.145919,0.46345609682995503,-0.7041934119798523,8.74138417559228,-0.8631015801620792
2022-09-05,19812.371094,7.364041,0.45069053767356015,-0.7067736988134664,9.038730143150623,-0.8589228933994826
2022-09-06,18837.667969,6.672347,0.3793213616284694,-0.7211994629354226,8.095806358826714,-0.8721740673368545
2022-09-07,19290.324219,7.082168,0.41246550856465647,-0.714500077119019,8.654478211142056,-0.8643228941964374
2022-09-08,19329.833984,7.407059,0.41535847084359157,-0.7139153261976511,9.097372686463196,-0.8580987731954071
2022-09-09,21381.152344,7.747072,0.5655589753914418,-0.6835554822191086,9.560881614803364,-0.8515849514708184
2022-09-10,21680.539062,7.913443,0.5874805049674385,-0.6791245103012595,9.78768013108622,-0.8483976879422428
2022-09-11,21769.255859,8.015378,0.593976477475221,-0.6778114873362645,9.926638884458459,-0.8464448613812114
2022-09-12,22370.449219,7.747561,0.6379967269711682,-0.6689137282334134,9.561548224215235,-0.8515755834207046
2022-09-13,20296.707031,7.128942,0.48615431722460767,-0.699605448498327,8.718240969078321,-0.8634268181718563
2022-09-14,20241.089844,7.455002,0.482081946152507,-0.7004285918742024,9.162729036224565,-0.8571803019753597
2022-09-15,19701.210938,7.545807,0.44255122987892914,-0.708418887126796,9.286515268627236,-0.8554406991316411
2022-09-16,19772.583984,7.644146,0.44777726779159965,-0.7073625544857556,9.420571920884779,-0.8535567631804442
2022-09-17,20127.576172,8.105164,0.4737703105039679,-0.7021086126055291,10.049036006450708,-0.8447247800979549
2022-09-18,19419.505859,7.507727,0.4219243755473119,-0.7125881679235627,9.234604253486069,-0.8561702192713779
2022-09-19,19544.128906,7.312717,0.4310494557409541,-0.7107437266428585,8.968764782302271,-0.859906136352525
2022-09-20,18890.789062,6.887288,0.3832109650787763,-0.7204132621550376,8.388815957184319,-0.868056320793914
2022-09-21,18547.400391,6.71292,0.3580675487052125,-0.725495470104251,8.151115855079933,-0.8713967873833477
2022-09-22,19413.550781,7.118293,0.42148833610182,-0.7126763040425024,8.703724151845174,-0.8636308270995888
2022-09-23,19297.638672,7.447619,0.4130010834186211,-0.7143918220299024,9.152664460993808,-0.8573217422902671
2022-09-24,18937.011719,7.636966,0.3865954550430457,-0.7197291593447877,9.410784077168561,-0.8536943145093127
2022-09-25,18802.097656,7.865859,0.3767168517368287,-0.7217259093291202,9.72281317351066,-0.8493092815958467
2022-09-26,19222.671875,7.928507,0.40751190584711217,-0.7155013427678198,9.80821551795824,-0.8481090983575528
2022-09-27,19110.546875,8.074233,0.3993019507758633,-0.7171608109286246,10.006870575533389,-0.8453173427933909
2022-09-28,19426.720703,7.814182,0.42245265688587197,-0.7124813870637796,9.652366599733083,-0.8502992871699324
2022-09-29,19573.050781,7.901172,0.43316715736259304,-0.7103156782084034,9.770952188155619,-0.8486327704431543
2022-09-30,19431.789062,7.581146,0.4228237694805206,-0.7124063745296613,9.334689726717407,-0.8547636898822146
2022-10-01,19312.095703,7.387452,0.4140596481898462,-0.7141778556295075,9.070644239145103,-0.8584743956055914
2022-10-02,19044.107422,7.133672,0.3944371576959227,-0.7181441255941745,8.72468894968803,-0.86333620288139
2022-10-03,19623.580078,7.335093,0.4368669857519065,-0.70956783642861,8.99926795653543,-0.8594774666401628
2022-10-04,20336.84375,7.721271,0.48909318598444984,-0.6990114185562118,9.525709448268247,-0.85207923584911
2022-10-05,20160.716797,7.875545,0.47619691511741813,-0.7016181259877663,9.736017220061536,-0.8491237214048413
2022-10-06,19955.443359,7.637219,0.46116649635888285,-0.7046562061181557,9.41112896915466,-0.8536894676449389
2022-10-07,19546.849609,7.606438,0.4312486695593907,-0.7107034597977882,9.369168019652028,-0.8542791567053706
2022-10-08,19416.568359,7.448555,0.4217092875381989,-0.7126316433993474,9.153940425021437,-0.8573038108078409
2022-10-09,19446.425781,7.626263,0.4238954912676378,-0.7121897487177625,9.396193646626125,-0.8538993579456468
2022-10-10,19141.484375,7.381632,0.40156723938247874,-0.7167029309177002,9.062710360255357,-0.858585892643755
2022-10-11,19051.417969,7.128555,0.39497244654690356,-0.7180359283144906,8.717713407028436,-0.8634342321501671
2022-10-12,19157.445312,7.149956,0.40273592233155364,-0.7164667064649188,8.746887452066149,-0.8630242410653324
2022-10-13,19382.904297,7.03873,0.41924435610867183,-0.7131298769694911,8.595263119868369,-0.8651550605785248
2022-10-14,19185.65625,6.896555,0.40480156811525747,-0.7160491800132138,8.40144881898351,-0.8678787876233537
2022-10-15,19067.634766,6.886903,0.39615986393615277,-0.7177959170922676,8.388291121553296,-0.8680636964570916
2022-10-16,19268.09375,7.175411,0.41083776139227934,-0.7148290916608719,8.781587948138062,-0.862536585205117
2022-10-17,19550.757812,7.333412,0.43153483384959634,-0.7106456177603794,8.996976401481536,-0.8595096705097767
2022-10-18,19334.416016,7.117894,0.41569397387016926,-0.7138475113819027,8.703180231282111,-0.8636384709687001
2022-10-19,19139.535156,6.778678,0.4014245147411053,-0.7167317796746138,8.240757780858631,-0.8701370241126329
2022-10-20,19053.740234,6.666734,0.395142486157281,-0.7180015584163549,8.08815466428923,-0.8722815987587123
2022-10-21,19172.46875,6.813489,0.4038359602445587,-0.7162443571491836,8.288212464369114,-0.8694701300584213
2022-10-22,19208.189453,6.870749,0.406451481910052,-0.7157156849591273,8.366269836401237,-0.8683731677894788
2022-10-23,19567.007812,7.065635,0.432724682410647,-0.7104051151283787,8.631940269615562,-0.8646396262466021
2022-10-24,19345.572266,6.913848,0.4165108506707367,-0.713682397074933,8.425022799677738,-0.867547495822501
2022-10-25,20095.857422,7.080036,0.47144781763960975,-0.7025780552429921,8.651571848634678,-0.8643637381286307
2022-10-26,20770.441406,7.158166,0.5208418350346955,-0.6925941030179148,8.75807940149653,-0.8628669574427683
2022-10-27,20285.835938,6.908006,0.48535832003303225,-0.6997663424355101,8.417058930180504,-0.8676594143271319
2022-10-28,20595.351562,7.116174,0.5080215027923591,-0.6951854610682895,8.7008355110604,-0.8636714219834151
2022-10-29,20818.476562,7.613307,0.5243590388037072,-0.6918831749288956,9.378531905235134,-0.8541475633797442
2022-10-30,20635.603516,7.788181,0.5109688092259821,-0.6945897256295099,9.616921791311722,-0.850797403061563
2022-10-31,20495.773438,7.861647,0.5007302481736815,-0.6966592334320858,9.717071335386327,-0.8493899732667651
2022-11-01,20485.273438,7.693952,0.4999614229496181,-0.6968146351327632,9.488467929816526,-0.8526026014136445
2022-11-02,20159.503906,7.427645,0.4761081054798144,-0.7016360769710173,9.125435715814456,-0.8577043955274285
2022-11-03,20209.988281,7.714237,0.47980464461515515,-0.7008889000440999,9.516120633128988,-0.8522139901732411
2022-11-04,21147.230469,8.741551,0.5484308765380883,-0.6870175638572644,10.916564766761683,-0.8325331537017706
2022-11-05,21282.691406,8.665482,0.5583495227515043,-0.685012720049155,10.812866788537592,-0.8339904506426751
2022-11-06,20926.486328,8.121049,0.5322676704747535,-0.6902846128978324,10.070690588265766,-0.8444204621510085
2022-11-07,20602.816406,8.895981,0.5085680894933973,-0.6950749801680142,11.127085199226244,-0.8295746506770973
2022-11-08,18541.271484,7.683034,0.35761878124830404,-0.7255861789205456,9.473584409246378,-0.852811763726818
2022-11-09,15880.780273,6.224503,0.16281375730393632,-0.7649618797611717,7.485301194307784,-0.8807536686357069
2022-11-10,17586.771484,7.214661,0.2877289073084428,-0.7397129335202162,8.835093918313765,-0.8617846507123472
2022-11-11,17034.292969,7.009961,0.24727562939557535,-0.7478897050267594,8.556044947741366,-0.8657062046147667
2022-11-12,16799.185547,6.259309,0.23006072307194447,-0.7513693329525375,7.53274906177111,-0.8800868703693288
2022-11-13,16353.365234,6.072446,0.1974171133543965,-0.7579675457941293,7.278015657823527,-0.8836667107546134
2022-11-14,16618.199219,6.264421,0.21680864172175207,-0.7540479599211614,7.5397177883835464,-0.8799889368883851
2022-11-15,16884.613281,6.419929,0.23631586561801887,-0.7501049886526695,7.751707760614972,-0.8770097820068149
2022-11-16,16669.439453,6.187089,0.2205605259490011,-0.753289596158618,7.4342980766478135,-0.881470429836025
2022-11-17,16687.517578,6.234342,0.2218842324731698,-0.7530220369805172,7.498713811901636,-0.8805651773369971
2022-11-18,16697.777344,6.185775,0.22263546741543538,-0.7528701907819504,7.432506819455179,-0.8814956028786619
2022-11-19,16711.546875,6.150218,0.22364369243984705,-0.7526663994929095,7.384035181709001,-0.8821767884776279
2022-11-20,16291.832031,5.771728,0.19291156301308066,-0.7588782471650174,6.8680740440834676,-0.8894277358959312
2022-11-21,15787.28418,5.869119,0.155967837813481,-0.7663456370810657,7.000838373800207,-0.8875619613179608
2022-11-22,16189.769531,6.397805,0.18543839878155932,-0.7603887886960063,7.72154811515848,-0.8774336240123699
2022-11-23,16610.707031,6.701307,0.216260052853388,-0.7541588455170656,8.13528490395508,-0.8716192642053741
2022-11-24,16604.464844,6.831647,0.2158029908706336,-0.7542512308957081,8.312965621221355,-0.8691222669623777
2022-11-25,16521.841797,6.842342,0.20975321157324522,-0.7554740653737029,8.32754514608834,-0.8689173767865772
2022-11-26,16464.28125,7.14682,0.2055385448642464,-0.7563259707923429,8.742612427289817,-0.8630843191944871
2022-11-27,16444.626953,6.902108,0.20409942874092857,-0.756616857571335,8.40901872095512,-0.8677724056554976
2022-11-28,16217.322266,7.207574,0.1874558499872674,-0.7599810037553099,8.825432853074652,-0.8619204203875132
2022-11-29,16444.982422,7.320946,0.20412545669650717,-0.7566115965725599,8.979982632711847,-0.8597484887361937
2022-11-30,17168.566406,7.680302,0.25710732513722245,-0.7459024364109885,9.469860121080263,-0.8528641021990281
2022-12-01,16967.132812,7.687327,0.24235806532379822,-0.7488836862282411,9.479436667334639,-0.8527295202929974
2022-12-02,17088.660156,7.615398,0.25125647365528736,-0.7470850618533456,9.381382376155832,-0.8541075049077854
2022-12-03,16908.236328,7.243604,0.23804557937066972,-0.7497553637308618,8.874549288881802,-0.8612301732595006
2022-12-04,17130.486328,7.446814,0.2543190466133458,-0.746466027733191,9.151567077401669,-0.8573371641314564
2022-12-05,16974.826172,7.275838,0.24292138429768406,-0.7487698232541532,8.91849098168801,-0.8606126482546614
2022-12-06,17089.503906,7.133728,0.2513182542536496,-0.747072574216684,8.724765289416178,-0.863335130057655
2022-12-07,16848.126953,6.887233,0.23364428377993773,-0.7506449922167335,8.3887409806656,-0.8680573744600824
2022-12-08,17233.474609,7.006324,0.2618599978719871,-0.744941784493454,8.55108695503999,-0.8657758806848355
2022-12-09,17133.152344,6.859285,0.25451425617035106,-0.7464265702645784,8.350642003481637,-0.8685927901340678
2022-12-10,17128.724609,6.852805,0.2541900509938304,-0.7464921014597353,8.34180840636728,-0.8687169311662498
2022-12-11,17104.193359,6.714855,0.2523938373007062,-0.7468551679330441,8.153753665329358,-0.8713597174917933
2022-12-12,17206.4375,6.691597,0.2598803015496105,-0.7453419380858349,8.122048140377855,-0.8718052841779802
2022-12-13,17781.318359,6.911357,0.3019739115715585,-0.7368336082596003,8.421627044984549,-0.8675952173211376
2022-12-14,17815.650391,6.728828,0.30448775273298256,-0.7363254886252661,8.17280179071191,-0.8710920288123672
2022-12-15,17364.865234,6.451363,0.27148060993917356,-0.7429971819622101,7.794558885876196,-0.8764075830553315
2022-12-16,16647.484375,5.900254,0.21895294330493642,-0.7536145348690659,7.043281899441494,-0.8869654904789193
2022-12-17,16795.091797,6.029944,0.22976097276137208,-0.7514299211155993,7.220076530577471,-0.8844809456542746
2022-12-18,16757.976562,5.963431,0.2270433414408919,-0.7519792326051269,7.129405381678193,-0.8857551728878438
2022-12-19,16439.679688,5.790945,0.2037371828245358,-0.7566900778946399,6.894270839723378,-0.8890595849367579
2022-12-20,16906.304688,6.020202,0.2379041418891641,-0.7497839523157281,7.206796144298446,-0.884667578669015
2022-12-21,16817.535156,5.981257,0.23140430804822087,-0.7510977557672647,7.153705952999266,-0.8854136701039428
2022-12-22,16830.341797,6.002769,0.23234202887072808,-0.7509082154061824,7.183031314283845,-0.885001552529205
2022-12-23,16796.953125,5.942528,0.22989726189629178,-0.7514023731597212,7.100910214937231,-0.8861556235044645
2022-12-24,16847.755859,5.920004,0.23361711173920452,-0.7506504844680394,7.070205285708248,-0.8865871285366975
2022-12-25,16841.986328,5.985958,0.23319465831407915,-0.7507358744613262,7.16011440053547,-0.8853236103829107
2022-12-26,16919.804688,6.037669,0.23889263146296003,-0.7495841501291429,7.230607323433707,-0.8843329534515575
2022-12-27,16717.173828,5.899226,0.22405570609708714,-0.752583119677116,7.04188052014619,-0.8869851844574814
2022-12-28,16552.572266,5.676936,0.21200334106986407,-0.7550192494551112,6.73885269567849,-0.8912437199580617
2022-12-29,16642.341797,5.603008,0.21857639628749692,-0.7536906458564055,6.638073348846657,-0.8926600005486727
2022-12-30,16602.585938,5.467445,0.21566541464906752,-0.7542790390088332,6.453272588721077,-0.8952570577625157
2022-12-31,16547.496094,5.568658,0.21163165639602743,-0.7550943776228951,6.591247104883971,-0.893318062964638
2023-01-01,16625.080078,5.622443,0.21731246819436412,-0.7539461220934737,6.664567324142575,-0.8922876732399598
2023-01-02,16688.470703,5.687627,0.22195402166761613,-0.7530079305761402,6.75342676770775,-0.891038906412528
2023-01-03,16679.857422,5.622096,0.22132334474430704,-0.753135408530027,6.664094290469939,-0.8922943209156029
2023-01-04,16863.238281,5.804032,0.23475075712617555,-0.7504213421147627,6.912111161549861,-0.8888088698614234
2023-01-05,16836.736328,5.647835,0.23281024570204734,-0.7508135753116648,6.69918193802032,-0.8918012243064463
2023-01-06,16951.96875,5.7108,0.24124773071762107,-0.7491081168019533,6.785016419857599,-0.8905949681195101
2023-01-07,16955.078125,5.829194,0.24147540366343745,-0.74906209754833,6.946412237258423,-0.8883268271682495
2023-01-08,17091.144531,5.933166,0.2514383831949094,-0.7470482927009532,7.088147848242073,-0.886334976643861
2023-01-09,17196.554688,6.072278,0.25915666772577484,-0.7454882053041467,7.27778663863908,-0.8836699292258182
2023-01-10,17446.292969,6.153703,0.277442866758826,-0.7417920382954191,7.388785966576831,-0.8821100243576966
2023-01-11,17934.896484,6.285186,0.3132191245586411,-0.7345606271346632,7.568024832223001,-0.8795911300159682
2023-01-12,18869.587891,6.381332,0.38165858459834934,-0.720727042919776,7.699091966197859,-0.877749206608533
2023-01-13,19909.574219,6.601779,0.457807891421921,-0.705335076819547,7.999607395683807,-0.8735259785033711
2023-01-14,20976.298828,6.860322,0.5359150139484354,-0.689547379829738,8.352055651661821,-0.8685729237374052
2023-01-15,20880.798828,6.693957,0.5289223654819537,-0.6909607952978036,8.125265314635554,-0.8717600723205805
2023-01-16,21169.632812,6.666865,0.5500712085739474,-0.6866860055523732,8.088333244724721,-0.8722790891174753
2023-01-17,21161.519531,6.820442,0.5494771423755938,-0.6868060834252754,8.297690859544444,-0.8693369274971927
2023-01-18,20688.78125,6.350073,0.514862560012433,-0.693802686553151,7.656479402587099,-0.8783480529858447
2023-01-19,21086.792969,6.513942,0.5440055551591041,-0.6879120486462824,7.879867168873021,-0.8752087216891395
2023-01-20,22676.552734,6.950697,0.6604100701622615,-0.6643833466320497,8.475255704009063,-0.8668415586473655
2023-01-21,22777.625,6.870331,0.6678107280245518,-0.6628874607246483,8.365700014858984,-0.8683811756523573
2023-01-22,22720.416016,6.985129,0.6636218032681478,-0.6637341629539458,8.52219373114511,-0.8661819253109311
2023-01-23,22934.431641,7.026174,0.6792923376342146,-0.6605666970399908,8.57814666224987,-0.8653956029859443
2023-01-24,22636.46875,6.659312,0.6574750627355801,-0.6649765960876235,8.078036923890654,-0.8724237862187209
2023-01-25,23117.859375,6.960363,0.6927231822715476,-0.6578519368671341,8.488432486371314,-0.8666563816076938
2023-01-26,23032.777344,7.174173,0.6864933526003716,-0.6591111647066088,8.7799002948622,-0.8625603022726851
2023-01-27,23078.728516,7.37127,0.6898579640393123,-0.6584310799183308,9.048584784128971,-0.8587844033498462
2023-01-28,23031.089844,7.207573,0.6863697914036471,-0.6591361399799319,8.82543148986522,-0.8619204395450798
2023-01-29,23774.566406,7.387718,0.7408082232479865,-0.6481325664419739,9.071006852853811,-0.8584692996928506
2023-01-30,22840.138672,6.906292,0.6723880697276403,-0.6619622482537544,8.414722389215378,-0.8676922503964467
2023-01-31,23139.283203,6.952308,0.6942918660203472,-0.6575348607427323,8.477451834402773,-0.8668106958074202
2023-02-01,23723.769531,7.216624,0.7370888024095485,-0.6488843684195069,8.837769898427267,-0.8617470444089255
2023-02-02,23471.871094,7.10214,0.7186444336221431,-0.6526125060869135,8.681704229902545,-0.8639402792744094
2023-02-03,23449.322266,7.290623,0.716993375742194,-0.6529462323935308,8.938646033128716,-0.8603294036310792
2023-02-04,23331.847656,7.238031,0.708391714470288,-0.6546848756488078,8.866952122721568,-0.8613369383786905
2023-02-05,22955.666016,6.984616,0.6808471493596642,-0.6602524248506745,8.521494404706889,-0.8661917531426455
2023-02-06,22760.109375,6.832168,0.6665282085659578,-0.6631466948116413,8.313675853335024,-0.8691122858701298
2023-02-07,23264.291016,7.198653,0.7034451193383857,-0.6556847248629077,8.813271661738666,-0.8620913250399972
2023-02-08,22939.398438,7.121416,0.6796560137119672,-0.6604931876399223,8.707981454898897,-0.8635709980188011
2023-02-09,21819.039062,6.983141,0.5976216757800847,-0.6770746878685154,8.519483670795829,-0.8662200105535204
2023-02-10,21651.183594,6.902424,0.5853310550376682,-0.6795589759823435,8.409449495135387,-0.8677663518644221
2023-02-11,21870.875,7.006326,0.6014171783179312,-0.6763075075902862,8.551089681458851,-0.8657758423697022
2023-02-12,21788.203125,6.807924,0.5953638237635865,-0.6775310647305897,8.28062620388433,-0.8695767419170778
2023-02-13,21808.101562,6.67166,0.5968208161716855,-0.6772365646400542,8.09486983394746,-0.8721872285851738
2023-02-14,22220.804688,6.80643,0.6270395374401261,-0.6711284915300292,8.278589568994073,-0.8696053633217198
2023-02-15,24307.841797,7.270599,0.7798554205787567,-0.6402400042809469,8.911349127477804,-0.8607130147465752
2023-02-16,23623.474609,7.028155,0.7297450628020177,-0.6503687495098025,8.580847180133132,-0.865357651846322
2023-02-17,24565.601562,7.666772,0.7987289643007243,-0.6364251180097853,9.451415897475746,-0.8531233040764084
2023-02-18,24641.277344,8.008314,0.8042700547818982,-0.6353051041790339,9.917009173036265,-0.8465801904323433
2023-02-19,24327.642578,7.996887,0.7813052624729429,-0.6399469495150287,9.90143177886562,-0.8467991039469644
2023-02-20,24829.148438,8.006446,0.8180262486809069,-0.6325245815584895,9.91446269781873,-0.8466159767669292
2023-02-21,24436.353516,7.636674,0.7892652349744662,-0.6383380100247973,9.410386020014641,-0.8536999085187875
2023-02-22,24188.84375,7.708319,0.7711422110408628,-0.6420011946505739,9.508053159714981,-0.8523273646529408
2023-02-23,23947.492188,7.936591,0.7534700997329857,-0.6455732368597109,9.819235703000288,-0.8479542285883923
2023-02-24,23198.126953,7.455675,0.6986004907135361,-0.6566639637118529,9.163646476171781,-0.8571674089329742
2023-02-25,23175.375,7.376634,0.6969345597265737,-0.6570006963013701,9.05589703951808,-0.8586816421620954
2023-02-26,23561.212891,7.491861,0.7251861695361199,-0.6512902330206876,9.212975572650203,-0.8564741732245572
2023-02-27,23522.871094,7.27909,0.7223787275675941,-0.6518576978264806,8.922924138758361,-0.86055034784777
2023-02-28,23147.353516,7.192696,0.6948827860394413,-0.6574154188031895,8.805151023156839,-0.8622054466647979
2023-03-01,23646.550781,7.528766,0.7314347335742488,-0.6500272184265716,9.263284816709676,-0.8557671632256867
2023-03-02,23475.466797,7.26775,0.7189077162092521,-0.6525592891001201,8.907465343808235,-0.8607675946540887
2023-03-03,22362.679688,6.948714,0.6374278306462213,-0.6690287185506386,8.472552459706938,-0.8668795481021212
2023-03-04,22353.349609,6.852447,0.636744668734059,-0.6691668052310247,8.341320377390899,-0.8687237895751265
2023-03-05,22435.513672,6.944227,0.6427608405574816,-0.6679507637905713,8.466435738989016,-0.8669655081038806
2023-03-06,22429.757812,6.8622,0.6423393881427979,-0.6680359514508437,8.354615758973667,-0.8685369458271525
2023-03-07,22219.769531,6.871421,0.6269637417437011,-0.6711438120212928,8.367185913139021,-0.86836029390466
2023-03-08,21718.080078,6.58442,0.5902293125900833,-0.6785688971839685,7.975943443167118,-0.8738585347036255
2023-03-09,20363.021484,6.158695,0.49100995762330935,-0.6986239838530233,7.395591108057522,-0.8820143897847563
2023-03-10,20187.244141,6.225045,0.47813928570738073,-0.7012255169999517,7.486040053819508,-0.8807432852345584
2023-03-11,20632.410156,6.20798,0.510734986776695,-0.694636987874736,7.4627768848756,-0.8810702091102046
2023-03-12,22163.949219,6.589978,0.6228764975645873,-0.6719699616800682,7.983520161185885,-0.873752056947936
2023-03-13,24197.533203,6.776379,0.7717784653884543,-0.6418725893387496,8.237623762376238,-0.8701810673584642
2023-03-14,24746.074219,6.975946,0.8119434339155192,-0.6337540934551602,8.509675378938143,-0.8663578492458892
2023-03-15,24375.960938,6.551081,0.784843202849455,-0.6392318299609392,7.930495403939403,-0.8744972288196624
2023-03-16,25052.789062,6.674514,0.8344015394291437,-0.6292146641003802,8.098760433664186,-0.8721325528898269
2023-03-17,27423.929688,7.225374,1.0080198940072727,-0.594121398783658,8.849697980950513,-0.8615794157003462
2023-03-18,26965.878906,6.933574,0.9744807516164555,-0.6009006245474099,8.451913468918145,-0.86716959366188
2023-03-19,28038.675781,7.102637,1.053032494263734,-0.5850230570372804,8.682381744989865,-0.8639307579637622
2023-03-20,27767.236328,7.057743,1.0331573039520783,-0.5890404049065312,8.62118182078431,-0.8647908177629571
2023-03-21,28175.816406,7.407576,1.0630741296679074,-0.5829933535747132,9.09807746573914,-0.8580888687334258
2023-03-22,27307.4375,7.180304,0.9994901670986307,-0.5958455020342128,8.78825813188506,-0.8624428472312795
2023-03-23,28333.972656,7.621307,1.0746545596053632,-0.5806526154582604,9.389437580684959,-0.853994302846186
2023-03-24,27493.285156,7.206892,1.013098201933475,-0.5930949266238033,8.824503144242554,-0.861933485847999
2023-03-25,27494.707031,7.084827,1.0132023136825667,-0.5930738826435031,8.658102985019692,-0.864271954226596
2023-03-26,27994.330078,7.262111,1.0497854375927598,-0.5856793806243217,8.89977820582554,-0.8608756241726805
2023-03-27,27139.888672,6.872753,0.9872219989816149,-0.5983252518263746,8.369001708101418,-0.8683347760258225
2023-03-28,27268.130859,6.955334,0.9966120778534873,-0.5964272466874809,8.481576906141667,-0.8667527250106017
2023-03-29,28348.441406,7.382523,1.07571398245876,-0.5804384756147675,9.063924979858582,-0.8585688232518299
2023-03-30,28033.5625,7.23271,1.0526580924151125,-0.5850987344242748,8.859698485338,-0.8614388757910734
2023-03-31,28478.484375,7.594569,1.0852359171996455,-0.5785138186106025,9.35298808691278,-0.8545065378644707
2023-04-01,28411.035156,7.474482,1.0802971875891143,-0.5795120779765033,9.189284355944888,-0.8568071125761456
2023-04-02,28199.308594,7.259294,1.0647942617348445,-0.5826456653873007,8.89593804485777,-0.8609295910380597
2023-04-03,27790.220703,7.239349,1.0348402532148722,-0.5887002324337687,8.868748832751924,-0.8613116887057868
2023-04-04,28168.089844,7.379017,1.0625083795954415,-0.5831077079437788,9.059145567592696,-0.8586359896806617
2023-04-05,28177.984375,7.325242,1.063232871501449,-0.5829612672823687,8.985838980428403,-0.859666187829673
2023-04-06,28044.140625,7.200003,1.0534326380649501,-0.5849421764609437,8.815111994470822,-0.8620654623249593
2023-04-07,27925.859375,7.277441,1.044771913442688,-0.5866927581188717,8.920676206406267,-0.8605819386752497
2023-04-08,27947.794922,7.137542,1.0463780659986144,-0.5863681084703871,8.729964570186883,-0.8632620630982812
2023-04-09,28333.050781,7.212093,1.0745870585812263,-0.5806662593575758,8.83159319649437,-0.8618338473436195
2023-04-10,29652.980469,7.344665,1.1712342241168998,-0.5611310861871245,9.012316597211147,-0.8592940904117605
2023-04-11,30235.058594,7.31378,1.2138548283907613,-0.552516235658354,8.970213873927666,-0.8598857718591284
2023-04-12,30139.052734,7.250481,1.2068251401216283,-0.5539371379363534,8.883924080140357,-0.8610984266733407
2023-04-13,30399.066406,7.464563,1.2258637181821,-0.550088893476528,9.175762681596536,-0.8569971364801909
2023-04-14,30485.699219,7.752357,1.2322070983598112,-0.5488067138122743,9.568086176647405,-0.8514837037308365
2023-04-15,30318.496094,8.013287,1.219964243117694,-0.5512813471440428,9.92378841353776,-0.8464849198531703
2023-04-16,30315.355469,8.136897,1.2197342820015682,-0.5513278289027276,10.092294731331869,-0.8441168530340298
2023-04-17,29445.044922,8.164323,1.1560088818775642,-0.5642085659618937,10.129682113192732,-0.8435914376098591
2023-04-18,30397.552734,8.576399,1.2257528849235708,-0.5501112960672963,10.691428002775496,-0.8356970641565452
2023-04-19,28822.679688,7.77036,1.1104383970700082,-0.573419672229138,9.592628036037805,-0.8511388100576306
2023-04-20,28245.988281,7.518751,1.0682122160983671,-0.5819547984590256,9.249632274255926,-0.8559590262561348
2023-04-21,27276.910156,7.11765,0.9972549107090249,-0.5962973116699046,8.702847608180893,-0.8636431454149736
2023-04-22,27817.5,7.179795,1.0368376828937595,-0.5882964944197608,8.787564258284565,-0.8624525984327271
2023-04-23,27591.384766,7.079931,1.0202811976133592,-0.5916430365066807,8.6514287116444,-0.8643657496731336
2023-04-24,27525.339844,7.076444,1.015445292665273,-0.5926205120495287,8.646675200357707,-0.8644325521081982
2023-04-25,28307.597656,7.27154,1.0727233438639656,-0.5810429697302,8.912631907552589,-0.8606949874763155
2023-04-26,28422.701172,7.00423,1.0811513901953167,-0.5793394190501673,8.548232394490999,-0.8658159966294944
2023-04-27,29473.787109,7.170404,1.1581134264833115,-0.5637831769389425,8.774762358515902,-0.8626325071415577
2023-04-28,29340.261719,7.050134,1.1483365038276059,-0.565759374337953,8.610809160222095,-0.8649365876879376
2023-04-29,29248.488281,7.187723,1.141616719633947,-0.5671176360848299,8.798371782655341,-0.862300717243971
2023-04-30,29268.806641,7.052086,1.1431044594129567,-0.56681692106588,8.613470145031853,-0.8648991921177495
2023-05-01,28091.568359,6.901027,1.0569053655144143,-0.584240238315908,8.407545091559962,-0.8677931149850946
2023-05-02,28680.537109,6.986553,1.1000305113415672,-0.5755234054210681,8.524134941375179,-0.8661546449359578
2023-05-03,29006.308594,7.123072,1.1238839718128624,-0.5707019346780977,8.710238929717011,-0.8635392730883545
2023-05-04,28847.710938,6.997713,1.1122712214880877,-0.5730492056748446,8.539348358627684,-0.8659408464916442
2023-05-05,29534.384766,7.235921,1.162550474790049,-0.5628863218003842,8.864075750821675,-0.8613773608444165
2023-05-06,28904.623047,6.943518,1.1164384086265495,-0.5722068972436317,8.465469223502277,-0.8669790908186672
2023-05-07,28454.978516,6.909634,1.0835147841222663,-0.5788617091310293,8.419278235134541,-0.8676282258085528
2023-05-08,27694.273438,6.591796,1.027814855356596,-0.5901202674962773,7.985998475931856,-0.873717228491685
2023-05-09,27658.775391,6.524263,1.0252156368862542,-0.5906456443414703,7.893936853412727,-0.8750109964432828
2023-05-10,27621.755859,6.595904,1.0225050130781952,-0.591193539411097,7.991598540275341,-0.8736385292077028
2023-05-11,27000.789062,6.366951,0.9770369238553878,-0.6003839485842373,7.679487651367367,-0.8780247115751704
2023-05-12,26804.990234,6.621964,0.9627002497783919,-0.603281802952031,8.027123778053147,-0.8731392830196372
2023-05-13,26784.078125,6.50039,0.961169034836719,-0.6035913055523501,7.861392954661019,-0.875468345032987
2023-05-14,26930.638672,6.543809,0.9719004105877795,-0.601422185718445,7.920582144955512,-0.8746365426446668
2023-05-15,27192.693359,6.638051,0.9910884347258411,-0.5975437339060379,8.049053728173313,-0.8728310952442184
2023-05-16,27036.650391,6.659044,0.979662742360496,-0.599853195106604,8.077671583763085,-0.872428920446595
2023-05-17,27398.802734,6.753897,1.0061800620035504,-0.5944932817726524,8.206976087943367,-0.8706117677728961
2023-05-18,26832.208984,6.534812,0.9646932461181514,-0.60287896104343,7.908317349702752,-0.8748089032722197
2023-05-19,26890.128906,6.508409,0.9689342267857122,-0.6020217368165823,7.872324531090037,-0.8753147205056617
2023-05-20,27129.585938,6.512511,0.9864676178600895,-0.598477733958301,7.877916416176934,-0.8752361361670797
2023-05-21,26753.826172,6.42947,0.9589539429754257,-0.6040390393566369,7.7647141417983185,-0.8768269996629801
2023-05-22,26851.277344,6.529931,0.9660894590847724,-0.6025967462269415,7.901663524468928,-0.8749024113552568
2023-05-23,27225.726562,6.50833,0.993507173744699,-0.597054837151274,7.872216837544968,-0.8753162339534306
2023-05-24,26334.818359,6.327066,0.9282735833836111,-0.6102404228554277,7.6251160432028335,-0.8787888111227913
2023-05-25,26476.207031,6.279227,0.938626266948414,-0.6081478476092073,7.559901467222311,-0.8797052899559024
2023-05-26,26719.291016,6.352191,0.9564252287802097,-0.604550165259071,7.6593666801624405,-0.8783074772595851
2023-05-27,26868.353516,6.4402,0.9673398011575387,-0.6023440161155263,7.779341378995397,-0.8766214389723452
2023-05-28,28085.646484,6.638851,1.0564717572407236,-0.5843278830250698,8.050144295718296,-0.8728157691908626
2023-05-29,27745.884766,6.640285,1.031593911624578,-0.5893564114824281,8.052099138042678,-0.8727882972402222
2023-05-30,27702.349609,6.613655,1.0284062043069437,-0.5900007388573858,8.015796870889071,-0.873298463241304
2023-05-31,27219.658203,6.480095,0.9930628397001395,-0.5971446498473618,7.833726619254243,-0.8758571478490573
2023-06-01,26819.972656,6.346456,0.9637972844404075,-0.603060060679739,7.651548674074347,-0.8784173459045796
2023-06-02,27249.589844,6.45637,0.9952544778523691,-0.5967016567125556,7.801384475498356,-0.8763116611188908
2023-06-03,27075.128906,6.416921,0.9824801950192108,-0.5992837068522668,7.7476072266458385,-0.8770674079674328
2023-06-04,27119.066406,6.456024,0.9856973624746665,-0.5986334247357419,7.800912805035152,-0.8763182896369672
2023-06-05,25760.097656,6.06595,0.8861917002161952,-0.6187463823469218,7.26916024935827,-0.8837911583078627
2023-06-06,27238.783203,6.26066,0.9944631999296838,-0.5968615967496995,7.534590757712698,-0.8800609884967241
2023-06-07,26345.998047,5.914067,0.9290921763485216,-0.6100749616622616,7.062111911315048,-0.8867008670101644
2023-06-08,26508.216797,5.995314,0.9409700684262396,-0.6076740978878088,7.172868587974039,-0.8851443721889145
2023-06-09,26480.375,5.986427,0.9389314516817773,-0.6080861609929243,7.160753745758715,-0.8853146254841309
2023-06-10,25851.240234,5.241125,0.8928652919259636,-0.6173974574302248,6.144751030245528,-0.899592798256876
2023-06-11,25940.167969,5.173131,0.899376709619947,-0.6160813125486642,6.052060968178602,-0.9008953978467201
2023-06-12,25902.5,5.163538,0.896618606314572,-0.6166388045909177,6.038983700104831,-0.9010791763840231
2023-06-13,25918.728516,5.293572,0.8978068817859925,-0.6163986199255969,6.21624727528515,-0.8985880413564354
2023-06-14,25124.675781,5.242557,0.8396651892236542,-0.6281507290157406,6.146703146151046,-0.899565364621369
2023-06-15,25576.394531,5.306049,0.8727406910505497,-0.6214652183511833,6.233256039358583,-0.8983490123967848
2023-06-16,26327.462891,5.319081,0.9277350053518785,-0.6103492849731874,6.251021384666347,-0.8980993509876185
2023-06-17,26510.675781,5.283658,0.9411501188000271,-0.6076377045263288,6.202732416983954,-0.8987779694726473
2023-06-18,26336.212891,5.161346,0.928375693038598,-0.6102197835559563,6.035995545031579,-0.9011211697702181
2023-06-19,26851.029297,5.119156,0.9660712967237866,-0.6026004173627175,5.978481739128065,-0.9019294275090703
2023-06-20,28327.488281,5.26321,1.0741797642660975,-0.5807485852585299,6.174857510534201,-0.899169703396422
2023-06-21,30027.296875,5.563837,1.1986422140896207,-0.5555911427505684,6.5846750722160206,-0.8934104215936736
2023-06-22,29912.28125,5.568067,1.1902206032647236,-0.5572933926295656,6.5904414481101155,-0.8933293850865547
2023-06-23,30695.46875,6.05901,1.2475667275667406,-0.545702090777256,7.259699575905547,-0.8839241118207244
2023-06-24,30548.695312,6.136026,1.2368197636279872,-0.547874361432443,7.364688513461012,-0.88244867266416
2023-06-25,30480.261719,6.150531,1.2318089567259212,-0.5488871896929822,7.384461866260976,-0.8821707921592524
2023-06-26,30271.130859,6.066921,1.2164960919356282,-0.5519823602937555,7.2704839257159914,-0.883772556310602
2023-06-27,30688.164062,6.19884,1.2470318677202346,-0.545810201342791,7.450317150674175,-0.8812453092697948
2023-06-28,30086.246094,5.82158,1.20295856137591,-0.5547186847614064,6.936032760649051,-0.8884726928810636
2023-06-29,30445.351562,5.901479,1.2292527844137675,-0.549403865670955,7.044951830994748,-0.8869420224597182
2023-06-30,30477.251953,6.308454,1.231588577295509,-0.5489317347172717,7.599743989268816,-0.8791453717541143
2023-07-01,30590.078125,6.497599,1.239849873197235,-0.5472618890972988,7.85758823713846,-0.8755218138016321
2023-07-02,30620.769531,6.530424,1.242097142444356,-0.546807651317434,7.902335586718523,-0.8748929666748764
2023-07-03,31156.439453,6.620472,1.2813196708068024,-0.5388796497097665,8.025089869581755,-0.8731678661091458
2023-07-04,30777.582031,6.526224,1.2535791810584938,-0.5444868009186274,7.8966101071073656,-0.8749734284549944
2023-07-05,30514.166016,6.304579,1.234291478510468,-0.5483854006059279,7.594461552722807,-0.8792196073250566
2023-07-06,29909.337891,6.09197,1.1900050862511358,-0.5573369548194993,7.304630958758825,-0.8832926784224648
2023-07-07,30342.265625,6.154138,1.2217046826412141,-0.5509295542353092,7.389378962679416,-0.8821016908161844
2023-07-08,30292.541016,6.193656,1.2180637746739862,-0.5516654865023679,7.443250272982688,-0.8813446220955404
2023-07-09,30171.234375,6.148782,1.209181526536157,-0.5534608444371163,7.382077612965757,-0.8822042987434016
2023-07-10,30414.470703,6.168487,1.2269916431432968,-0.5498609073859052,7.408939654808108,-0.8818267988916811
2023-07-11,30620.951172,6.20408,1.2421104424617395,-0.5468049630012138,7.457460368093811,-0.8811449236203142
2023-07-12,30391.646484,6.249074,1.2253204207350352,-0.5501987095239274,7.51879661324249,-0.8802829480644497
2023-07-13,31476.048828,7.092254,1.3047219326493882,-0.5341493791928685,8.668227541465424,-0.8641296709787539
2023-07-14,30334.068359,6.944936,1.2211044669393893,-0.5510508750998144,8.467402254475758,-0.866951925389094
2023-07-15,30295.806641,6.915661,1.2183028884713512,-0.551617154723437,8.427494298376555,-0.8675127631540833
2023-07-16,30249.132812,6.616025,1.2148853630390821,-0.5523079349523632,8.019027677241082,-0.8732530598082373
2023-07-17,30145.888672,7.191558,1.2073256774134884,-0.5538359649467414,8.8035996908241,-0.8622272479756965
2023-07-18,29856.5625,6.92312,1.186140795602506,-0.558118039154291,8.437662477524086,-0.8673698668641071
2023-07-19,29913.923828,6.917885,1.1903408752074753,-0.5572690822091184,8.430526076151606,-0.8674701567257542
2023-07-20,29792.015625,8.342902,1.1814145798277949,-0.5590733433589015,10.373122690212021,-0.8401702985070738
2023-07-21,29908.744141,8.142471,1.189961611015251,-0.5573457424156686,10.099893260701537,-0.8440100687572731
2023-07-22,29771.802734,7.869027,1.1799345626418858,-0.5593724974195686,9.727131820988792,-0.8492485904245577
2023-07-23,30084.539062,7.89574,1.2028335700178263,-0.5547439491114932,9.763547234525188,-0.8487368343454403
2023-07-24,29176.916016,7.590984,1.1363760946172468,-0.5681769171993376,9.348100981101828,-0.8545752177410715
2023-07-25,29227.390625,7.402596,1.1400719186719077,-0.5674298848108019,9.091288682771623,-0.8581842734155658
2023-07-26,29354.972656,7.753373,1.1494136599642926,-0.5655416500876331,9.569471197429532,-0.8514642396430746
2023-07-27,29210.689453,7.988919,1.138849034642858,-0.5676770648614786,9.890569726117594,-0.8469517514383884
2023-07-28,29319.246094,7.801768,1.1467977092943245,-0.5660704089918385,9.635443717853818,-0.8505371092028813
2023-07-29,29356.917969,7.852122,1.149556098602683,-0.5655128591401523,9.704086765553878,-0.8495724490895328
2023-07-30,29275.308594,7.55617,1.1435805418388685,-0.5667206911083633,9.300642207963051,-0.8552421692679832
2023-07-31,29230.111328,7.544678,1.1402711324903443,-0.5673896179657316,9.284976205179378,-0.8554623280244396
2023-08-01,29675.732422,7.628018,1.1729001551038625,-0.5607943535976072,9.39858607917793,-0.8538657364160974
2023-08-02,29151.958984,7.349018,1.1345487045487364,-0.5685462853152099,9.018250647865283,-0.8592106975239382
2023-08-03,29178.679688,7.125889,1.1365052332382537,-0.5681508145680769,8.71407909068478,-0.8634853062229754
2023-08-04,29074.091797,7.13281,1.1288471562161209,-0.5696987322949015,8.723513863158312,-0.8633527167038808
2023-08-05,29042.126953,7.220319,1.126506643992268,-0.570171817163424,8.842806957275654,-0.8616762571999883
2023-08-06,29041.855469,7.101794,1.1264867655401605,-0.5701758351705961,8.681232559439339,-0.8639469077924858
2023-08-07,29180.578125,7.29673,1.1366442395479583,-0.5681227173929885,8.946971153125226,-0.8602124083712742
2023-08-08,29765.492188,7.450204,1.179472495314037,-0.5594658945224832,9.156188357373532,-0.8572722199803612
2023-08-09,29561.494141,7.694713,1.1645354625337245,-0.5624850986594985,9.48950533219369,-0.8525880225053898
2023-08-10,29429.591797,7.608377,1.1548773816594116,-0.5644372747148252,9.371811282739179,-0.8542420101835494
2023-08-11,29397.714844,7.484984,1.1525433049420126,-0.564909058782312,9.203600781391646,-0.8566059198107171
2023-08-12,29415.964844,7.439908,1.1538795964028847,-0.5646389558263729,9.142152753069608,-0.8574694662870506
2023-08-13,29282.914062,7.369263,1.1441374252330787,-0.5666081289501113,9.045848822800496,-0.8588228525862025
2023-08-14,29408.443359,7.414638,1.1533288623657025,-0.5647502750226223,9.107704450742473,-0.8579535779974273
2023-08-15,29170.347656,7.039225,1.1358951497745107,-0.5682741299912101,8.595937908536827,-0.8651455775830109
2023-08-16,28701.779297,6.753679,1.1015858951462052,-0.5752090175980864,8.20667890828736,-0.8706159441224355
2023-08-17,26664.550781,6.209253,0.9524170694050518,-0.605360329603307,7.464512250481555,-0.8810458215278021
2023-08-18,26049.556641,6.170828,0.9073863067876045,-0.6144623424854606,7.412130928086613,-0.8817819510280487
2023-08-19,26096.205078,6.172726,0.910801972980817,-0.6137719380622472,7.414718299587085,-0.881745589966462
2023-08-20,26189.583984,6.216061,0.9176393118692219,-0.6123899151289337,7.473792980289355,-0.8809153968137442
2023-08-21,26124.140625,6.179046,0.9128474542362086,-0.6133584874419469,7.4233337831924455,-0.881624514144951
2023-08-22,26031.65625,6.108273,0.9060756142046142,-0.6147272711715739,7.326855362116136,-0.88298035261264
2023-08-23,26431.640625,6.345689,0.9353630500837804,-0.6088074376363957,7.650503092440596,-0.8784320397582346
2023-08-24,26162.373047,6.077851,0.9156468876086503,-0.6127926414038694,7.285383804799315,-0.8835631641066283
2023-08-25,26047.667969,6.007421,0.9072480154853584,-0.6144902951369675,7.1893729645579185,-0.8849124315289408
2023-08-26,26008.462891,6.00289,0.9043773628303322,-0.6150705366413853,7.183196262625023,-0.8849992344636348
2023-08-27,26089.693359,6.023508,0.9103251754742254,-0.6138683125581456,7.211302914678084,-0.8846042437535221
2023-08-28,26106.150391,5.978857,0.9115301832184939,-0.613624745819012,7.150434250364318,-0.8854596482640102
2023-08-29,27727.392578,6.192354,1.0302398868071947,-0.5896300988599944,7.441475374303231,-0.8813695652473771
2023-08-30,27297.265625,5.937587,0.9987453676628193,-0.5959960474317441,7.094174597137533,-0.8862502810415034
2023-08-31,25931.472656,5.875497,0.898740026194659,-0.6162100045894376,7.0095329235525785,-0.8874397743575817
2023-09-01,25800.724609,5.933749,0.8891664646203132,-0.6181450968622038,7.088942599340479,-0.886323807782478
2023-09-02,25868.798828,5.966879,0.8941509576370386,-0.6171375873950721,7.134105727797067,-0.8856891175978803
2023-09-03,25969.566406,6.025087,0.9015293058021987,-0.6156462109194207,7.213455422369995,-0.8845739939557111
2023-09-04,25812.416016,6.011154,0.8900225263923505,-0.6179720621449551,7.194461825364693,-0.8848409163324693
2023-09-05,25779.982422,6.13513,0.8876476916138523,-0.6184520845894007,7.363467077810633,-0.8824658378439185
2023-09-06,25753.236328,6.293779,0.8856893038317215,-0.6188479311126461,7.579738890865542,-0.87942650904536
2023-09-07,26240.195312,6.384525,0.9213451466872931,-0.6116408592770537,7.70344469391177,-0.8776880364980765
2023-09-08,25905.654297,6.277105,0.8968495685143614,-0.6165921204844185,7.5570087368092445,-0.8797459423124286
2023-09-09,25895.677734,6.167316,0.8961190701063748,-0.6167397752327152,7.407343336564139,-0.8818492324022807
2023-09-10,25832.226562,6.017714,0.891473083293995,-0.6176788628554554,7.20340447923355,-0.8847152426949516
2023-09-11,25162.654297,5.823768,0.8424460312306348,-0.627588640827588,6.939015462884579,-0.8884307761251353
2023-09-12,25833.34375,5.959389,0.8915548854191782,-0.6176623282921052,7.1238952891571685,-0.885832607772424
2023-09-13,26228.324219,6.021814,0.9204759280458068,-0.6118165533762061,7.208993637901585,-0.884636696671503
2023-09-14,26539.673828,6.153503,0.9432733978459484,-0.6072085287339364,7.388513324690585,-0.8821138558710355
2023-09-15,26608.693359,6.362201,0.9483271079779323,-0.6061870284960931,7.673012406569034,-0.8781157100169705
2023-09-16,26568.28125,6.283412,0.9453680747629987,-0.606785134254813,7.565606498692,-0.8796251155392847
2023-09-17,26534.1875,6.143583,0.9428716809551023,-0.6072897272769529,7.3749902871328015,-0.8823038989326477
2023-09-18,26754.28125,6.565755,0.9589872644464081,-0.6040323041285283,7.950499139133244,-0.8742161106859834
2023-09-19,27211.117188,6.863013,0.9924374541981298,-0.5972710582527437,8.355724048241255,-0.8685213707254296
2023-09-20,27132.007812,6.910942,0.9866449509858708,-0.5984418898308319,8.42106131307059,-0.867603167711316
2023-09-21,26567.632812,6.682,0.9453205951924615,-0.60679473124224,8.10896541946636,-0.8719891393455499
2023-09-22,26579.568359,6.93922,0.94619453324928,-0.6066180832134482,8.459610149366858,-0.8670614300403213
2023-09-23,26579.390625,7.192823,0.9461815193081016,-0.6066207137054356,8.805324150754604,-0.8622030136538277
2023-09-24,26256.826172,6.989485,0.9225628823697567,-0.6113947198553654,8.52813187142754,-0.8660984749504087
2023-09-25,26298.480469,7.484897,0.9256128703911117,-0.6107782295130493,9.203482182171129,-0.8566075865190196
2023-09-26,26217.25,7.363939,0.9196650576739973,-0.6119804536110892,9.038591095788638,-0.8589248474712855
2023-09-27,26352.716797,7.642251,0.9295841329651098,-0.6099755230740307,9.4179886390126,-0.8535930667693308
2023-09-28,27021.546875,7.822663,0.978556841020225,-0.6000767295897094,9.66392797891933,-0.850136811846794
2023-09-29,26911.720703,7.954563,0.9705152094682317,-0.6017021747237746,9.84373530289832,-0.8476099287997539
2023-09-30,26967.916016,8.180992,0.9746299117642832,-0.6008704749894607,10.152405451201874,-0.8432721001306239
2023-10-01,27983.75,8.047098,1.0490107489414306,-0.5858359674923692,9.969879887617015,-0.8458371833656534
2023-10-02,27530.785156,7.471463,1.0158440063051302,-0.5925399205499555,9.185168826672012,-0.8568649492699971
2023-10-03,27429.978516,7.419229,1.0084627979636935,-0.5940318751495337,9.11396294524124,-0.8578656256087317
2023-10-04,27799.394531,7.679329,1.0355119742022647,-0.5885644582934904,9.468533718303677,-0.8528827425114222
2023-10-05,27415.912109,7.474691,1.0074328352481183,-0.5942400602514594,9.189569266716015,-0.8568031086447063
2023-10-06,27946.597656,7.652022,1.046290400446166,-0.5863858282011074,9.43130855836513,-0.8534058781851562
2023-10-07,27968.839844,7.532812,1.047919005700714,-0.5860566402161564,9.268800362068426,-0.8556896517108397
2023-10-08,27935.089844,7.6935,1.0454477817662244,-0.5865561456826194,9.487851759153612,-0.8526112606337906
2023-10-09,27583.677734,7.283275,1.01971687755581,-0.5917571018285831,8.928629170228051,-0.8604701734311524
2023-10-10,27391.019531,7.2666,1.0056101645949402,-0.594608474437692,8.905897652962324,-0.8607896258557877
2023-10-11,26873.320312,7.393108,0.9677034771620701,-0.6022705067302581,9.07835455168813,-0.8583660404083657
2023-10-12,26756.798828,7.201082,0.9591716051578316,-0.603995043566358,8.816582897447118,-0.8620447913104956
2023-10-13,26862.375,7.259516,0.966902045547704,-0.6024324991206622,8.896240677351502,-0.8609253380582534
2023-10-14,26861.707031,7.322572,0.9668531358890287,-0.6024423851700527,8.982199211247023,-0.859717338532748
2023-10-15,27159.652344,7.42225,0.9886691237010163,-0.5980327462796671,9.11808120093298,-0.8578077505997468
2023-10-16,28519.466797,7.539671,1.0882367095593417,-0.5779072721271094,9.27815061555722,-0.8555582499608803
2023-10-17,28415.748047,7.332848,1.080642272301406,-0.5794423264263597,8.996207551362325,-0.8595204753773926
2023-10-18,28328.341797,7.361921,1.0742422599451396,-0.5807359530834866,9.035840139156418,-0.8589635074408756
2023-10-19,28719.806641,7.310982,1.1029058834119256,-0.5749422099870105,8.966399613939089,-0.8599393747307404
2023-10-20,29682.949219,7.581278,1.173428579443914,-0.5606875438331078,9.334869670362329,-0.8547611610834109
2023-10-21,29918.412109,8.903846,1.1906695136499024,-0.5572026549233549,11.137806841402853,-0.8294239764150431
2023-10-22,29993.896484,10.132684,1.196196589033013,-0.5560854739472054,12.812970392454362,-0.8058824304729758
2023-10-23,33086.234375,10.546122,1.4226220530261475,-0.5103183722966869,13.37657297328246,-0.7979619644138236
2023-10-24,33901.527344,10.394032,1.4823189863184107,-0.49825190430307764,13.169242450886973,-0.8008756387324312
2023-10-25,34502.820312,11.026677,1.526346529256541,-0.489352670985693,14.031670081506292,-0.7887556999508187
2023-10-26,34156.648438,10.929611,1.5009993227239207,-0.4944760707900998,13.899348794854703,-0.7906152483196132
2023-10-27,33909.800781,11.204941,1.482924779371296,-0.49812945609543513,14.274681247554744,-0.7853405954815422
2023-10-28,34089.574219,10.925374,1.4960880511571064,-0.4954687800952622,13.89357287649459,-0.790696418929699
2023-10-29,34538.480469,11.103345,1.5289576176561277,-0.48882489488624337,14.13618462217969,-0.7872869276274641
2023-10-30,34502.363281,11.23747,1.5263130647840666,-0.4893594351185181,14.319025087143164,-0.7847174189945281
2023-10-31,34667.78125,11.375027,1.5384252083155467,-0.48691122238469,14.50654408687461,-0.7820821615926957
2023-11-01,35437.253906,11.624006,1.594767111854583,-0.47552290244496365,14.84595460785236,-0.7773123297945987
2023-11-02,34938.242188,11.004576,1.5582287503401422,-0.4829083566959287,14.00154178986672,-0.7891791013323398
2023-11-03,34732.324219,11.484773,1.5431511380872749,-0.48595597598951223,14.656150869114175,-0.7799796952782115
2023-11-04,35082.195312,11.497036,1.5687692067986125,-0.4807778271447458,14.672867906369323,-0.7797447660378336
2023-11-05,35049.355469,12.227702,1.5663646258793094,-0.48126386214019123,15.668918688647057,-0.7657469834112332
2023-11-06,35037.371094,13.009284,1.5654871125655343,-0.4814412328312918,16.7343786423252,-0.7507737741188018
2023-11-07,35443.5625,13.068293,1.5952290362541617,-0.4754295342319652,16.814820267652543,-0.7496433052657101
2023-11-08,35655.277344,14.937856,1.6107311040994814,-0.472296120249466,19.363426181527696,-0.7138270274031366
2023-11-09,36693.125,14.635877,1.6867238142583294,-0.45693580684123614,18.951765560694856,-0.7196122102360565
2023-11-10,37313.96875,15.509591,1.7321828938013897,-0.44774721878362556,20.14282072569091,-0.7028739760089026
2023-11-11,37138.050781,16.42251,1.719301925045846,-0.4503508332181311,21.387320516438262,-0.6853846693794803
2023-11-12,37054.519531,16.001081,1.7131856458079842,-0.4515871092476269,20.812824529045223,-0.6934582235540903
2023-11-13,36502.355469,14.407805,1.6727553925997056,-0.4597592267988383,18.640855659295795,-0.7239815147872659
2023-11-14,35537.640625,13.968099,1.6021175729715518,-0.4740371627441998,18.041444293128198,-0.7324052118083563
2023-11-15,37880.582031,15.017497,1.7736711397749265,-0.4393612504508847,19.471993543840135,-0.7123012996339986
2023-11-16,36154.769531,13.888024,1.6473046462507392,-0.4649035549794799,17.932285297922604,-0.73393925396144
2023-11-17,36596.683594,13.68434,1.679662234679573,-0.45836315527058047,17.654621348132338,-0.7378413437760973
2023-11-18,36585.703125,13.748294,1.6788582288186924,-0.45852566799027905,17.741804044097098,-0.7366161407557001
2023-11-19,37386.546875,14.939277,1.7374971693456969,-0.4466730507781994,19.36536330212947,-0.7137998045008633
2023-11-20,37476.957031,14.465623,1.7441171320546789,-0.4453349658257323,18.719673702190544,-0.7228738625961078
2023-11-21,35813.8125,13.531919,1.6223392780836368,-0.4699497742628421,17.446839603415114,-0.7407613592492808
2023-11-22,37432.339844,14.236408,1.7408501969315977,-0.44599530741994553,18.407205652411587,-0.7272650642460494
2023-11-23,37289.621094,14.402032,1.7304001231271404,-0.4481075680359977,18.632985851249316,-0.7240921114197949
2023-11-24,37720.28125,14.46033,1.7619336841682727,-0.44173372797348553,18.712458234671054,-0.7229752635966231
2023-11-25,37796.792969,14.756277,1.7675359831686208,-0.440601342139738,19.115895976214723,-0.7173056392060062
2023-11-26,37479.121094,14.789014,1.7442755878852374,-0.44530293734282056,19.160523363364838,-0.7166784779451195
2023-11-27,37254.167969,14.201328,1.7278041939107713,-0.44863228002831457,18.359384265564103,-0.7279371116857019
2023-11-28,37831.085938,14.519682,1.7700469640805467,-0.44009380064413084,18.793367440833304,-0.7218382236981552
2023-11-29,37858.492188,14.511725,1.7720536894421643,-0.4396881837051605,18.78252038338902,-0.7219906604563455
2023-11-30,37712.746094,14.404431,1.7613819491206488,-0.44184524950274917,18.636256190674832,-0.7240461524172941
2023-12-01,38688.75,14.983229,1.8328463702365756,-0.42740023361130663,19.42527908305081,-0.7129577911294949
2023-12-02,39476.332031,15.994241,1.8905142684700902,-0.415743891988418,20.803500176535625,-0.6935892613102825
2023-12-03,39978.390625,15.742612,1.9272757266629497,-0.4083133434791527,20.46047715056512,-0.6984098606601208
2023-12-04,41980.097656,15.764349,2.073843617769418,-0.37868775520532105,20.490109233971726,-0.6979934326328765
2023-12-05,44080.648438,15.72078,2.2276489916387288,-0.34759926340703895,20.430715562262545,-0.6988281086562009
2023-12-06,43746.445312,15.290307,2.2031781541882864,-0.35254552380247606,19.843890708773483,-0.7070749238639984
2023-12-07,43292.664062,15.712053,2.16995163312095,-0.359261559801095,20.41881883355622,-0.6989952967407462
2023-12-08,44166.601562,16.942026,2.233942604002372,-0.34632714325007385,22.09552962731217,-0.6754320069604804
2023-12-09,43725.984375,16.218416,2.2016799747146125,-0.3528483489841192,21.10909765078119,-0.6892946137964826
2023-12-10,43779.699219,16.333546,2.2056130534740253,-0.35205336059276493,21.26604395259848,-0.6870890031429138
2023-12-11,41243.832031,14.765365,2.0199331811874344,-0.3895846057077288,19.12828482352572,-0.7171315352398842
2023-12-12,41450.222656,14.521308,2.035045401997931,-0.3865299910287894,18.79558401936848,-0.7218070734947095
2023-12-13,42890.742188,14.778791,2.1405223307558026,-0.3652100686352887,19.146587273349393,-0.7168743257494401
2023-12-14,43023.972656,15.393107,2.150277658795057,-0.3632382361296467,19.984028638303734,-0.7051055260077761
2023-12-15,41929.757812,14.327272,2.0701576614034547,-0.37943279305002886,18.5310723141707,-0.7255243311058959
2023-12-16,42240.117188,14.318156,2.092882624907586,-0.3748394240165467,18.518645296995622,-0.7256989714838853
2023-12-17,41364.664062,14.020899,2.028780677692922,-0.3877962720778525,18.113421751097043,-0.7313936922868725
2023-12-18,42623.539062,14.645723,2.120957330449384,-0.3691647181787845,18.965187720754727,-0.7194235848343797
2023-12-19,42270.527344,14.095596,2.09510930062192,-0.37438934878223573,18.215249405981492,-0.7299626795274732
2023-12-20,43652.25,14.225022,2.1962810368688457,-0.35393962967682224,18.391684149827622,-0.727483192300436
2023-12-21,43869.152344,15.286552,2.2121629409855776,-0.3507294398541074,19.83877185735922,-0.7071468605269373
2023-12-22,43997.902344,15.497313,2.2215902026615932,-0.34882391900056353,20.126083240294292,-0.703109192612781
2023-12-23,43739.542969,15.68734,2.2026727546260445,-0.3526476795968435,20.38512983888228,-0.699468737686474
2023-12-24,43016.117188,15.310327,2.149702470038369,-0.3633544983283912,19.871182161586667,-0.7066913893787692
2023-12-25,43613.140625,15.608395,2.1934173917262405,-0.35451845476133925,20.277511270333974,-0.7009811317891925
2023-12-26,42520.402344,15.090893,2.113405510418382,-0.37069115831016375,19.572047663254555,-0.7108952108688692
2023-12-27,43442.855469,16.672073,2.1809488657056333,-0.35703870265110216,21.727527151723848,-0.6806036495624335
2023-12-28,42627.855469,16.051332,2.121273384028329,-0.36910083465605925,20.881327166173865,-0.6924955366701115
2023-12-29,42099.402344,15.533926,2.082579280005934,-0.37692202649922746,20.175994427199846,-0.7024077766233854
2023-12-30,42156.902344,15.193248,2.0867895133758054,-0.37607101718599434,19.71157896458791,-0.7089343381298261
2023-12-31,42265.1875,14.946123,2.0947183095019426,-0.37446837933832633,19.374695833895657,-0.713668651799271
2024-01-01,44167.332031,15.535809,2.233996090001667,-0.34631633219056046,20.178561350558848,-0.7023717029252992
2024-01-02,44957.96875,15.165293,2.2918876569195668,-0.3346147806905062,19.673470444937927,-0.7094698879067783
2024-01-03,42848.175781,14.150558,2.137405556717769,-0.36584005835333866,18.290174122740652,-0.7289097413467953
2024-01-04,44179.921875,14.554019,2.2349179366334977,-0.3461300004601925,18.840175963073385,-0.7211804103305569
2024-01-05,44162.691406,14.065112,2.2336562967106746,-0.34638501419219914,18.17369332967993,-0.7305466787905965
2024-01-06,43989.195312,13.428382,2.2209526611541337,-0.3489527844844351,17.305696988534045,-0.7427448762321572
2024-01-07,43943.097656,13.140297,2.217577323944324,-0.34963503725963907,16.91297679953869,-0.7482638838334199
2024-01-08,46970.503906,14.156994,2.4392483990383504,-0.30482893441285097,18.298947738640035,-0.7287864432475478
2024-01-09,46139.730469,13.705976,2.37841796343383,-0.31712451584022017,17.684115747386386,-0.7374268506630894
2024-01-10,46627.777344,15.031819,2.4141534632457664,-0.30990134304162287,19.491517429314186,-0.712026924963796
2024-01-11,46368.585938,15.032686,2.3951750926940263,-0.31373741783146647,19.49269933189106,-0.7120103153534716
2024-01-12,42853.167969,14.134305,2.1377710919613566,-0.3657661731623575,18.2680178798549,-0.7292211092782854
2024-01-13,42842.382812,14.364035,2.136981387128301,-0.36592579523282154,18.58118798249094,-0.724820041481496
2024-01-14,41796.269531,14.797092,2.060383455922534,-0.38140844122982875,19.1715353691503,-0.7165237231213593
2024-01-15,42511.96875,15.195074,2.112787990437743,-0.3708159768673468,19.71406818500933,-0.7088993564130415
2024-01-16,43154.945312,15.261762,2.1598676665660466,-0.36129981960730073,19.804977895559073,-0.7076217766053006
2024-01-17,42742.652344,15.730317,2.129678977661058,-0.36740182231249285,20.443716490608168,-0.6986454029426329
2024-01-18,41262.058594,14.649993,2.0212677565571853,-0.3893148496231855,18.971008625026073,-0.7193417820245931
2024-01-19,41618.40625,16.041307,2.047360048601821,-0.384040846597015,20.867660991625804,-0.6926875912762265
2024-01-20,41665.585938,15.742375,2.0508146137635204,-0.38334257957295526,20.460154069929917,-0.6984144010034274
2024-01-21,41545.785156,15.391012,2.0420426268050322,-0.3851156505506007,19.98117271454531,-0.7051456611100017
2024-01-22,39507.367188,14.544948,1.8927867076638396,-0.4152845666380762,18.827810290322713,-0.7213541886180452
2024-01-23,39845.550781,14.274681,1.9175490006793448,-0.41027939468632557,18.45937976697298,-0.7265318466959405
2024-01-24,40077.074219,14.235134,1.9345014824980389,-0.4068528103042427,18.405468923596203,-0.7272894709860185
2024-01-25,39933.808594,13.757712,1.9240113657131612,-0.4089731647588718,17.754642750520407,-0.7364357147925688
2024-01-26,41816.871094,14.195535,2.0618919322358225,-0.38110353476060854,18.351487193329,-0.7280480914695646
2024-01-27,42120.054688,14.340298,2.0840914745776704,-0.3766163684629824,18.548829480221876,-0.7252747846421297
2024-01-28,42035.59375,14.517562,2.077907122236484,-0.377866404025459,18.7904774368391,-0.7218788377395482
2024-01-29,43288.246094,14.988256,2.1696281430983304,-0.35932694644307006,19.43213193686159,-0.7128614860417203
2024-01-30,42952.609375,15.467368,2.1450523358898455,-0.36429442424710534,20.085261933876165,-0.7036828659474559
2024-01-31,42582.605469,15.398607,2.117960113419865,-0.3697705419851688,19.991526290175486,-0.705000159390955
2024-02-01,43075.773438,17.184246,2.1540705871596106,-0.36247157616591175,22.425726215744255,-0.6707916611556732
2024-02-02,43185.859375,17.791161,2.1621312390815404,-0.3608422864677725,23.25307846769807,-0.6591646465651173
2024-02-03,42992.25,17.661924,2.147954879927716,-0.3637077365765422,23.07690137043444,-0.6616405130120492
2024-02-04,42583.582031,18.17606,2.1180316187054324,-0.3697560887093958,23.777776414568347,-0.6517909183018671
2024-02-05,42658.667969,19.131561,2.1235295199537054,-0.3686448046653811,25.080324389316257,-0.6334858441674481
2024-02-06,43084.671875,18.298014,2.1547221436186907,-0.36233987785703825,23.94402525754434,-0.6494545764131732
2024-02-07,44318.222656,18.854925,2.245044520342114,-0.34408312650091566,24.703211585099034,-0.6387855167876224
2024-02-08,45301.566406,18.231304,2.31704637547784,-0.3295294797294438,23.853085556387118,-0.6507325776873812
2024-02-09,47147.199219,18.467882,2.452186286048654,-0.3022138151612397,24.1755909172082,-0.6462003188738661
2024-02-10,47771.277344,19.091101,2.4978821912187694,-0.29297735782975975,25.025168935728765,-0.6342609593159185
2024-02-11,48293.917969,20.12896,2.5361506955635575,-0.2852421919280379,26.43998811281376,-0.6143781063036517
2024-02-12,49958.222656,20.491962,2.6580134978390424,-0.2606102129942185,26.934835862768434,-0.607423871278317
2024-02-13,49742.441406,19.886284,2.642213681850477,-0.2638038104441506,26.109169900881042,-0.6190271879588716
2024-02-14,51826.695312,20.277943,2.7948257748300516,-0.2329565150502615,26.643083143506423,-0.6115239545447648
2024-02-15,51938.554688,19.949381,2.803016280526889,-0.23130097816767992,26.195184326363243,-0.6178184029731317
2024-02-16,52160.203125,19.572353,2.819245700454492,-0.22802054539984373,25.681216200926166,-0.6250413420289274
2024-02-17,51662.996094,20.034607,2.7828394807388266,-0.23537928999090485,26.311365213349095,-0.6161856801940033
2024-02-18,52122.546875,20.096508,2.8164884552312883,-0.22857786399899915,26.395749240351545,-0.6149998076580303
2024-02-19,51779.144531,19.820606,2.7913440377008403,-0.23366027431082703,26.019637031856846,-0.6202854186242506
2024-02-20,52284.875,19.295195,2.8283743559050905,-0.2261753814568308,25.30339180138584,-0.6303510148989162
2024-02-21,51839.179688,18.582254,2.795739898942003,-0.23277174426337632,24.331503906276623,-0.644009229655852
2024-02-22,51304.972656,18.112953,2.756624485506416,-0.24067809486210068,23.691748356991834,-0.6529998948632739
2024-02-23,50731.949219,17.939098,2.7146668786164048,-0.24915893454188986,23.45474758132567,-0.656330533620993
2024-02-24,51571.101562,18.52636,2.776110829866912,-0.2367393439485953,24.255308678327562,-0.6450800226886894
2024-02-25,51733.238281,18.704636,2.7879827155158723,-0.2343396942462289,24.49833620288919,-0.6416646883286126
2024-02-26,54522.402344,19.116257,2.9922093522478383,-0.19305961435495456,25.05946183218074,-0.6337790315681449
2024-02-27,57085.371094,19.036427,3.1798736401989167,-0.15512726173277058,24.950636823285798,-0.6353083801173884
2024-02-28,62504.789062,19.431786,3.576691281488534,-0.0749189980271846,25.48959394080672,-0.627734263706511
2024-02-29,61198.382812,19.287716,3.4810343216909994,-0.09425402212485456,25.293196358049684,-0.6304942943402264
2024-03-01,62440.632812,20.060907,3.571993667842694,-0.0758685209185258,26.347217621390392,-0.6156818361899308
2024-03-02,62029.847656,21.421598,3.541915383118538,-0.0819482077618987,28.202124425577626,-0.5896143076064582
2024-03-03,63167.371094,20.513018,3.6252064985564196,-0.0651126766356549,26.963539600552373,-0.6070204895539919
2024-03-04,68330.414062,20.448757,4.003251990625155,0.0,26.875938399292224,-0.6082515739473645
2024-03-05,63801.199219,19.010521,3.671616312863166,-0.06628402454711291,24.915321519760404,-0.635804676040183
2024-03-06,66106.804688,20.075966,3.8404360882256228,-0.032542015214226394,26.367746192215257,-0.6153933423930743
2024-03-07,66925.484375,20.127426,3.9003810019202847,-0.020560825018932638,26.437896949546257,-0.6144074940109615
2024-03-08,68300.09375,19.741352,4.001031893418767,-0.00044373083957149895,25.911597231594286,-0.621803732415078
2024-03-09,68498.882812,20.028526,4.015587516764815,0.0,26.303075536797795,-0.6163021773570743
2024-03-10,69019.789062,21.754612,4.053729027657415,0.0,28.656092251108635,-0.5832345696911662
2024-03-11,72123.90625,21.289614,4.281016988855819,0.0,28.022202592006416,-0.5921427998891007
2024-03-12,71481.289062,20.666775,4.233963626612856,-0.00890990548643511,27.17314259306972,-0.6040748795717041
2024-03-13,73083.5,20.768188,4.351279834556164,0.0,27.311389751118853,-0.6021320532604876
2024-03-14,71396.59375,20.906294,4.227762113067568,-0.0230819028918976,27.499657152828046,-0.5994862783545398
2024-03-15,69403.773438,19.605387,4.08184492041123,-0.05034962148775024,25.726248461277358,-0.6244084909707323
2024-03-16,65315.117188,18.126289,3.782467581599363,-0.10629461933268114,23.709928117966694,-0.6527444095538325
2024-03-17,68390.625,18.674498,4.007660722806004,-0.06421251034775288,24.457251797050834,-0.6422420590736596
2024-03-18,67548.59375,18.324354,3.9460059738107987,-0.07573400630785332,23.97993219396289,-0.6489499661064331
2024-03-19,61912.773438,16.809296,3.533343039129405,-0.15284881761273073,21.914590839505266,-0.6779747907878771
2024-03-20,67913.671875,18.406483,3.9727375234540157,-0.07073864996887125,24.09189122134023,-0.6473765743113582
2024-03-21,65491.390625,18.431383,3.795374578237264,-0.10388267358569303,24.12583513617781,-0.6468995509006585
2024-03-22,63778.761719,18.290665,3.669973406580792,-0.12731653904095996,23.93400703143425,-0.6495953653708131
2024-03-23,64062.203125,18.072218,3.690727397292868,-0.12343821621843509,23.636218020810755,-0.6537802783425855
2024-03-24,67234.171875,18.532669,3.9229835482396256,-0.08003623423891848,24.263909166629176,-0.6449591576004121
2024-03-25,69958.8125,19.359713,4.122485685288002,-0.042755033625921035,25.391343347469814,-0.6291150070109031
2024-03-26,69987.835938,20.010675,4.124610823499758,-0.04235790653157001,26.27874088524094,-0.6166441590801426
2024-03-27,69455.34375,19.302181,4.085620973428222,-0.0496439859886294,25.312915182472402,-0.6302171801379866
2024-03-28,70744.953125,19.160713,4.1800480416842865,-0.03199828791724535,25.12006467065542,-0.6329273627831622
2024-03-29,69892.828125,18.993439,4.117654213679043,-0.04365789644721452,24.89203517625616,-0.6361319255944631
2024-03-30,69645.304688,18.943043,4.099530188734998,-0.04704475445209921,24.82333487375999,-0.6370973903256127
2024-03-31,71333.648438,19.137728,4.22315316605784,-0.023943182277805453,25.08873130187864,-0.6333676994536415
2024-04-01,69702.148438,18.380262,4.103692370528366,-0.04626696261125962,24.05614650684399,-0.6478789048676619
2024-04-02,65446.972656,17.963333,3.792122230144991,-0.1044904437253279,23.487784961891478,-0.6558662499921455
2024-04-03,65980.8125,17.706615,3.831210757542828,-0.09718592431944284,23.13782456312546,-0.6607843421988933
2024-04-04,68508.84375,17.793917,4.016316871087647,-0.06259492566721625,23.256835472890536,-0.6591118483113065
2024-04-05,67837.640625,17.347498,3.967170405090485,-0.07177898397039006,22.64827288181111,-0.6676641500776188
2024-04-06,68896.109375,17.574226,4.044673021650761,-0.05729597823038035,22.9573506297346,-0.6633205932960471
2024-04-07,69362.554688,17.922144,4.078826823772719,-0.050913616780805415,23.431635728628624,-0.6566553310067362
2024-04-08,71631.359375,18.100649,4.244951992519284,-0.019869609761437257,23.674975428150002,-0.6532356095638864
2024-04-09,69139.015625,17.362738,4.062458969468156,-0.05397229709852425,22.669048193543023,-0.6673721887611905
2024-04-10,70587.882812,17.425346,4.168547125628482,-0.03414747772068938,22.754396009613355,-0.6661727718255643
2024-04-11,70060.609375,17.55002,4.1299394000718905,-0.041362149117105784,22.92435278224229,-0.6637843213554606
2024-04-12,67195.867188,15.157101,3.920178823519106,-0.08056035646897042,19.662303033277308,-0.7096268266931418
2024-04-13,63821.472656,13.345825,3.673100763314981,-0.12673212618443286,17.193154507520145,-0.7443264674657772
2024-04-14,65738.726562,14.11975,3.8134848741594505,-0.1004983811393817,18.248176366583376,-0.7294999476615278
2024-04-15,63426.210938,13.582573,3.644159127228786,-0.1321404839943353,17.515891613944543,-0.739790951865924
2024-04-16,63811.863281,13.488032,3.672397150944744,-0.12686361106132027,17.387012431106804,-0.7416021273788143
2024-04-17,61276.691406,13.135204,3.486768190484155,-0.16155231473588427,16.906033973905444,-0.7483614533205963
2024-04-18,63512.753906,13.893053,3.65049592882533,-0.13095631837555677,17.93914087815225,-0.733842910558532
2024-04-19,63843.570312,13.966599,3.674718785726931,-0.12642976442014953,18.039399478981355,-0.7324339481583984
2024-04-20,64994.441406,14.964592,3.758987235890043,-0.1106824193422592,19.39987294888101,-0.7133148306999852
2024-04-21,64926.644531,15.080412,3.754023050403121,-0.11161008256309568,19.557759865205853,-0.7110960013253971
2024-04-22,66837.679688,15.465097,3.8939518154291806,-0.08546142853037964,20.082166085257846,-0.7037263727814196
2024-04-23,66407.273438,15.196628,3.8624368457535088,-0.09135066823564819,19.71618661246546,-0.7088695855543977
2024-04-24,64276.898438,14.537848,3.7064476993997815,-0.1205005447467623,18.818131503360995,-0.7214902073415781
2024-04-25,64481.707031,14.59936,3.7214440815334333,-0.11769815305780373,18.9019852418947,-0.7203117870990494
2024-04-26,63755.320312,14.480972,3.668256992772303,-0.12763728732203572,18.740597603750462,-0.7225798131049097
2024-04-27,63419.140625,14.25213,3.6436414286596026,-0.13223722693904916,18.428638031089353,-0.7269638689824742
2024-04-28,63113.230469,13.808069,3.6212422434948426,-0.136422989197288,17.82328988784876,-0.7354709972065203
2024-04-29,63841.121094,14.073785,3.674539450433823,-0.12646327701875248,18.185516445076974,-0.7303805252146529
2024-04-30,60636.855469,13.133521,3.4399184754719787,-0.17030717646253934,16.90373969243269,-0.7483936955053436
2024-05-01,58254.011719,13.344388,3.265443201186083,-0.20291157759275347,17.19119557556747,-0.7443539968891177
2024-05-02,59123.433594,13.595815,3.3291035314577524,-0.19101529628438696,17.533943233232865,-0.7395372673677518
2024-05-03,62889.835938,14.109475,3.6048849720328784,-0.13947969188667764,18.234169389677508,-0.7296967916593166
2024-05-04,63891.472656,14.318272,3.678226264808737,-0.12577431765035885,18.518803429289648,-0.7256967492061488
2024-05-05,64031.132812,14.375482,3.688452383925826,-0.12386335066054577,18.596792640850207,-0.7246007448155409
2024-05-06,63161.949219,14.501929,3.624809501007685,-0.13575637156129627,18.769166383800712,-0.7221783279796874
2024-05-07,62334.816406,14.011844,3.564245637171023,-0.1470740125199259,18.101077889697272,-0.7315671640532936
2024-05-08,61187.941406,13.899291,3.4802697868045716,-0.16276667912729958,17.947644578584253,-0.73372340565749
2024-05-09,63049.960938,14.238003,3.6166095566998457,-0.13728870486498324,18.409379971454396,-0.7272345079271711
2024-05-10,60792.777344,13.568573,3.451335301232289,-0.16817370071219906,17.49680668190735,-0.7400591577996507
2024-05-11,60793.710938,13.301306,3.451403660338597,-0.1681609263650482,17.132465786851302,-0.7451793431774618
2024-05-12,61448.394531,13.546971,3.499340542250871,-0.1592029044722817,17.46735863177396,-0.7404729995553911
2024-05-13,62901.449219,13.378436,3.605735313305921,-0.13932078760595756,17.237610130281926,-0.7437017200582942
2024-05-14,61552.789062,12.975332,3.5069844611734498,-0.15777447629081798,16.688094955716142,-0.7514242118232226
2024-05-15,66267.492188,13.888161,3.852201859958164,-0.09326329215212736,17.932472057614685,-0.7339366293748028
2024-05-16,65231.582031,15.509692,3.7763510162852967,-0.10743762913653565,20.142958409843462,-0.7028720410946665
2024-05-17,67051.875,16.252932,3.909635506737917,-0.08253059856191891,21.15615018750946,-0.6886333712244459
2024-05-18,66940.804688,16.311008,3.901502777451232,-0.0840503713150027,21.235319938437463,-0.6875207763810804
2024-05-19,66278.367188,16.581558,3.8529981432259444,-0.09311448975486936,21.604136250056236,-0.6823376967118105
2024-05-20,71448.195312,17.277952,4.23154045425487,-0.022375839799681274,22.553467118706912,-0.6689964822109733
2024-05-21,70136.53125,16.735186,4.135498509839337,-0.04032331169142145,21.813563388556947,-0.6793945580556265
2024-05-22,69122.335938,16.347694,4.061237658601958,-0.05420052490644256,21.2853306396315,-0.6868179618893162
2024-05-23,67929.5625,16.605215,3.973901058056505,-0.07052121887977447,21.636385695570798,-0.6818844861565123
2024-05-24,68526.101562,17.247709,4.0175805131045745,-0.062358787387029935,22.512239575878283,-0.6695758645005232
2024-05-25,69265.945312,17.441204,4.07175294518702,-0.05223552084943939,22.776013784773767,-0.6658689711329187
2024-05-26,68518.09375,17.046471,4.016994169499322,-0.06246835811092788,22.237910036356798,-0.6734310949070452
2024-05-27,69394.554688,18.778061,4.081169910169865,-0.05047576145094301,24.598429855377113,-0.6402580439940492
2024-05-28,68296.21875,18.527676,4.000748160300363,-0.06550426908946616,24.257102661939058,-0.6450548113309191
2024-05-29,67578.09375,18.452091,3.9481660065831674,-0.0753303584256364,24.15406447707968,-0.6465028360095433
2024-05-30,68364.992188,17.94495,4.005783851146074,-0.06456324357755161,23.462725082917213,-0.6562184235406954
2024-05-31,67491.414062,18.422333,3.941819194149991,-0.07651639478131189,24.11349809082519,-0.6470729268792462
2024-06-01,67706.9375,18.414524,3.9576001327701125,-0.07356739209260643,24.102852788376733,-0.6472225283175657
2024-06-02,67751.601562,18.148577,3.9608705001486584,-0.07295625466760625,23.740311329769906,-0.6523174257073395
2024-06-03,68804.78125,17.613609,4.037985843920625,-0.05854561905218003,23.011037906764656,-0.662566110846907
2024-06-04,70567.765625,17.722481,4.167074116028216,-0.03442274076912022,23.159453243961323,-0.660480388245714
2024-06-05,71082.820312,17.738054,4.20478716699371,-0.0273752582730713,23.180682504433843,-0.6601820474595763
2024-06-06,70757.164062,17.268896,4.180942144196195,-0.0318312059219934,22.541121894097717,-0.669169973134961
2024-06-07,69342.585938,16.327703,4.077364682944813,-0.051186848768873916,21.258078719891817,-0.6872009408051113
2024-06-08,69305.773438,15.94452,4.074669218319971,-0.05169055343545392,20.73572004040553,-0.6945417946839132
2024-06-09,69647.992188,16.357594,4.099726971381633,-0.047007981445880365,21.298826413000654,-0.686628301979038
2024-06-10,69512.28125,15.894799,4.0897900197325185,-0.04886491136850313,20.667939904275435,-0.6954943280575439
2024-06-11,67332.03125,14.99634,3.9301489535644905,-0.07869722646014488,19.44315212190364,-0.7127066162725597
2024-06-12,68241.1875,16.001293,3.9967186923849587,-0.06625726053076275,20.813113529444642,-0.693454162149951
2024-06-13,66756.398438,15.136269,3.888000284453618,-0.08657359817195398,19.633904654405963,-0.7100259171225274
2024-06-14,66011.09375,14.741475,3.833427994572939,-0.09677158660983665,19.095717750213684,-0.7175892095082221
2024-06-15,66191.0,14.85882,3.846600991045954,-0.09430993315864733,19.25568356092115,-0.7153411648444244
2024-06-16,66639.046875,15.126066,3.879407632861459,-0.08817931715093008,19.619995828579142,-0.7102213817755141
2024-06-17,66490.296875,14.534426,3.8685159421872264,-0.09021466028583747,18.81346660068733,-0.7215557645348075
2024-06-18,65140.746094,13.967771,3.7696998772741503,-0.10868053536023858,18.040997160434756,-0.7324114954902321
2024-06-19,64960.296875,14.334752,3.7564871238236988,-0.11114961824488423,18.541269120716287,-0.7253810325070189
2024-06-20,64828.65625,14.259184,3.7468482063940343,-0.11295085415996775,18.438254110417237,-0.7268287315070092
2024-06-21,64096.199219,13.862212,3.6932166405868525,-0.1229730483761724,17.897098136083745,-0.7344337490729653
2024-06-22,64252.578125,13.480089,3.704666930819637,-0.1208333190802301,17.376184458594558,-0.7417542959310708
2024-06-23,63180.796875,13.177006,3.626189553707425,-0.1354984794789521,16.963018854549645,-0.7475606287176215
2024-06-24,60277.414062,13.614715,3.413599654493459,-0.1752254057071705,17.55970789148308,-0.7391751893572207
2024-06-25,61804.640625,14.195657,3.525425397778611,-0.15432839662851394,18.35165350487961,-0.7280457542464279
2024-06-26,60811.277344,13.904292,3.452689898055639,-0.16792056559962232,17.954461988949824,-0.7336275986664494
2024-06-27,61604.800781,14.387674,3.5107928346509825,-0.1570628010289601,18.613412890235743,-0.7243671757623984
2024-06-28,60320.136719,13.758755,3.416727869383041,-0.17464083248612883,17.75606457795718,-0.7364157334505061
2024-06-29,60887.378906,13.511538,3.458262164765756,-0.16687926952048004,17.419056031997254,-0.741151809616087
2024-06-30,62678.292969,14.260199,3.5893954891242625,-0.14237422990141413,18.439637767989936,-0.7268092865768141
2024-07-01,62851.980469,14.327779,3.6021131397056454,-0.13999766747624287,18.53176346135233,-0.7255146182195815
2024-07-02,62029.015625,14.404244,3.541854460602348,-0.15125827820233018,18.63600127051119,-0.724049734882266
2024-07-03,60173.921875,13.620819,3.406021806506879,-0.17664148713457895,17.568028921851294,-0.7390582515701158
2024-07-04,56977.703125,12.553676,3.1719900353997854,-0.22037528135625684,16.113289519782214,-0.7595021147654724
2024-07-05,56662.375,12.305856,3.1489012528896305,-0.22468990948709355,15.77545895853526,-0.76424974294377
2024-07-06,58303.539062,13.201163,3.2690696650507736,-0.2022338959956761,16.99594990477982,-0.747097839378976
2024-07-07,55849.109375,12.351335,3.0893527646645147,-0.23581780600272295,15.837456360258084,-0.7633784759680586
2024-07-08,56705.097656,13.114887,3.15202946770599,-0.22410533627973483,16.878337647891183,-0.7487506776031341
2024-07-09,58009.226562,12.820454,3.2475196770739005,-0.2062609677697428,16.476963805426394,-0.7543912974377751
2024-07-10,57742.496094,12.796518,3.227989285471553,-0.2099106351775708,16.44433402448052,-0.754849852954181
2024-07-11,57344.914062,12.350228,3.19887775263003,-0.21535074179534364,15.835947287417714,-0.7633996833943898
2024-07-12,57899.464844,12.738323,3.2394827649372395,-0.20776283505852888,16.365002051630196,-0.7559647275479832
2024-07-13,59231.953125,13.021287,3.3370494888612123,-0.18953042581430835,16.75074124512823,-0.7505438258457644
2024-07-14,60787.792969,13.42687,3.45097033806789,-0.16824190181094223,17.303635815874028,-0.7427738424729997
2024-07-15,64870.152344,14.422127,3.749886610562349,-0.1123830639747686,18.660379544769842,-0.7237071401170634
2024-07-16,65097.148438,14.221346,3.766507593689118,-0.10927708117427326,18.38667299195843,-0.7275536155156059
2024-07-17,64118.792969,13.75462,3.6948709877207744,-0.12266389856807625,17.750427706959048,-0.736494949988789
2024-07-18,63974.066406,13.600838,3.684273898937307,-0.12464418909877062,17.540790634205923,-0.739441038910244
2024-07-19,66710.15625,14.07593,3.8846143644012097,-0.08720632906196335,18.18844052930696,-0.7303394322340926
2024-07-20,67163.648438,14.268175,3.917819719929793,-0.08100120495050178,18.45051072641341,-0.7266564858248566
2024-07-21,68154.523438,14.80657,3.990373024110159,-0.06744308307620728,19.18445586813948,-0.7163421477042262
2024-07-22,67585.25,13.929007,3.9486899975840917,-0.07523243960675119,17.988153710042628,-0.7331541194055882
2024-07-23,65927.671875,13.919931,3.8273197239311614,-0.09791304637845755,17.9757812212448,-0.7333279934809099
2024-07-24,65372.132812,13.395512,3.786642348256213,-0.10551447574349881,17.26088829452958,-0.7433745854494143
2024-07-25,65777.226562,12.946199,3.8163038999810164,-0.09997158644564097,16.648380575356175,-0.7519823292137413
2024-07-26,67912.0625,13.540453,3.9726196826830655,-0.07076067101329298,17.458473232701213,-0.7405978685751077
2024-07-27,67813.335938,13.567427,3.9653907806687174,-0.07211154449362711,17.49524444389916,-0.740081112371083
2024-07-28,68255.867188,13.293225,3.997793560424557,-0.06605639866727775,17.121449691437547,-0.7453341554739221
2024-07-29,66819.914062,13.543047,3.8926509905348867,-0.08570451521889355,17.46200939796582,-0.7405481738471015
2024-07-30,66201.015625,13.140532,3.8473343496302173,-0.09417288957151748,16.91329715375503,-0.7482593818052465
2024-07-31,64619.25,12.828847,3.7315151771486503,-0.11581615549337398,16.48840522218269,-0.7542305079805058
2024-08-01,65357.5,12.899767,3.7855709125453005,-0.10571469620365748,16.58508403504539,-0.7528718533505128
2024-08-02,61415.066406,11.917962,3.4969002086155623,-0.15965893250870578,15.246678199418454,-0.7716808481192711
2024-08-03,60680.09375,11.701331,3.4430844450984486,-0.16971554796910382,14.951364777122075,-0.7758309709499256
2024-08-04,58116.976562,10.871527,3.255409288301789,-0.20478662677622173,13.82016813825125,-0.7917279964235122
2024-08-05,53991.457031,9.50157,2.9533327666066334,-0.2612360241230921,11.952629835474253,-0.8179730390199786
2024-08-06,56034.316406,10.054565,3.1029138920080097,-0.2332836220761184,12.706477834896253,-0.8073790004256045
2024-08-07,55027.460938,9.485442,3.02919047479043,-0.24706040435939713,11.930643993767408,-0.8182820122556318
2024-08-08,61710.136719,10.736471,3.518505684759057,-0.1556214915952301,13.636058525307302,-0.794315340751041
2024-08-09,60880.113281,10.548674,3.4577301651687478,-0.16697868491519974,13.380051883750953,-0.7979130743036186
2024-08-10,60945.8125,10.554251,3.4625407572419347,-0.1660797238774826,13.387654502748914,-0.7978062325541618
2024-08-11,58719.484375,10.008924,3.2995257839522356,-0.19654252498854052,12.644259593245572,-0.8082533709271205
2024-08-12,59354.515625,10.557687,3.3460236928159057,-0.18785340569348763,13.392338490354613,-0.7977404071549987
2024-08-13,60609.566406,10.576763,3.4379203307124104,-0.17068057214008636,13.418343073464719,-0.7973749574127292
2024-08-14,58737.269531,10.401407,3.3008280388614457,-0.19629917107144568,13.179296120442281,-0.8007343516780572
2024-08-15,57560.097656,10.173847,3.2146338073797267,-0.21240638918497334,12.869084182272008,-0.805093847555119
2024-08-16,58894.105469,10.143065,3.3123117936399264,-0.1941531882162184,12.827121869559942,-0.8056835557731175
2024-08-17,59478.972656,10.150434,3.355136617077319,-0.18615046274466884,12.837167359858665,-0.8055423836641437
2024-08-18,58483.964844,10.095947,3.2822807024101035,-0.19976513379901073,12.762890167579338,-0.8065862220006416
2024-08-19,59493.453125,10.183764,3.356196898012888,-0.18595232679058882,12.882603130201497,-0.804903861966207
2024-08-20,59012.792969,10.245039,3.321002264476215,-0.19252918963924825,12.9661337881,-0.803729982066985
2024-08-21,61175.191406,11.214466,3.4793362133182084,-0.16294113711029168,14.287665817387191,-0.7851581196587746
2024-08-22,60381.914062,11.467952,3.421251296009138,-0.1737955343955886,14.633220323271486,-0.7803019447075843
2024-08-23,64094.355469,12.062475,3.6930816385385796,-0.122998276368811,15.443679683953526,-0.7689123306835098
2024-08-24,64178.992188,12.347854,3.699278861819452,-0.1218401939151793,15.83271102822798,-0.7634451634577232
2024-08-25,64333.542969,12.108485,3.71059529408912,-0.11972547881532769,15.506400949884334,-0.7680308910398834
2024-08-26,62880.660156,11.854799,3.6042131079707733,-0.13960524391962625,15.160573802113792,-0.7728908975044128
2024-08-27,59504.132812,11.170318,3.3569788801796214,-0.1858061968570197,14.227482847417333,-0.7860038879132153
2024-08-28,59027.625,11.18187,3.322088287291157,-0.19232624326968473,14.24323064276688,-0.7857825797027573
2024-08-29,59388.179688,10.937603,3.3484886243186534,-0.18739278102444468,13.910243564629077,-0.7904621410465886
2024-08-30,59119.476562,11.119161,3.3288137918373693,-0.19106944027037565,14.157745142543995,-0.7869839315526196
2024-08-31,58969.898438,11.024574,3.3178614647231504,-0.19311611460863265,14.02880325207242,-0.7887959883135778
2024-09-01,57325.488281,10.372398,3.1974553687795595,-0.21561654434995592,13.139750778051784,-0.8012900935303058
2024-09-02,59112.480469,10.761755,3.3283015277641983,-0.19116516766438385,13.670525912566475,-0.7938309608347304
2024-09-03,57431.023438,10.314515,3.2051828059916643,-0.21417250900682105,13.060844126544007,-0.8023989909632991
2024-09-04,57971.539062,10.335188,3.244760143680387,-0.20677664504299875,13.089025755115786,-0.8020029465870182
2024-09-05,56160.488281,10.01602,3.112152379633474,-0.2315572149527595,12.653932927369564,-0.8081174288338544
2024-09-06,53948.753906,9.575072,2.950205981878411,-0.26182033008818684,12.052828455088385,-0.8165649195527797
2024-09-07,54139.6875,10.018678,2.9641864164677716,-0.2592077897199778,12.65755633803777,-0.8080665080215796
2024-09-08,54841.566406,10.335867,3.0155790076269,-0.2496039953477871,13.08995137431959,-0.8019899385992324
2024-09-09,57019.535156,10.545119,3.1750530373623187,-0.21980289455212187,13.375205674222936,-0.7979811794532186
2024-09-10,57648.710938,10.597156,3.2211222003691216,-0.21119389550308898,13.446143003395756,-0.7969842771551228
2024-09-11,57343.171875,10.40683,3.198750187171874,-0.21537458010358013,13.18668880518783,-0.8006304601938715
2024-09-12,58127.011719,10.786038,3.256144077047412,-0.20464931593314495,13.703628727184986,-0.7933657576426814
2024-09-13,60571.300781,11.458701,3.4351184661681673,-0.17120415988561033,14.620609272823193,-0.7804791713570776
2024-09-14,60005.121094,11.297834,3.3936619685759837,-0.1789511846860098,14.401313861249818,-0.7835609916385651
2024-09-15,59182.835938,10.823187,3.333453057213532,-0.1902024952554271,13.754270594345682,-0.7926540731975373
2024-09-16,58192.507812,10.554821,3.2609397959403648,-0.20375313426423192,13.388431532124713,-0.7977953127411459
2024-09-17,60308.539062,10.62753,3.4158786721219334,-0.17479952298398405,13.487549126659879,-0.7964023852243358
2024-09-18,61649.679688,10.853249,3.514078933291935,-0.15644872388432418,13.795251396267261,-0.7920781584275591
2024-09-19,62940.457031,11.205125,3.6085915218584086,-0.13878704453125534,14.27493207809009,-0.7853370704892704
2024-09-20,63192.976562,11.426664,3.6270813680490246,-0.13533182507679564,14.57693613227494,-0.7810929223212779
2024-09-21,63394.839844,11.513563,3.641862090240818,-0.13256973401657002,14.695397668639231,-0.7794281489330691
2024-09-22,63648.710938,11.132943,3.660450899833939,-0.12909602115388563,14.17653289492518,-0.7867199019684323
2024-09-23,63329.800781,11.398932,3.637099835747118,-0.13345966215356408,14.53913160832812,-0.7816241999608573
2024-09-24,64301.96875,12.162094,3.7082833839941385,-0.12015750819268367,15.579481244283041,-0.7670038730469435
2024-09-25,63143.144531,12.111526,3.6234325944872046,-0.1360136757133964,15.510546469764698,-0.7679726328795646
2024-09-26,65181.019531,12.551837,3.7726487567241813,-0.10812947476516588,16.110782577638187,-0.759537345530624
2024-09-27,65790.664062,12.680975,3.817287813214193,-0.0997877214145464,16.286824717168123,-0.7570633756827948
2024-09-28,65887.648438,12.943388,3.824389149843608,-0.09846068622876569,16.64454859364499,-0.7520361811337203
2024-09-29,65635.304688,12.482324,3.805912174592679,-0.10191350047548342,16.016021800445227,-0.7608690454642775
2024-09-30,63329.5,11.850573,3.6370778121261917,-0.13346377773368823,15.154812879057424,-0.7729718573812648
2024-10-01,60837.007812,11.025396,3.4545739202294827,-0.1675684961448206,14.02992381022489,-0.7887802407937546
2024-10-02,60632.785156,10.662164,3.4396204412525275,-0.1703628704700788,13.534762522101035,-0.7957388820594292
2024-10-03,60759.402344,10.650413,3.4488915353415166,-0.16863037013826643,13.518743448074673,-0.7959640026256595
2024-10-04,62067.476562,11.068583,3.5446706261744163,-0.15073201800680036,14.08879673593134,-0.7879528829609077
2024-10-05,62089.949219,11.261728,3.546316106703304,-0.15042452511168725,14.352093821525894,-0.7842526947416464
2024-10-06,62818.953125,11.276307,3.5996948296912628,-0.14044957993254292,14.37196805182377,-0.7839733965768034
2024-10-07,62236.660156,11.160425,3.557058494228216,-0.14841708243310736,14.213996616514192,-0.7861934137205266
2024-10-08,62131.96875,10.825778,3.549392837687696,-0.14984957274897892,13.757802669981992,-0.7926044359422312
2024-10-09,60582.101562,10.529768,3.4359093150131574,-0.17105637302537502,13.354279046244155,-0.7982752672595499
2024-10-10,60274.5,10.53886,3.4133862826486894,-0.1752652787564909,13.36667334639288,-0.798101086663161
2024-10-11,62445.089844,10.898592,3.572320018188033,-0.14556514337709603,13.857063401507439,-0.7912094968809182
2024-10-12,63193.023438,11.016416,3.62708480037771,-0.1353311836734694,14.01768218953246,-0.7889522757426737
2024-10-13,62851.375,10.731656,3.6020688063875896,-0.14000595209589028,13.629494671895937,-0.7944075844346763
2024-10-14,66046.125,11.264221,3.8359930334901273,-0.09629225474970415,14.355492302637947,-0.7842049349278764
2024-10-15,67041.109375,11.436711,3.908847232066221,-0.08267790438334233,14.590632297430489,-0.7809004462486955
2024-10-16,67612.71875,11.238663,3.9507012992863286,-0.07485658527574623,14.32065139599462,-0.7846945640174613
2024-10-17,67399.835938,11.021686,3.9351137111306,-0.07776945633419308,14.024866303235035,-0.7888513153661922
2024-10-18,68418.789062,11.47706,4.009722936261022,-0.06382714207721307,14.645636434771111,-0.7801274575901282
2024-10-19,68362.734375,11.421702,4.005618530804586,-0.06459413718554807,14.570171887077183,-0.7811879821672174
2024-10-20,69001.703125,11.96279,4.052404749127279,-0.05585114116045342,15.30778815180155,-0.7708220527194779
2024-10-21,67367.851562,11.709382,3.932771768745387,-0.07820709788119073,14.962339976252892,-0.775676733380466
2024-10-22,67361.40625,11.966222,3.9322998336556205,-0.07829528895031024,15.312466686569525,-0.7707563039505815
2024-10-23,66432.195312,11.246938,3.8642616615022822,-0.09100966275561517,14.331931954038032,-0.784536035153062
2024-10-24,68161.054688,11.590441,3.990851251704889,-0.06735371611923346,14.800198483293189,-0.7779553535207087
2024-10-25,66642.414062,11.093418,3.8796541831757194,-0.08813324400172406,14.122652042155888,-0.787477104792043
2024-10-26,67014.695312,11.002805,3.9069131560753254,-0.08303932745421339,13.999127545964015,-0.7892130293829562
2024-10-27,67929.296875,10.980672,3.973881608608872,-0.07052485342108683,13.968955631622643,-0.7896370438066116
2024-10-28,69907.757812,11.178171,4.118747387007898,-0.04345361385264801,14.238188131080769,-0.7858534435419613
2024-10-29,72720.492188,11.788102,4.324699876232575,-0.004967028289559194,15.06965182267917,-0.7741686497302538
2024-10-30,72339.539062,12.394708,4.296805935998802,-0.010179601934773297,15.89658284291874,-0.7625475548278065
2024-10-31,70215.1875,11.422246,4.141257834508884,-0.03924705986987487,14.570913473007773,-0.7811775604509354
2024-11-01,69482.46875,11.265908,4.087607105257052,-0.0492728351816758,14.357792036948428,-0.7841726161128623
2024-11-02,69289.273438,11.174642,4.073461064396443,-0.05191632258991419,14.233377364997963,-0.7859210505948271
2024-11-03,68741.117188,10.764085,4.033324268993774,-0.059416733079285966,13.673702190541235,-0.7937863237043317
2024-11-04,67811.507812,10.248169,3.965256922632377,-0.07213655870340097,12.970400633619745,-0.8036700188832303
2024-11-05,69359.5625,10.842792,4.078607731428953,-0.05095455882654776,13.780996315244908,-0.7922784891024864
2024-11-06,75639.078125,12.168526,4.5384029702289945,0.0,15.588249407344701,-0.7668806515779628
2024-11-07,75904.859375,12.606694,4.5578638587131,0.0,16.185564157407065,-0.758486418894449
2024-11-08,76545.476562,13.718581,4.60477077798302,0.0,17.701299002267017,-0.7371853695349018
2024-11-09,76778.867188,13.762723,4.621859978014331,0.0,17.76147379298029,-0.7363397162258613
2024-11-10,80474.1875,14.289252,4.8924366891438105,0.0,18.479243091595404,-0.7262527017916309
2024-11-11,88701.484375,14.895794,5.494851295177928,0.0,19.30608686643138,-0.714632832973452
2024-11-12,87955.8125,14.004613,5.440252119332722,-0.008406532091926988,18.091220522300063,-0.7317056924180634
2024-11-13,90584.164062,13.475764,5.632703831577684,0.0,17.370288577804498,-0.7418371524070256
2024-11-14,87250.429688,12.971003,5.388602967095922,-0.036802617858439746,16.682193622088356,-0.7515071449294441
2024-11-15,91066.007812,13.849989,5.667985129583143,0.0,17.880435627205845,-0.7346679120106755
2024-11-16,90558.476562,14.526206,5.630822955583101,-0.005573223886653378,18.802261019162636,-0.7217132397330386
2024-11-17,89845.851562,13.778284,5.578643519840415,-0.013398591629479761,17.78268669493963,-0.736041605330524
2024-11-18,90542.640625,15.220886,5.629663425315265,-0.005747119035682924,19.749255346848194,-0.708404861301516
2024-11-19,92343.789062,14.64631,5.761546125376981,0.0,18.965987924690857,-0.7194123393427299
2024-11-20,94339.492188,14.247102,5.907674401854224,0.0,18.42178381406914,-0.7270601932278156
2024-11-21,98504.726562,14.90804,6.212658901936818,0.0,19.322780729126197,-0.7143982294117079
2024-11-22,98997.664062,16.531857,6.248752500402225,0.0,21.536383378114763,-0.6832898469341073
2024-11-23,97777.28125,17.385506,6.159394301461362,-0.012327389979986836,22.700085745873224,-0.6669360092826839
2024-11-24,98013.820312,17.944859,6.176714034541543,-0.009938050148171618,23.462601030858973,-0.6562201668792645
2024-11-25,93102.296875,17.387096,5.817085167213514,-0.05955056862056729,22.702253248868878,-0.6669055487516393
2024-11-26,91985.320312,17.338844,5.735298523754268,-0.07083342638881185,22.63647566739326,-0.6678299396597953
2024-11-27,95962.53125,18.696129,6.026515675235733,-0.03065863059252749,24.486739380257728,-0.641827661748485
2024-11-28,95652.46875,17.960947,6.003812449422765,-0.03379064893798889,23.484532344188572,-0.655911959946279
2024-11-29,97461.523438,18.290644,6.13627405664606,-0.015516938086922338,23.933978404036193,-0.6495957676797137
2024-11-30,96449.054688,19.022661,6.062139626781682,-0.025744136471784418,24.931870882255513,-0.6355721031805086
2024-12-01,97279.789062,18.889429,6.122967202136704,-0.017352682169592737,24.75024776331413,-0.6381245041063861
2024-12-02,95865.304688,25.091211,6.01939660539625,-0.03164074025058072,33.20457547613498,-0.5193134518149649
2024-12-03,96002.164062,24.217163,6.029417647194415,-0.030258289712007613,32.01306499918889,-0.5360580846693948
2024-12-04,98768.53125,24.105141,6.231975063685446,-0.0023145274605317345,31.860355552283856,-0.5382041536056763
2024-12-05,96593.570312,23.400967,6.072721270305725,-0.024284348249816956,30.90041891425822,-0.5516944139753989
2024-12-06,99920.710938,25.81105,6.3163393309985825,0.0,34.1858667899008,-0.5055230881629686
2024-12-07,99923.335938,24.800467,6.3165315373045985,0.0,32.80823051326199,-0.5248833993860689
2024-12-08,101236.015625,26.144575,6.412647847255196,0.0,34.64053121545116,-0.4991335607310956
2024-12-09,97432.71875,22.346537,6.134164935626471,-0.03756861480096407,29.463009993688345,-0.5718947270253647
2024-12-10,96675.429688,22.216991,6.0787151325052395,-0.045049046121030556,29.286411664710464,-0.5743765131604054
2024-12-11,101173.03125,24.09306,6.408036039995971,-0.0006221538314319375,31.843886619145188,-0.5384355961689158
2024-12-12,100043.0,29.286852,6.3252935134264545,-0.011784498013228673,38.9241128573824,-0.43893517953015526
2024-12-13,101459.257812,29.024141,6.428993963868595,0.0,38.565982744495024,-0.44396808303410484
2024-12-14,101372.96875,29.112492,6.422675753637512,-0.0008504799252512241,38.68642366095346,-0.4422754928590553
2024-12-15,104298.695312,29.223511,6.6369016945497,0.0,38.83776580879897,-0.4401486389621687
2024-12-16,106029.71875,28.744183,6.763649740509644,0.0,38.18434135854726,-0.44933139709083925
2024-12-17,106140.601562,27.823748,6.77176874077447,0.0,36.929595685714794,-0.46696469199153945
2024-12-18,100041.539062,24.891148,6.325186541427864,-0.05746210602016755,32.931847707695184,-0.5231461720806205
2024-12-19,97490.953125,22.892488,6.138428940998621,-0.08149236305154606,30.20725554587677,-0.5614356343307887
2024-12-20,97755.929688,23.364502,6.157830909133862,-0.07899589554429132,30.850709482348485,-0.5523929946449236
2024-12-21,97224.726562,22.126738,6.11893544605099,-0.08400060739049009,29.16337792391383,-0.5761055410273084
2024-12-22,95104.9375,22.047066,5.96372141742629,-0.1039721265905369,29.054768302109025,-0.5776318626810141
2024-12-23,94686.242188,24.479013,5.933063939610794,-0.10791684996536555,32.37002138875597,-0.5310416758303694
2024-12-24,98676.09375,25.439577,6.225206655909315,-0.0703266017164953,33.679471292854195,-0.5126396069357748
2024-12-25,99299.195312,24.43117,6.270831055720642,-0.06445607193966885,32.304801359937734,-0.5319582312937472
2024-12-26,95795.515625,22.65229,6.014286549015473,-0.09746586871336993,29.879815366914638,-0.5660372435357388
2024-12-27,94164.859375,21.529095,5.894887534084361,-0.11282904007289418,28.34866534980636,-0.5875549266594705
2024-12-28,95163.929688,21.966082,5.968040910965061,-0.10341633373528769,28.944370149530442,-0.5791833190622233
2024-12-29,93530.226562,20.938786,5.848418799355529,-0.11880821113147633,27.54395055366751,-0.5988638106974933
2024-12-30,92643.210938,20.583473,5.783470229272714,-0.12716519809920002,27.059584521029553,-0.6056707431925119
2024-12-31,93429.203125,20.001366,5.841021716823417,-0.11975999994285769,26.26605076864564,-0.6168224968685041
2025-01-01,94419.757812,21.674845,5.913551567221498,-0.11042752328055627,28.54735312440786,-0.5847627113137079
2025-01-02,96886.875,22.040438,6.094197464826721,-0.08718366417581125,29.045732949998847,-0.577758839033067
2025-01-03,98107.429688,23.398355,6.183568248777509,-0.07568425047325145,30.896858211223847,-0.5517444535396057
2025-01-04,98236.226562,23.613359,6.192998942635768,-0.07447079518748356,31.18995369177562,-0.5476255000699635
2025-01-05,98314.960938,23.635233,6.198763987804311,-0.07372900199203025,31.21977253487431,-0.547206447456082
2025-01-06,102078.085938,23.819811,6.4743054564999,-0.038274850191299836,31.471391005271535,-0.5436703821106948
2025-01-07,96922.703125,21.394884,6.096820852086807,-0.0868461107375158,28.165707648831802,-0.5901260828431423
2025-01-08,95043.523438,20.45516,5.959224590761738,-0.10455073704776252,26.884667029280376,-0.6081289080478178
2025-01-09,92484.039062,19.64579,5.771815433726971,-0.12866483041386179,25.78132621192727,-0.6236344678035635
2025-01-10,94701.453125,20.266521,5.934177706472436,-0.10777354064945677,26.627512565382936,-0.6117427722715525
2025-01-11,94566.59375,20.192392,5.924303107500871,-0.10904411357833943,26.526459213455425,-0.613162903533069
2025-01-12,94488.4375,19.837339,5.91858039355628,-0.10978045997971486,26.042447615269584,-0.619964855060747
2025-01-13,94516.523438,19.361107,5.9206368866587455,-0.10951584928798441,25.39324366141695,-0.6290883013629306
2025-01-14,96534.046875,20.310087,6.068362877944911,-0.090507822130521,26.68690214746382,-0.6109081537209282
2025-01-15,100504.492188,22.114241,6.3590846405543235,-0.05310040918420622,29.146341895651773,-0.5763449531382929
2025-01-16,99756.90625,23.005604,6.3043453142410355,-0.0601437641963154,30.361456343899572,-0.5592686070165431
2025-01-17,104462.039062,25.112717,6.648861960758568,-0.015814518434017932,33.233892658162965,-0.5189014491856272
2025-01-18,104408.070312,24.112377,6.644910290633694,-0.016322983142204817,31.87021973572822,-0.538065529453073
2025-01-19,101089.609375,24.249273,6.401927769354193,-0.04758774788033926,32.05683765402563,-0.5354429352028258
2025-01-20,102016.664062,25.068966,6.469808057682939,-0.03885353426785587,33.174250882337304,-0.51973961188609
2025-01-21,106146.265625,26.594463,6.772183471679717,0.0,35.25382278004752,-0.4905148013659192
2025-01-22,103653.070312,25.291143,6.5896280959510385,-0.023488299831556203,33.47712466413928,-0.5154832411905461
2025-01-23,103960.171875,25.655148,6.612114517663772,-0.020595107488031283,33.97333971315347,-0.5085097911258166
2025-01-24,104819.484375,25.189669,6.675034624840249,-0.012499556552345692,33.338794350314835,-0.5174272361133312
2025-01-25,104714.648438,24.924709,6.667358385530352,-0.013487211995358406,32.97759837941663,-0.5225032249847774
2025-01-26,102682.5,24.911713,6.518561530466019,-0.03263200645453701,32.95988210964839,-0.5227521967215426
2025-01-27,102087.6875,24.14934,6.475008496790949,-0.03823571277899118,31.920608045934706,-0.5373574083153342
2025-01-28,101332.476562,22.615997,6.419710856922091,-0.04535052679108331,29.830340407027073,-0.5667325291037921
2025-01-29,103703.210938,23.622232,6.5932994652861945,-0.0230159268686001,31.20204944905891,-0.5474555149806808
2025-01-30,104735.304688,24.473808,6.668870866105072,-0.01329261023637629,32.362925883666435,-0.5311413909650157
2025-01-31,102405.023438,25.148338,6.498244294280114,-0.03524610277122031,33.282451541312746,-0.5182190375023927
2025-02-01,100655.90625,23.048159,6.370171397710847,-0.0517244704057388,30.419467721245482,-0.5584533567658472
2025-02-02,97688.976562,20.427498,6.152928504172081,-0.07967580407282937,26.846957929993746,-0.6086588446577286
2025-02-03,101405.421875,21.643274,6.425052018504148,-0.044663311724491006,28.504315239454556,-0.5853675348518285
2025-02-04,97871.820312,20.063238,6.166316588654209,-0.07795323993999437,26.350395262574583,-0.6156371799019653
2025-02-05,96615.445312,19.20437,6.074322989522524,-0.08978950184334389,25.179578304794546,-0.6320910008939686
2025-02-06,96593.296875,18.594286,6.072701248852127,-0.08999816144026496,24.347906042153163,-0.6437787258133805
2025-02-07,96529.085938,18.386972,6.067999630944856,-0.09060309027711022,24.065293642127536,-0.64775035759514
2025-02-08,96482.453125,18.464569,6.064585108763576,-0.0910424162649387,24.171074604362545,-0.6462637878923259
2025-02-09,96500.09375,18.305155,6.065876780903409,-0.09087622459633748,23.95375993609274,-0.6493177722294059
2025-02-10,97437.554688,18.766146,6.13451903001851,-0.08204444014796208,24.58218721500403,-0.6404863064012174
2025-02-11,95747.429688,18.642302,6.0107656269880145,-0.09796704458485272,24.413361906203015,-0.6428588560909644
2025-02-12,97885.859375,19.180674,6.167344549202459,-0.07782097845234492,25.147275694112164,-0.6325449585943679
2025-02-13,96623.867188,18.558941,6.074939651494214,-0.08971015966441354,24.299723404806407,-0.6444558500082072
2025-02-14,97508.96875,19.414375,6.1397480711821695,-0.0813716509397926,25.46585910139961,-0.6280678161002335
2025-02-15,97580.351562,18.983059,6.14497482417552,-0.08069915613670464,24.87788506236002,-0.6363307811367548
2025-02-16,96175.03125,18.705296,6.042075233341778,-0.09393862625584004,24.499235921113797,-0.6416520443345941
2025-02-17,95773.382812,19.099895,6.0126659523570085,-0.09772254117394918,25.037156999466987,-0.6340924876744047
2025-02-18,95539.546875,17.832607,5.995544146008617,-0.09992550079408413,23.309578045784754,-0.6583706420558859
2025-02-19,96635.609375,17.978579,6.075799431451477,-0.08959953695968759,23.508568452879985,-0.6555741737303169
2025-02-20,98333.9375,18.298744,6.200153479188272,-0.07359965118885925,23.94502040042914,-0.6494405913894861
2025-02-21,96125.546875,17.394213,6.038451915656348,-0.0944048167026601,22.71195521039093,-0.6667692043494726
2025-02-22,96577.757812,17.764296,6.07156345612901,-0.09014455437183455,23.21645584632813,-0.6596793145943722
2025-02-23,96273.921875,17.638788,6.049316148286864,-0.09300698137490415,23.04536215703355,-0.6620837424750994
2025-02-24,91418.171875,15.247294,5.693771092882483,-0.13875282058468552,19.785254981508064,-0.7078989482802405
2025-02-25,88736.171875,15.29446,5.4973911642217095,-0.16401984231369415,19.84955211754137,-0.7069953624895151
2025-02-26,84347.023438,15.20754,5.1760113517908355,-0.20536984564312122,19.731061953779022,-0.7086605381866244
2025-02-27,84704.226562,15.106882,5.202166282442783,-0.20200464836654497,19.59384401885046,-0.7105889005349866
2025-02-28,84373.007812,14.816688,5.17791396533014,-0.20512504782713592,19.198248821164643,-0.7161483114444085
2025-03-01,86031.914062,14.788806,5.299381486221232,-0.18949655406683086,19.16023981580314,-0.716682462718992
2025-03-02,94248.351562,17.413004,5.9010009530727245,-0.1120898035643918,22.73757127881314,-0.6664092145137113
2025-03-03,86065.671875,14.4502,5.3018532822349105,-0.18917852297264937,18.698648923132712,-0.7231693297472412
2025-03-04,87222.195312,14.875399,5.386535605147875,-0.1782829589112076,19.27828421008148,-0.7150235515461918
2025-03-05,90623.5625,16.462271,5.635588642332266,-0.14623880579877913,21.441523086633325,-0.6846229453701296
2025-03-06,89961.726562,17.070051,5.587128055348829,-0.15247393742684956,22.270054514745155,-0.6729793594843825
2025-03-07,86742.671875,15.938859,5.351424203824523,-0.18280053128341034,20.72800291181535,-0.6946502456689723
2025-03-08,86154.59375,15.251074,5.3083642708511976,-0.1883407933127652,19.790407913158106,-0.7078265326781343
2025-03-09,80601.039062,13.773411,4.9017249444369,-0.2406606243996161,17.776043775381254,-0.7361349601530276
2025-03-10,78532.0,12.693139,4.750226904395173,-0.2601529640482818,16.303406796689583,-0.7568303430415196
2025-03-11,82862.210938,13.099883,5.067291227695151,-0.21935820869345823,16.85788405358504,-0.7490381177338223
2025-03-12,83722.359375,13.482376,5.130272543390801,-0.2112547824265485,17.37930211856378,-0.7417104825760399
2025-03-13,81066.703125,13.027454,4.935821542301116,-0.23627362067171165,16.759148157690614,-0.7504256811319577
2025-03-14,83969.101562,13.679569,5.148339364077104,-0.20893023350768491,17.648117475935948,-0.7379327445267981
2025-03-15,84343.109375,14.037821,5.175724758422932,-0.20540671988431058,18.136489981092286,-0.7310695079432636
2025-03-16,82579.6875,13.371052,5.046604451931006,-0.22201985144025171,17.227544191841737,-0.7438431795307683
2025-03-17,84075.6875,14.035404,5.1561437409975674,-0.20792609137067797,18.13319510389701,-0.7311158117819648
2025-03-18,82718.5,13.923292,5.056768504446749,-0.22071210406748587,17.980362968143158,-0.7332636048992488
2025-03-19,86854.226562,15.012787,5.359592399751009,-0.18174957874783926,19.46557282741905,-0.7123915317731309
2025-03-20,84167.195312,14.215102,5.162844075670372,-0.20706399969499634,18.37816111226984,-0.7276732353620481
2025-03-21,84043.242188,13.959059,5.153768048210119,-0.2082317574420084,18.029120879869897,-0.7325783962112771
2025-03-22,83832.484375,14.226722,5.138336055562229,-0.21021729891875318,18.394001605860712,-0.7274506244370549
2025-03-23,86054.375,14.43569,5.301026108667949,-0.18928495040967208,18.67886875428559,-0.7234473060399823
2025-03-24,87498.914062,15.089212,5.40679735324038,-0.17567600191304422,19.56975610820066,-0.7109274147384831
2025-03-25,87471.703125,15.455079,5.404804928979809,-0.1759323551331955,20.0685094531758,-0.7039182932845679
2025-03-26,86900.882812,15.259174,5.36300863802341,-0.1813100319609101,19.801449909551057,-0.7076713563879067
2025-03-27,87177.101562,15.507801,5.38323377539096,-0.1787077854440534,20.140380580809012,-0.7029082680532862
2025-03-28,84353.148438,14.244856,5.176459833171539,-0.20531214224711447,18.418722045686604,-0.7271032211226119
2025-03-29,82597.585938,13.545989,5.0479150015125045,-0.22185123092501635,17.466019960112494,-0.7404918122858855
2025-03-30,82334.523438,13.387308,5.0286531838453445,-0.22432953290249114,17.249704524355785,-0.7435317541265782
2025-03-31,82548.914062,13.512477,5.044351176181905,-0.22230976684913406,17.420336085653176,-0.7411338206609606
2025-04-01,85169.171875,14.042898,5.236210252389875,-0.19762441595551894,18.14341099537463,-0.7309722449771543
2025-04-02,82485.710938,12.934548,5.039723351803734,-0.222905201117385,16.632497822272935,-0.752205534023302
2025-04-03,83102.828125,12.879012,5.08490956700075,-0.2170913631706014,16.556790623300248,-0.7532694686472627
2025-04-04,83843.804688,12.934566,5.139164945293533,-0.21011065067320867,16.632522360042696,-0.7522051891871016
2025-04-05,83504.796875,12.846268,5.114342301694583,-0.21330443060511584,16.512153693684116,-0.7538967640111163
2025-04-06,78214.484375,11.253415,4.726977949963338,-0.2631442668805618,14.340761461524096,-0.78441195159358
2025-04-07,79235.335938,11.451341,4.801726181549908,-0.25352686247175726,14.610576051409353,-0.7806201710479511
2025-04-08,76271.953125,10.908511,4.584742995341294,-0.2814447811620787,13.870585075855791,-0.7910194729768728
2025-04-09,82573.953125,12.657185,5.046184572679174,-0.22207387477273766,16.254393964799206,-0.7575191341944634
2025-04-10,79626.140625,12.07532,4.8303414673639855,-0.24984510612640787,15.46119010909765,-0.7686662517393155
2025-04-11,83404.835938,12.661983,5.107023016953001,-0.21424615885538834,16.260934643650238,-0.757427216189462
2025-04-12,85287.109375,13.14666,5.244845807138731,-0.19651333117730674,16.921650901149597,-0.7481419842365411
2025-04-13,83684.976562,12.623901,5.127535319621197,-0.21160696451020344,16.20902090209021,-0.7581567746443321
2025-04-14,84542.390625,12.622772,5.19031642048797,-0.20352929867851866,16.20748183864235,-0.7581784035371305
2025-04-15,83668.992188,12.235985,5.126364920581001,-0.21175755270005525,15.68021015236592,-0.7655883012863003
2025-04-16,84033.867188,12.357338,5.153081597117206,-0.20832007896650862,15.845639706473747,-0.7632634730951899
2025-04-17,84895.75,12.517427,5.216189906265045,-0.20020031321756637,16.063874541109627,-0.760196557400591
2025-04-18,84450.804688,12.562504,5.183610365389391,-0.2043921263669044,16.1253239326411,-0.7593329917666909
2025-04-19,85063.414062,12.937108,5.228466511982619,-0.1986207563578618,16.63598763841688,-0.7521564906525634
2025-04-20,85174.304688,13.275746,5.236586084399857,-0.19757605991614458,17.09762215378911,-0.74566901058218
2025-04-21,87518.90625,13.10667,5.408261210232629,-0.1754876562573371,16.867136155994782,-0.7489080953286649
2025-04-22,93441.890625,14.139149,5.84195071396916,-0.11968744190099712,18.27462126633977,-0.7291283100252159
2025-04-23,93699.109375,15.005441,5.860784643788405,-0.11726419367379415,19.45555869093725,-0.7125322632580706
2025-04-24,93943.796875,15.044061,5.878701017313454,-0.11495900188433972,19.50820583917128,-0.7117923980323186
2025-04-25,94720.5,14.929083,5.935572346276206,-0.10764171078204143,19.35146674518753,-0.7139950967357498
2025-04-26,94646.929688,14.875073,5.930185421361176,-0.10833481394084599,19.2778398038069,-0.7150297969129343
2025-04-27,93754.84375,14.58858,5.864865595535777,-0.11673912221064064,18.88728984422606,-0.7205183056680189
2025-04-28,94978.75,15.017331,5.954481785715671,-0.10520874718714346,19.471767251074553,-0.7123044797900698
2025-04-29,94284.789062,14.613898,5.903668959653849,-0.11174652723916778,18.921803580605893,-0.7200332743944409
2025-04-30,94207.3125,14.292942,5.897996013450106,-0.11247643103318072,18.484273334396637,-0.7261820103705272
2025-05-01,96492.335938,14.752078,6.065308742660633,-0.09094931065315093,19.110171859812993,-0.7173860818285576
2025-05-02,96910.070312,14.661197,6.0958958592024945,-0.08701385073338519,18.98628202349355,-0.719127140647345
2025-05-03,95891.796875,14.260993,6.021336401739698,-0.09660696671353108,18.440720156278328,-0.7267940754688584
2025-05-04,94315.976562,13.859743,5.905952553622942,-0.11145271096766396,17.893732371998045,-0.7344810491051348
2025-05-05,94748.054688,13.646459,5.937589940483406,-0.10738211909657092,17.602981611667982,-0.738567051560062
2025-05-06,96802.476562,13.830133,6.088017688826154,-0.08802748742956545,17.85336774073938,-0.7350483046549668
2025-05-07,97032.320312,13.819287,6.10484718145409,-0.08586213805390297,17.838582371248275,-0.7352560876233383
2025-05-08,103241.460938,15.849825,6.559489460789881,-0.027366056355315083,20.60663092331538,-0.6963559204620744
2025-05-09,102970.851562,16.01111,6.539675049919703,-0.029915457169433557,20.82649615643101,-0.6932660923177085
2025-05-10,104696.328125,17.340767,6.666016945649672,-0.013659806979196332,22.63909711912951,-0.6677930996590413
2025-05-11,104106.359375,17.06399,6.622818578372608,-0.019217880515992047,22.261792102382483,-0.6730954734961194
2025-05-12,102812.953125,16.732389,6.528113497423914,-0.031403012441117095,21.809750491777805,-0.6794481417696718
2025-05-13,104169.8125,17.432764,6.627464708186479,-0.018620090997666705,22.764508297174203,-0.6660306609958226
2025-05-14,103539.414062,17.013014,6.581306020534614,-0.02455905111357992,22.192301138416195,-0.6740720496159521
2025-05-15,103744.640625,16.003477,6.596333007037685,-0.02262561933629026,20.816090778842444,-0.6934123220242896
2025-05-16,103489.289062,15.755204,6.577635795357835,-0.02503127686457418,20.477642683723147,-0.6981686285803002
2025-05-17,103191.085938,15.320247,6.555800930250625,-0.027840637346962738,19.884705199144452,-0.706501346317157
2025-05-18,106446.007812,15.922525,6.794131029211291,0.0,20.705736248965668,-0.6949631653633646
2025-05-19,105606.179688,15.799416,6.732637596296143,-0.007889709922078603,20.537912899096604,-0.697321634241591
2025-05-20,106791.085938,15.691709,6.819398149929515,0.0,20.391085700887313,-0.6993850382775846
2025-05-21,109678.078125,16.124077,7.030787903742814,0.0,20.980493836248556,-0.6911019194809005
2025-05-22,111673.28125,16.736061,7.17687956942188,0.0,21.814756196809274,-0.6793777951847686
2025-05-23,107287.796875,15.521186,6.855768044923208,-0.03927066820202352,20.158627139046,-0.7026518440230767
2025-05-24,107791.15625,15.355583,6.892624748186903,-0.03476323930438818,19.932875567606327,-0.7058243945404307
2025-05-25,109035.390625,15.52629,6.983729393153265,-0.023621501897975294,20.165584959982986,-0.7025540638026666
2025-05-26,109440.367188,15.527998,7.013382364276019,-0.019995060922417318,20.167913321691525,-0.702521342678752
2025-05-27,108994.640625,15.918099,6.9807456190694,-0.02398640565600829,20.69970268402305,-0.6950479567535557
2025-05-28,107802.328125,15.665417,6.893442769072625,-0.03466319858851641,20.355244198521465,-0.6998887290211234
2025-05-29,105641.757812,15.040348,6.735242678120528,-0.05401044341571193,19.503144242553127,-0.7118635300774563
2025-05-30,103998.570312,13.899076,6.614926106895221,-0.06872468375688567,17.947351488556542,-0.7337275245343293
2025-05-31,104638.09375,13.976827,6.661752940277522,-0.06299794741636111,18.05334238504396,-0.7322380045662443
2025-06-01,105652.101562,14.062182,6.736000062493043,-0.05391781830535225,18.169699126046435,-0.7306028104610123
2025-06-02,105881.53125,14.092877,6.752799236900986,-0.05186334578129004,18.21154283953798,-0.7300147689513163
2025-06-03,105432.46875,14.115714,6.719918229550417,-0.05588456280807996,18.24267445331894,-0.7295772676007078
2025-06-04,104731.984375,13.850794,6.668627747973054,-0.06215718565178274,17.881533010797984,-0.7346524901694862
2025-06-05,101575.953125,12.922352,6.43753856388425,-0.0904184780099313,16.615872120049676,-0.7524391797067114
2025-06-06,104390.34375,13.581303,6.643612326062121,-0.06521647271826714,17.51416033796688,-0.7398152819756263
2025-06-07,105615.625,13.836444,6.733329195735642,-0.05424445473612338,17.86197095545986,-0.7349274012515561
2025-06-08,105793.648438,13.71712,6.746364329984108,-0.05265030942215643,17.699307353287992,-0.7372133587398428
2025-06-09,110294.101562,14.3616,7.07589403297899,-0.012350131316661739,18.577868567525897,-0.7248666901563978
2025-06-10,110257.234375,15.427644,7.073194564092718,-0.012680265674561264,20.03110980243006,-0.7044438811268389
2025-06-11,108686.625,14.909671,6.958192268411718,-0.026744591155281383,19.32500412370853,-0.7143669834204287
2025-06-12,105929.054688,14.025968,6.756278971936093,-0.051437787962373416,18.12033185970394,-0.7312965825812967
2025-06-13,106090.96875,13.436464,6.76813455431668,-0.04998789717213581,17.316714447157235,-0.7425900447781301
2025-06-14,105472.40625,13.166607,6.722842511206229,-0.05552693473847403,16.948842839674302,-0.7477598482536805
2025-06-15,105552.023438,13.29691,6.72867219714941,-0.0548139872266894,17.126473118191623,-0.745263559840652
2025-06-16,106796.757812,13.574794,6.819813452767505,-0.04366777248250686,17.50528720777902,-0.7399399785772426
2025-06-17,104601.117188,13.007806,6.6590454627951665,-0.0633290611938565,16.732363818785846,-0.7508020890023765
2025-06-18,104883.328125,13.103867,6.679709356782992,-0.06080194876516176,16.863315079959047,-0.7489617939881104
2025-06-19,104684.289062,13.074892,6.6651354280012445,-0.0625842825586358,16.823816086689217,-0.7495168844830913
2025-06-20,103309.601562,12.514476,6.564478816076988,-0.07489418770884382,16.05985171007807,-0.7602530913799073
2025-06-21,102257.40625,11.985239,6.487435549742998,-0.08431627417592336,15.33839084032319,-0.770391984504747
2025-06-22,100987.140625,11.652458,6.394424858908645,-0.09569111344617176,14.884740642589662,-0.7767672587069991
2025-06-23,105577.773438,12.874313,6.730557649484614,-0.054583403870386404,16.55038490218291,-0.7533594900531615
2025-06-24,106045.632812,13.408499,6.764814991203254,-0.05039386659913336,17.27859229541294,-0.7431257861307493
2025-06-25,107361.257812,13.136893,6.861146961242154,-0.03861284803073706,16.90833643463479,-0.7483290961904489
2025-06-26,106960.0,12.929869,6.831766282459478,-0.04220598873107795,16.62611936534422,-0.7522951722778668
2025-06-27,107088.429688,13.060314,6.84117009042643,-0.04105594024533055,16.80394321960077,-0.7497961634903676
2025-06-28,107327.703125,13.399173,6.858690038408711,-0.038913319966587756,17.265879004257304,-0.7433044495977448
2025-06-29,108385.570312,13.72542,6.936148607653913,-0.029440443597604116,17.710621991567187,-0.7370543509362762
2025-06-30,107135.335938,13.380764,6.844604634061309,-0.04063590915575421,17.240783681837826,-0.7436571212430287
2025-07-01,105698.28125,12.896029,6.739381406204832,-0.05350429335575735,16.579988358191457,-0.7529434643348178
2025-07-02,108859.320312,13.559239,6.970837269549156,-0.025198157576300284,17.484082485076264,-0.7402379745271798
2025-07-03,109647.976562,13.668499,7.028583823655373,-0.01813598262117877,17.633026747532252,-0.7381448187901092
2025-07-04,108034.335938,13.169759,6.910430717531121,-0.03258563974540685,16.953139675801534,-0.7476994636034586
2025-07-05,108231.179688,13.229539,6.924843902312,-0.030822964306871703,17.034632335600353,-0.7465542242664452
2025-07-06,109232.070312,13.494132,6.998130565003407,-0.021860295593311485,17.395328008637296,-0.7414852662219761
2025-07-07,108299.851562,13.428614,6.929872156494372,-0.03020802872665662,17.306013253122092,-0.742740431676684
2025-07-08,108950.273438,13.96793,6.977496989308796,-0.024383700214772652,18.04121391073432,-0.7324084494371277
2025-07-09,111326.554688,14.253815,7.151491747829651,-0.0031048300732186007,18.430935038980973,-0.7269315884825935
2025-07-10,115987.203125,15.239021,7.4927511839113095,0.0,19.773977149883514,-0.7080574388295064
2025-07-11,117516.992188,15.298432,7.604764557161857,0.0,19.85496678540221,-0.7069192686346034
2025-07-12,117435.226562,15.098609,7.598777559473273,-0.0006957770487284742,19.58256618722591,-0.7107473910842523
2025-07-13,119116.117188,15.646005,7.72185480825047,0.0,20.328781577042463,-0.7002606157058022
2025-07-14,119849.703125,15.777633,7.7755690341917845,0.0,20.50821810805616,-0.6977389435169032
2025-07-15,117777.1875,16.092302,7.623816435166491,-0.01729262210051885,20.937177856571285,-0.6917106511626268
2025-07-16,118738.507812,16.67417,7.694205702239836,-0.009271573345835171,21.730385801901132,-0.6805634761450745
2025-07-17,119289.84375,17.997988,7.73457531900813,-0.004671345530293691,23.535026984730692,-0.6552023445183381
2025-07-18,118003.226562,17.843006,7.640367343022609,-0.015406601058278624,23.323754060660093,-0.658171422519827
2025-07-19,117939.976562,18.416618,7.635736086315751,-0.01593434537762861,24.105707348925723,-0.6471824123729069
2025-07-20,117300.789062,19.305149,7.588933850800888,-0.021267587624656525,25.316961188064283,-0.6301603204800366
2025-07-21,117439.539062,19.532303,7.599093326976012,-0.020109887635568646,25.626619663205478,-0.6258086025750529
2025-07-22,119995.414062,19.663111,7.786238200266785,0.0,25.80493836248557,-0.6233026395908434
2025-07-23,118754.960938,18.185083,7.695410423981121,-0.010337504426286337,23.79007665326632,-0.6516180595775802
2025-07-24,118368.0,17.907915,7.667076583041917,-0.013562302148973249,23.41223862163168,-0.6569279240232362
2025-07-25,117635.882812,18.291023,7.613469901031937,-0.019663511880386175,23.934495060410626,-0.6495885069619364
2025-07-26,117947.367188,18.406492,7.636277238667219,-0.017067709545481424,24.091903490225107,-0.647376401893258
2025-07-27,119448.492188,19.234554,7.746191787664573,-0.00455785646705964,25.220725418266735,-0.6315127489008538
2025-07-28,117924.476562,18.037018,7.634601153842134,-0.017258472052356755,23.588233048831526,-0.6544546246902413
2025-07-29,117922.148438,17.822281,7.634430685227281,-0.01727787382715118,23.29550154519789,-0.6585684630895761
2025-07-30,117831.1875,17.715185,7.627770393461674,-0.01803591061306531,23.149507267951087,-0.6606201618523191
2025-07-31,115758.203125,16.955446,7.475983471881735,-0.03531144060897762,22.113823897879254,-0.6751749124154366
2025-08-01,113320.085938,16.101534,7.297460996397147,-0.055629860325753344,20.949763006040385,-0.6915337885069006
2025-08-02,112526.914062,15.651691,7.239383801607955,-0.06223987856853541,20.336532785868425,-0.7001516857815758
2025-08-03,114217.671875,16.299955,7.363183540123833,-0.048149691654172044,21.2202523845941,-0.6877325249657578
2025-08-04,115071.882812,17.103121,7.425730103460639,-0.04103099512999786,22.315135850635873,-0.6723458187537865
2025-08-05,114141.445312,16.384867,7.357602120659255,-0.0487849372891479,21.336005223818542,-0.6861058176625715
2025-08-06,115028.0,16.686306,7.422516940339836,-0.04139669920579969,21.746929711558515,-0.6803309799156669
2025-08-07,117496.898438,18.469936,7.603293263652713,-0.020821759260808426,24.178390949379946,-0.646160969231875
2025-08-08,116688.726562,19.895052,7.544117747114859,-0.027556782280791836,26.12112252117405,-0.6188592144140919
2025-08-09,116500.359375,21.930365,7.530325228567099,-0.029126568830323385,28.895680398275267,-0.5798675698718605
2025-08-10,119306.757812,22.102489,7.735813791151649,-0.005739021406636291,29.130321458415978,-0.5765700928620898
2025-08-11,118731.445312,21.119766,7.6936885757498406,-0.010533475465545061,27.790664196531175,-0.595396674277074
2025-08-12,120172.90625,23.522558,7.7992344356199865,0.0,31.066172912210675,-0.5493650262834151
2025-08-13,123344.0625,24.00079,8.031431094138691,0.0,31.718103284925768,-0.5402032648478422
2025-08-14,118359.578125,22.479765,7.666459921143449,-0.040411222672351976,29.644627659792004,-0.569342402729754
2025-08-15,117398.351562,21.753004,7.596077518507812,-0.04820427361876456,28.653900210343217,-0.5832653750584114
2025-08-16,117491.351562,22.652239,7.6028871133495155,-0.047450285156612204,29.879745843233646,-0.5660382205716403
2025-08-17,117453.0625,25.688791,7.600083532714152,-0.04776071000580184,34.01920216804828,-0.5078652731095046
2025-08-18,116252.3125,25.759439,7.512162876733756,-0.057495673940527126,34.11551018794569,-0.5065118293376524
2025-08-19,112831.179688,23.518341,7.261662571901693,-0.08523217574417086,31.06042425803919,-0.549445813742167
2025-08-20,114274.742188,26.36775,7.3673623111885576,-0.07352863306249535,34.9447654802655,-0.49485807078399047
2025-08-21,112419.03125,24.785217,7.23148446569286,-0.08857362915219369,32.78744156943576,-0.5251755522781643
2025-08-22,116874.085938,26.746483,7.55769002938014,-0.05245470621660442,35.46105787778283,-0.48760246807698027
2025-08-23,115374.328125,26.278017,7.447875587797226,-0.06461384693730188,34.82244060837311,-0.4965771367162123
2025-08-24,113458.429688,25.821594,7.307590726358244,-0.08014680732605184,34.20024047014367,-0.505321090779739
2025-08-25,110124.351562,23.395716,7.063464691856632,-0.10717752172302586,30.89326070153484,-0.5517950103581131
2025-08-26,111802.65625,24.399843,7.18635259450409,-0.09357082956465779,32.26209609808565,-0.5325583803855942
2025-08-27,111222.0625,23.757828,7.14384067831994,-0.0982779369700102,31.38689519509572,-0.5448578255671368
2025-08-28,112544.804688,25.180487,7.240693779183488,-0.08755393322641691,33.326277361317295,-0.5176031408907227
2025-08-29,108410.835938,23.433657,6.937998593422538,-0.12106968312317423,30.944982230565067,-0.5510681531201469
2025-08-30,108808.070312,23.497807,6.967084670241228,-0.11784914403966551,31.032432115578352,-0.5498391952166775
2025-08-31,108236.710938,23.224033,6.925248908456819,-0.12248138463900515,30.659220816753297,-0.5550840388809712
2025-09-01,109250.59375,22.481396,6.999486877991101,-0.11426142827102037,29.646851054374338,-0.5693111567384748
2025-09-02,111200.585938,23.480976,7.1422681333112,-0.09845205610930807,31.009487937641346,-0.5501616362217172
2025-09-03,111723.210938,23.692417,7.180535493570833,-0.09421492471111037,31.297726302989652,-0.5461109411622084
2025-09-04,110723.601562,22.351324,7.107342645715679,-0.10231916058383439,29.469535677235633,-0.5718030197535968
2025-09-05,110650.984375,22.291437,7.102025509995096,-0.10290789737041461,29.38789715402767,-0.5729503089502466
2025-09-06,110224.695312,22.205257,7.070812006721118,-0.10636399452142253,29.27041576524443,-0.5746013080480018
2025-09-07,111167.617188,22.465261,7.139854113634453,-0.09871934704599172,29.624855670201473,-0.5696202640770949
2025-09-08,112071.429688,23.050865,7.20603257533196,-0.09139177503578655,30.42315656596639,-0.558401516390371
2025-09-09,111530.546875,23.055517,7.166428351532266,-0.09577692987856634,30.429498216240457,-0.558312395390107
2025-09-10,113955.359375,23.556967,7.343976638544106,-0.07611799818090148,31.113079585529803,-0.5487058335710149
2025-09-11,115507.539062,24.466789,7.457629485748342,-0.06353385221116747,32.353357516668645,-0.5312758579256462
2025-09-12,116101.578125,25.13623,7.501125887244857,-0.058717738237298644,33.265945801519436,-0.5184509973199329
2025-09-13,115950.507812,24.877197,7.490064299888518,-0.05994252611875828,32.91282957292012,-0.5234134392935793
2025-09-14,115407.65625,24.131353,7.450315921432534,-0.06434364240273016,31.896087997895208,-0.5377019954674729
2025-09-15,115444.875,23.584925,7.453041132271402,-0.06404189500406632,31.151192194808083,-0.5481702263213626
2025-09-16,116843.1875,23.494625,7.555427600949802,-0.052705212299943516,31.02809438316818,-0.5499001545939002
2025-09-17,116468.507812,23.987413,7.527993010942314,-0.05574289145859779,31.69986763236423,-0.5404595356175181
2025-09-18,117137.203125,24.640253,7.576955851308732,-0.050321509193034686,32.589825277447204,-0.5279527097765047
2025-09-19,115688.859375,23.496611,7.470906021964483,-0.06206381539443784,31.030801717098605,-0.5498621076664443
2025-09-20,115721.960938,23.344814,7.4733297664016565,-0.06179544768926348,30.823870615066465,-0.5527701688180103
2025-09-21,115306.09375,22.99725,7.442879367925968,-0.06516705050151883,30.350068092311094,-0.5594286493287112
2025-09-22,112748.507812,21.660231,7.255609217274127,-0.08590242994469233,28.52743118177989,-0.5850426799933852
2025-09-23,112014.5,21.54464,7.201864101033632,-0.09185332694875359,28.3698564404148,-0.5872571222852003
2025-09-24,113328.632812,21.620655,7.298086810903632,-0.08119912288441122,28.473480805329604,-0.5858008598528974
2025-09-25,109049.289062,20.108458,6.984747056861899,-0.11589348646595776,26.412039593054722,-0.6147708747360279
2025-09-26,109712.828125,21.085903,7.033332349127214,-0.11051390799617944,27.744501835561497,-0.596045406958059
2025-09-27,109681.945312,20.928057,7.031071064782029,-0.11076428740134936,27.529324679679863,-0.5990693522305615
2025-09-28,112122.640625,21.680927,7.209782314390392,-0.09097658734079717,28.555644164168587,-0.5846461949930704
2025-09-29,114400.382812,21.749245,7.376561899845534,-0.07251001391331668,28.648775906091227,-0.5833373883516171
2025-09-30,114056.085938,21.329388,7.351351983531497,-0.07530136736010296,28.076422883924085,-0.5913808268313829
2025-10-01,118648.929688,22.582314,7.687646662120267,-0.038065332994849266,29.784423423755015,-0.567377813422772
2025-10-02,120681.257812,22.774349,7.836456674054048,-0.02158843023351853,30.046207346880912,-0.5636988901025419
2025-10-03,122266.53125,22.524408,7.952532693689491,-0.008735979893641055,29.70548541843032,-0.5684871514797993
2025-10-04,122425.429688,22.032007,7.964167467708414,-0.007447726249490083,29.03423973128416,-0.5779203564778705
2025-10-05,123513.476562,22.002396,8.04383583739361,0.0,28.993873736816063,-0.5784876311852694
2025-10-06,124752.53125,23.374546,8.134561218167748,0.0,30.864401557875738,-0.5522005760450415
2025-10-07,121451.382812,21.85598,7.892846343166605,-0.02646157480672362,28.794278064733362,-0.5812926054704508
2025-10-08,123354.867188,22.620699,8.032222229059887,-0.01120349261049558,29.836750217772707,-0.5666424502251934
2025-10-09,121705.585938,22.0123,7.911459464624185,-0.02442391574319258,29.007374963022944,-0.5782978946447245
2025-10-10,113214.367188,17.354767,7.289720116239389,-0.09248841643844397,22.6581820511667,-0.6675248937253145
2025-10-11,110807.882812,17.213488,7.113513841040975,-0.1117784809516641,22.465589185932227,-0.6702314555903848
2025-10-12,115169.765625,19.047707,7.432897224949846,-0.07681419790830901,24.96601382567005,-0.6350922827650713
2025-10-13,115271.078125,19.864935,7.440315473093936,-0.07600209013795056,26.080066742733752,-0.6194361828502383
2025-10-14,113118.664062,19.113392,7.282712594592672,-0.09325556019930459,25.055556237160275,-0.6338339179967254
2025-10-15,110783.164062,18.063412,7.111703898325992,-0.1119766232238274,23.62421359855936,-0.6539489798748995
2025-10-16,108186.039062,17.405205,6.921538640226398,-0.13279483808469816,22.726939608458988,-0.6665586243763637
2025-10-17,106467.789062,16.611237,6.795725883917161,-0.14656810571128198,21.644594942765654,-0.6817691192898765
2025-10-18,107198.265625,16.82073,6.849212436985882,-0.14071270096974486,21.930177776141928,-0.6777557431702892
2025-10-19,108666.710938,17.27529,6.956734131918465,-0.12894183509402735,22.549838255200985,-0.6690474796535147
2025-10-20,110588.929688,18.657476,7.097481775839196,-0.1135335806021972,24.434047246112467,-0.6425681591739381
2025-10-21,108476.890625,17.628418,6.942835213378082,-0.1304634099358204,23.031225675231713,-0.6622824064417241
2025-10-22,107688.585938,17.207212,6.8851144012244605,-0.13678235736799926,22.457033683541834,-0.6703516884789613
2025-10-23,110069.726562,17.416077,7.059464970155254,-0.1176954450613602,22.741760421395302,-0.6663503433112581
2025-10-24,111033.921875,17.878086,7.130064748970314,-0.10996658133940673,23.371575447507578,-0.6574993750801744
2025-10-25,111641.726562,18.016981,7.174569089415035,-0.10509449833708284,23.56091842145801,-0.6548384848541043
2025-10-26,114472.445312,18.540293,7.381838420579731,-0.08240382647947275,24.27430227533286,-0.6448131003119312
2025-10-27,114119.328125,18.216867,7.355982668159168,-0.0852343677395323,23.833404901828473,-0.6510091554777537
2025-10-28,112956.164062,17.840239,7.270814108982167,-0.09455813897964493,23.319982060163888,-0.6582244315068713
2025-10-29,110055.304688,18.110287,7.058408979630544,-0.11781104892009953,23.68811404064818,-0.6530509689360822
