Date,BTC_Close,LINK_Close,BTC_MA_30,BTC_MA_90,LINK_MA_30,LINK_MA_90
2018-01-01,13657.200195,0.733563,,,,
2018-01-02,14982.099609,0.673712,,,,
2018-01-03,15201.0,0.681167,,,,
2018-01-04,15599.200195,0.984368,,,,
2018-01-05,17429.5,0.907486,,,,
2018-01-06,17527.0,1.06357,,,,
2018-01-07,16477.599609,1.27046,,,,
2018-01-08,15170.099609,1.3773,,,,
2018-01-09,14595.400391,1.22828,,,,
2018-01-10,14973.299805,1.18871,,,,
2018-01-11,13405.799805,1.01033,,,,
2018-01-12,13980.599609,1.05156,,,,
2018-01-13,14360.200195,1.10123,,,,
2018-01-14,13772.0,1.01084,,,,
2018-01-15,13819.799805,0.877688,,,,
2018-01-16,11490.5,0.756453,,,,
2018-01-17,11188.599609,0.698634,,,,
2018-01-18,11474.900391,0.74423,,,,
2018-01-19,11607.400391,0.812905,,,,
2018-01-20,12899.200195,1.2193,,,,
2018-01-21,11600.099609,0.887828,,,,
2018-01-22,10931.400391,0.802858,,,,
2018-01-23,10868.400391,0.801917,,,,
2018-01-24,11359.400391,0.792863,,,,
2018-01-25,11259.400391,0.760437,,,,
2018-01-26,11171.400391,0.709853,,,,
2018-01-27,11440.700195,0.780675,,,,
2018-01-28,11786.299805,0.760601,,,,
2018-01-29,11296.400391,0.697712,,,,
2018-01-30,10106.299805,0.596778,13181.040039099998,,0.8994436,
2018-01-31,10221.099609,0.620146,13066.503352900001,,0.8956630333333333,
2018-02-01,9170.540039,0.520347,12872.784700566666,,0.8905508666666667,
2018-02-02,8830.75,0.494574,12660.4430339,,0.8843311,
2018-02-03,9174.910156,0.518558,12446.3000326,,0.8688041,
2018-02-04,8277.009766,0.434371,12141.2170248,,0.8530336,
2018-02-05,6955.27002,0.341506,11788.826025466667,,0.8289648,
2018-02-06,7754.0,0.425248,11498.039371833333,,0.8007910666666667,
2018-02-07,7621.299805,0.376771,11246.412711699999,,0.7674401,
2018-02-08,8265.589844,0.41108,11035.419026799998,,0.7402000999999999,
2018-02-09,8736.980469,0.435194,10827.5417156,,0.7150829,
2018-02-10,8621.900391,0.419874,10668.078401800001,,0.6954010333333333,
2018-02-11,8129.970215,0.416157,10473.057422,,0.6742209333333334,
2018-02-12,8926.570312,0.490282,10291.9364259,,0.6538559999999999,
2018-02-13,8598.30957,0.570759,10119.480078233331,,0.6391866333333334,
2018-02-14,9494.629883,0.568253,9975.3077475,,0.6288721333333332,
2018-02-15,10166.400391,0.565251,9931.171093866666,,0.6224987333333334,
2018-02-16,10233.900391,0.639628,9899.3477866,,0.6205318666666667,
2018-02-17,11112.700195,0.672487,9887.274446733332,,0.6181404333333334,
2018-02-18,10551.799805,0.761761,9852.087760533333,,0.6164356333333333,
2018-02-19,11225.299805,0.774362,9796.291080866667,,0.6016043666666666,
2018-02-20,11403.700195,0.699926,9789.744433733333,,0.5953409666666667,
2018-02-21,10690.400391,0.653669,9781.7111004,,0.590368,
2018-02-22,10005.0,0.601923,9752.931087366665,,0.5837015333333333,
2018-02-23,10301.099609,0.674791,9717.654394633335,,0.5797658,
2018-02-24,9813.070312,0.650958,9669.443392,,0.5761165,
2018-02-25,9664.730469,0.675715,9619.221061266668,,0.5749785666666666,
2018-02-26,10366.700195,0.691446,9583.421061266668,,0.5720042666666667,
2018-02-27,10725.599609,0.723957,9548.064388066667,,0.5707827999999999,
2018-02-28,10397.900391,0.661447,9518.114388066666,,0.5695739666666666,
2018-03-01,10951.0,0.663065,9546.271061233334,,0.5717835333333333,
2018-03-02,11086.400391,0.652742,9575.114420633332,,0.5728700666666667,
2018-03-03,11489.700195,0.628706,9652.419759166667,,0.5764820333333333,
2018-03-04,11512.599609,0.592818,9741.814746133334,,0.5797568333333333,
2018-03-05,11573.299805,0.586738,9821.761067766667,,0.5820295000000001,
2018-03-06,10779.900391,0.53387,9905.190755266665,,0.5853461333333334,
2018-03-07,9965.570312,0.521148,10005.534098333332,,0.5913342,
2018-03-08,9395.009766,0.486422,10060.234423866666,,0.5933733333333333,
2018-03-09,9337.549805,0.480877,10117.4427572,,0.5968435333333333,
2018-03-10,8866.0,0.46771,10137.456429066666,,0.5987311999999999,
2018-03-11,9578.629883,0.513524,10165.511409533334,,0.6013421999999999,
2018-03-12,9205.120117,0.510198,10184.952067066664,,0.604353,
2018-03-13,9194.849609,0.563841,10220.448046866666,,0.6092758,
2018-03-14,8269.80957,0.443609,10198.556022133333,,0.6077200333333334,
2018-03-15,8300.860352,0.419737,10188.641048200001,,0.6026859666666666,
2018-03-16,8338.349609,0.42442,10150.0983724,,0.5978915333333333,
2018-03-17,7916.879883,0.373861,10075.114355466667,,0.5915118666666667,
2018-03-18,8223.679688,0.373338,10008.106998700001,,0.5826355333333333,
2018-03-19,8630.650391,0.381644,9925.372005233334,,0.5729407666666667,
2018-03-20,8913.469727,0.391713,9870.761002633333,,0.5606058333333334,
2018-03-21,8929.280273,0.445421,9794.227018233334,,0.5496411333333334,
2018-03-22,8728.469727,0.419292,9705.0526693,,0.5402866666666667,
2018-03-23,8879.620117,0.40914,9644.693326833334,,0.5321357,
2018-03-24,8668.120117,0.419085,9600.130664066666,,0.5260411,
2018-03-25,8495.780273,0.406105,9539.953352866667,,0.5170849,
2018-03-26,8209.400391,0.371496,9486.497688833333,,0.5077695,
2018-03-27,7833.040039,0.342625,9425.441341166666,,0.4966665,
2018-03-28,7954.47998,0.351367,9345.034000666667,,0.48533053333333337,
2018-03-29,7165.700195,0.280161,9226.370686866667,,0.47053733333333336,
2018-03-30,6890.52002,0.287494,9109.458007833333,,0.45807223333333336,
2018-03-31,6973.529785,0.280171,8976.875667333334,10568.062255888888,0.4453091,0.6388454111111111
2018-04-01,6844.22998,0.26158,8835.469986966667,10492.362586833333,0.4322703666666667,0.6336011555555555
2018-04-02,7083.799805,0.273684,8688.606640633334,10404.603700122223,0.42043629999999993,0.6291564000000001
2018-04-03,7456.109863,0.295473,8553.390315766666,10318.549365266666,0.4105248,0.6248709111111111
2018-04-04,6853.839844,0.290161,8396.074983733333,10221.378694699999,0.40063889999999996,0.6171575
2018-04-05,6811.470215,0.286925,8263.793977866666,10103.400585977777,0.3924074,0.6102623777777777
2018-04-06,6636.319824,0.275062,8152.8189616,9982.393028466666,0.3842045333333334,0.6015011777777778
2018-04-07,6911.089844,0.304124,8070.021630866667,9876.098475522222,0.37812793333333333,0.590764111111111
2018-04-08,7023.52002,0.327094,7992.8873047,9785.580924533333,0.3730018333333333,0.5790951555555556
2018-04-09,6770.72998,0.311528,7923.0449707,9698.64014218889,0.36779576666666663,0.5689090222222223
2018-04-10,6834.759766,0.355836,7831.582633466667,9608.211919533333,0.36253949999999996,0.5596548666666666
2018-04-11,6968.319824,0.359287,7757.0226237,9536.684364188888,0.35750913333333334,0.5524210555555555
2018-04-12,7889.25,0.386811,7713.502636733333,9469.002701866666,0.35160813333333335,0.5450349555555556
2018-04-13,7895.959961,0.381543,7701.0409831,9397.177810377778,0.3495392666666667,0.5370384333333333
2018-04-14,7986.240234,0.394007,7690.553645833334,9332.891590755557,0.3486816,0.5301847333333333
2018-04-15,8329.110352,0.423946,7690.245670599999,9271.883930166667,0.3486658,0.5251431555555556
2018-04-16,8058.669922,0.409538,7694.972005233332,9233.752484855557,0.3498550333333333,0.5212885444444445
2018-04-17,7902.089844,0.416794,7684.252343766667,9197.235709688888,0.35130356666666673,0.518156988888889
2018-04-18,8163.419922,0.44629,7668.6779948,9160.441482255555,0.3534584333333333,0.5148465444444444
2018-04-19,8294.30957,0.482795,7648.0393229,9123.62936202222,0.3564945,0.5111786555555555
2018-04-20,8845.830078,0.481416,7645.257649733334,9078.59191627778,0.3576943333333334,0.5029799444444444
2018-04-21,8895.580078,0.491349,7650.827994766666,9048.541699266667,0.36009623333333335,0.4985746222222222
2018-04-22,8802.459961,0.499311,7648.255989566666,9024.886805600001,0.3631019333333334,0.49520187777777774
2018-04-23,8930.879883,0.492385,7657.014648433334,9003.358799955555,0.36554526666666665,0.4917626333333333
2018-04-24,9697.5,0.536824,7697.0719726666675,8984.893240055555,0.3699025666666667,0.48891775555555556
2018-04-25,8845.740234,0.434367,7718.283300766667,8958.074793866666,0.3719982666666667,0.4852947555555555
2018-04-26,9281.509766,0.490148,7766.565625,8937.076009144444,0.37691569999999996,0.4828535888888889
2018-04-27,8987.049805,0.452005,7800.984619166667,8909.813227033334,0.3802703,0.47920170000000006
2018-04-28,9348.480469,0.484476,7873.743961633333,8882.726345522222,0.3870808,0.4761336444444445
2018-04-29,9419.080078,0.515714,7958.0292969,8861.867230933334,0.3946881333333333,0.4741114444444444
2018-04-30,9240.549805,0.544691,8033.5966309000005,8852.247786488888,0.4035054666666667,0.4735327
2018-05-01,9119.009766,0.550401,8109.422623766667,8840.002343788889,0.41313283333333334,0.47275775555555555
2018-05-02,9235.919922,0.564701,8181.159961,8840.728786933332,0.4228334,0.47325057777777774
2018-05-03,9743.860352,0.567669,8257.418310633333,8850.87445751111,0.4319066,0.47406274444444446
2018-05-04,9700.759766,0.582583,8352.315641366667,8856.717230955555,0.441654,0.47477413333333335
2018-05-05,9858.150391,0.571535,8453.871647233334,8874.285460122223,0.45114099999999996,0.4762981777777778
2018-05-06,9654.799805,0.538399,8554.4876466,8904.28023551111,0.45991889999999996,0.4784858777777778
2018-05-07,9373.009766,0.573018,8636.551644,8922.26923291111,0.46888203333333334,0.4801277666666667
2018-05-08,9234.820312,0.552857,8710.261653733332,8940.197238544444,0.4764074666666667,0.48208427777777774
2018-05-09,9325.179688,0.539512,8795.409977333333,8951.970459033333,0.48400693333333333,0.4835113
2018-05-10,9043.94043,0.526373,8869.0493328,8955.381125266666,0.4896915,0.48452439999999997
2018-05-11,8441.490234,0.467844,8918.155013133333,8953.376567966667,0.49331006666666666,0.4850573999999999
2018-05-12,8504.889648,0.464764,8938.676334733334,8957.542339444444,0.4959085,0.48559747777777773
2018-05-13,8723.94043,0.503457,8966.2756837,8955.29089631111,0.4999722999999999,0.48574386666666663
2018-05-14,8716.790039,0.516912,8990.627343866667,8956.607345966668,0.5040691333333334,0.4851455666666667
2018-05-15,8510.379883,0.504004,8996.669661566668,8945.671234855556,0.5067377333333334,0.4844316888888888
2018-05-16,8368.830078,0.480891,9007.008333433334,8925.698231377777,0.5091161666666667,0.48349435555555553
2018-05-17,8094.319824,0.444447,9013.415999433335,8901.925113966667,0.5100379333333334,0.4813256777777778
2018-05-18,8250.969727,0.456841,9016.334326266666,8870.128108766667,0.5103896333333333,0.4789296111111111
2018-05-19,8247.179688,0.453086,9014.7633302,8844.521218577778,0.5093993333333333,0.4754998888888889
2018-05-20,8513.25,0.453171,9003.677327599999,8814.387331855554,0.5084578333333333,0.4719311
2018-05-21,8418.990234,0.424356,8987.790999466666,8781.223887844444,0.5062247333333333,0.4688692111111111
2018-05-22,8041.779785,0.376997,8962.434993600002,8751.79477,0.5021476,0.4657950777777778
2018-05-23,7557.819824,0.34869,8916.666324966667,8724.603879155557,0.4973577666666667,0.46298137777777776
2018-05-24,7587.339844,0.360526,8846.3276531,8694.450992877777,0.49148116666666664,0.45948954444444445
2018-05-25,7480.140137,0.342848,8800.807649866667,8668.52954648889,0.4884305333333333,0.45606610000000003
2018-05-26,7355.879883,0.36462,8736.6199871,8642.875651088889,0.48424626666666665,0.45260948888888886
2018-05-27,7368.220215,0.345249,8682.659000766667,8609.559206866666,0.4806877333333333,0.44876285555555556
2018-05-28,7135.990234,0.31585,8608.909326266667,8569.674658255555,0.47506686666666664,0.4442283333333333
2018-05-29,7472.589844,0.351257,8544.026318466667,8537.171207733334,0.4695849666666667,0.44078177777777783
2018-05-30,7406.52002,0.335834,8482.8919923,8497.788096844444,0.46262306666666664,0.43714587777777775
2018-05-31,7494.169922,0.344773,8428.730664166667,8457.874424966667,0.45576880000000003,0.43372400000000005
2018-06-01,7541.450195,0.349503,8372.248339933332,8414.004980522222,0.4485955333333333,0.43062174444444445
2018-06-02,7643.450195,0.36731,8302.234668033334,8371.014431477777,0.44191689999999995,0.42811609999999994
2018-06-03,7720.25,0.362294,8236.217675833333,8328.202766977778,0.43457393333333333,0.42562227777777784
2018-06-04,7514.470215,0.340509,8158.0950033,8291.920209466665,0.4268730666666667,0.42347382222222224
2018-06-05,7633.759766,0.336191,8090.7270020000005,8266.0112034,0.42013280000000003,0.42141874444444444
2018-06-06,7653.97998,0.329864,8033.4260091333335,8246.666428,0.4120276666666667,0.4196792111111111
2018-06-07,7678.240234,0.30677,7981.540006533334,8228.229654988889,0.40382476666666667,0.41774468888888894
2018-06-08,7624.919922,0.293531,7924.864681000001,8214.439876344444,0.3956254,0.4158093666666667
2018-06-09,7531.97998,0.297624,7874.4659993333335,8191.699321866667,0.38800043333333334,0.4134104777777778
2018-06-10,6786.02002,0.241828,7819.283658866667,8164.8204319,0.3804665666666667,0.4104285888888889
2018-06-11,6906.919922,0.262975,7766.018001333334,8139.398990933333,0.37374026666666665,0.4070856333333333
2018-06-12,6582.359863,0.228636,7694.631982433333,8120.649549744444,0.36457956666666663,0.40469704444444443
2018-06-13,6349.899902,0.214526,7615.7356445333335,8098.97221141111,0.3545000333333333,0.4024169222222222
2018-06-14,6675.350098,0.239964,7554.567985033334,8080.494439066666,0.34569869999999997,0.40036741111111107
2018-06-15,6456.580078,0.223557,7490.826318366667,8064.268885677778,0.3371209,0.3986973666666666
2018-06-16,6550.160156,0.222022,7439.354329433334,8045.674224211111,0.32970673333333333,0.3970160777777778
2018-06-17,6499.27002,0.214002,7380.9643392,8021.99222008889,0.3216121,0.3951533888888889
2018-06-18,6734.819824,0.21008,7330.552343733333,7997.784998944445,0.3135119,0.3931352444444444
2018-06-19,6769.939941,0.220765,7272.442008433333,7973.792328588889,0.3057650333333334,0.3906390666666667
2018-06-20,6776.549805,0.225581,7217.693994133334,7952.104329455556,0.29913920000000005,0.38848672222222225
2018-06-21,6729.740234,0.212881,7173.959342433333,7928.2167752,0.2936686666666667,0.3863060666666667
2018-06-22,6083.689941,0.186089,7124.821679666667,7899.500884355555,0.28824863333333334,0.38371722222222227
2018-06-23,6162.47998,0.19366,7077.326350866667,7873.575325544445,0.2826864333333334,0.3813567222222222
2018-06-24,6173.22998,0.186944,7033.7626789666665,7850.951209866666,0.2774896333333333,0.3793061444444445
2018-06-25,6249.180176,0.179697,6996.872688733333,7833.352766944445,0.2713255333333333,0.3774958333333333
2018-06-26,6093.669922,0.170771,6954.3876789666665,7812.6770996333335,0.2655096,0.3754892111111111
2018-06-27,6157.129883,0.171995,6921.759000599999,7801.4707628333335,0.26071443333333333,0.37428736666666673
2018-06-28,5903.439941,0.166278,6869.454003833333,7790.503206400001,0.2545484666666667,0.37294052222222224
2018-06-29,6218.299805,0.181072,6829.846663333333,7782.111762177778,0.24938973333333334,0.3718394222222222
2018-06-30,6404.0,0.226619,6793.507665933333,7777.220317955555,0.24545126666666667,0.3714509666666667
2018-07-01,6385.819824,0.2212,6754.986653566667,7769.464984833333,0.24117449999999999,0.37086781111111106
2018-07-02,6614.180176,0.249,6720.677652933333,7760.110210533333,0.23723083333333334,0.3703514444444444
2018-07-03,6529.589844,0.236518,6680.988981066666,7756.507432755557,0.2330383,0.36975541111111115
2018-07-04,6597.549805,0.232286,6650.4249674,7754.1305393111115,0.22943086666666665,0.3691483111111111
2018-07-05,6639.140137,0.218494,6617.270979766666,7754.161876122223,0.22550763333333332,0.3685197777777777
2018-07-06,6673.5,0.229949,6584.588313766666,7751.521988966667,0.22217713333333336,0.36769561111111115
2018-07-07,6856.930176,0.249942,6557.211311833333,7749.6709907,0.22028286666666666,0.3668383666666667
2018-07-08,6773.879883,0.246745,6528.843310533333,7749.705989622223,0.21872333333333333,0.3661185555555555
2018-07-09,6741.75,0.235216,6502.502311200001,7748.672547777778,0.21664306666666666,0.3647783333333333
2018-07-10,6329.950195,0.211167,6487.299983699999,7741.579551899999,0.21562103333333332,0.36313255555555557
2018-07-11,6394.709961,0.206735,6470.2263183333325,7724.973551466666,0.21374636666666666,0.36113171111111114
2018-07-12,6228.810059,0.204594,6458.441324866667,7706.449663666667,0.21294496666666665,0.3591656111111111
2018-07-13,6238.049805,0.200695,6454.7129883,7687.025325566666,0.21248393333333332,0.35701770000000005
2018-07-14,6276.120117,0.194691,6441.405322266667,7664.214322955556,0.21097483333333333,0.3544704222222222
2018-07-15,6359.640137,0.19931,6438.1739909,7645.3362142333335,0.21016659999999998,0.35213455555555556
2018-07-16,6741.75,0.222559,6444.560319033333,7632.443549300001,0.2101845,0.3499763888888889
2018-07-17,7321.040039,0.248674,6471.952653,7623.083772822222,0.21134023333333332,0.34778065555555554
2018-07-18,7370.779785,0.23978,6493.151318366667,7612.822330766668,0.21233023333333334,0.34508048888888887
2018-07-19,7466.859863,0.229673,6516.381982433333,7597.500439488889,0.21262716666666667,0.3422833444444444
2018-07-20,7354.129883,0.21645,6535.6346517,7580.3732150999995,0.2123228,0.33922891111111114
2018-07-21,7419.290039,0.222991,6558.6196451999995,7565.00466041111,0.21265979999999998,0.3361586888888889
2018-07-22,7418.490234,0.201422,6603.112988299999,7548.200330977778,0.2131709,0.3329257666666667
2018-07-23,7711.109863,0.19705,6654.7339844,7526.129329455556,0.2132839,0.3291505
2018-07-24,8424.269531,0.202624,6729.7686361,7521.446321644446,0.21380656666666667,0.32657557777777774
2018-07-25,8181.390137,0.243708,6794.1756348,7509.222770211112,0.21594026666666666,0.3238373555555556
2018-07-26,7951.580078,0.251831,6856.105973333333,7497.717551022222,0.21864226666666664,0.3216132
2018-07-27,8165.009766,0.26684,6923.035302766667,7484.5678765444445,0.22180376666666665,0.31919502222222224
2018-07-28,8192.150391,0.279981,6999.325651099999,7470.935324466665,0.22559386666666667,0.31657576666666665
2018-07-29,8218.459961,0.328679,7065.9976563,7459.578770644444,0.23051410000000003,0.3141756333333333
2018-07-30,8180.47998,0.318274,7125.2136556333335,7449.1506619111115,0.23356926666666666,0.31159644444444445
2018-07-31,7780.439941,0.293934,7171.700992866667,7432.978662122222,0.23599373333333334,0.30858792222222226
2018-08-01,7624.910156,0.28728,7205.3919922000005,7409.434771055556,0.23726973333333332,0.3054724888888889
2018-08-02,7567.149902,0.30958,7239.977327466667,7385.727994788889,0.23970513333333335,0.30243912222222225
2018-08-03,7434.390137,0.284746,7267.8720052,7358.797325300001,0.2414538,0.29925257777777775
2018-08-04,7032.850098,0.257989,7280.995670566667,7329.664550777777,0.24277030000000002,0.2961369111111111
2018-08-05,7068.47998,0.253947,7294.161669900001,7304.058664266667,0.24357023333333333,0.2925916777777778
2018-08-06,6951.799805,0.236471,7297.323990866667,7278.691769744444,0.2431212,0.2890762777777778
2018-08-07,6753.120117,0.233997,7296.631998666667,7250.113330066667,0.24269626666666666,0.2856816666666667
2018-08-08,6305.799805,0.22804,7282.1003255,7219.689545344445,0.24245706666666667,0.2823668555555556
2018-08-09,6568.22998,0.276128,7290.042985000001,7198.875542522222,0.24462243333333333,0.2802366777777778
2018-08-10,6184.709961,0.274727,7283.042984999999,7173.0957682222215,0.24688883333333334,0.27812515555555556
2018-08-11,6295.72998,0.27067,7285.273649033333,7146.115652111112,0.24909136666666667,0.27553863333333334
2018-08-12,6322.689941,0.283597,7288.094986900001,7119.514539911111,0.2518547666666667,0.27294624444444443
2018-08-13,6297.569824,0.259292,7288.809977133333,7094.9277614777775,0.25400813333333333,0.27022722222222223
2018-08-14,6199.709961,0.27191,7283.478971266667,7070.826426844445,0.2564281333333333,0.2679052111111111
2018-08-15,6308.52002,0.257547,7269.037971933333,7050.9842068,0.2575944,0.2658285444444444
2018-08-16,6334.72998,0.268244,7236.160969966667,7029.692654055556,0.2582467333333333,0.2637330222222222
2018-08-17,6580.629883,0.291827,7209.8226399,7011.175434000001,0.25998163333333335,0.26194125555555553
2018-08-18,6423.759766,0.27332,7175.052636666666,6987.958875844445,0.26143653333333333,0.2599429111111111
2018-08-19,6506.069824,0.302272,7146.783968033333,6966.704204622223,0.26429726666666664,0.2585864222222222
2018-08-20,6308.529785,0.287262,7109.758626233333,6947.445871288889,0.2664396333333333,0.2575893666666667
2018-08-21,6488.759766,0.311927,7078.767610633334,6935.5674262,0.2701231333333334,0.25718088888888885
2018-08-22,6376.709961,0.314632,7034.2876139,6922.115983055556,0.27404253333333334,0.2566709555555555
2018-08-23,6534.879883,0.321022,6971.307958966666,6911.613091344445,0.27798913333333336,0.25642844444444446
2018-08-24,6719.959961,0.336927,6922.593619766668,6904.547314433333,0.28109643333333334,0.25612074444444444
2018-08-25,6763.189941,0.319767,6882.9806152,6897.824755833333,0.28336096666666666,0.2558376111111111
2018-08-26,6707.259766,0.328878,6834.388948533334,6893.061083966667,0.2854289,0.2559823666666666
2018-08-27,6884.640137,0.336085,6790.805273399999,6886.528309444446,0.28729903333333334,0.2558137888888889
2018-08-28,7096.279785,0.335793,6753.399267533333,6883.081195722221,0.28753616666666665,0.25581333333333334
2018-08-29,7047.160156,0.30871,6715.621940066666,6878.114420544444,0.2872173666666667,0.25541263333333336
2018-08-30,6978.22998,0.30539,6688.881608033334,6871.856418155556,0.2875992333333333,0.25492248888888885
2018-08-31,7037.580078,0.328099,6669.303938766667,6865.124527966667,0.2889598666666667,0.2544868111111111
2018-09-01,7193.25,0.328258,6656.8406087,6859.2689724111115,0.28958246666666665,0.25410863333333333
2018-09-02,7272.720215,0.310938,6651.451611299999,6856.5828613,0.29045553333333335,0.25378006666666664
2018-09-03,7260.060059,0.30394,6659.025276666666,6852.430642333335,0.2919872333333334,0.2534217222222222
2018-09-04,7361.660156,0.29972,6668.7979491999995,6849.182644288889,0.29351299999999997,0.2530867888888889
2018-09-05,6792.830078,0.268699,6663.4989583,6839.344753666665,0.2945872666666666,0.25266377777777776
2018-09-06,6529.169922,0.27239,6656.033951799999,6827.169753666667,0.29586703333333336,0.2524288777777778
2018-09-07,6467.069824,0.260662,6661.4096191,6815.3374186,0.2969544333333333,0.2520181888888889
2018-09-08,6225.97998,0.241907,6650.001285766667,6809.114751488889,0.29581373333333333,0.2520190666666667
2018-09-09,6300.859863,0.239741,6653.872949166666,6802.380750833334,0.2946475333333334,0.2517609111111111
2018-09-10,6329.700195,0.247807,6655.005289666667,6799.5734211888885,0.29388543333333333,0.25197392222222226
2018-09-11,6321.200195,0.260429,6654.955631466666,6799.254535555557,0.2931131666666667,0.25248395555555553
2018-09-12,6351.799805,0.253495,6656.763297500001,6795.6595323,0.2929199333333333,0.2526343
2018-09-13,6517.310059,0.271776,6667.3499674333325,6796.334309866667,0.2929154666666667,0.25317006666666664
2018-09-14,6512.709961,0.268898,6674.1562988,6795.918196588889,0.29329383333333336,0.2536909111111111
2018-09-15,6543.200195,0.269288,6681.105305966666,6796.406309644443,0.2933286333333333,0.2543052
2018-09-16,6517.180176,0.273865,6678.990315733334,6793.988091333334,0.29272990000000004,0.25501392222222224
2018-09-17,6281.200195,0.268721,6674.238330033333,6788.557649711111,0.2925766,0.25554676666666665
2018-09-18,6371.299805,0.291212,6669.7459960666665,6784.054871933333,0.29220793333333334,0.256276
2018-09-19,6398.540039,0.329173,6672.746337866667,6780.374869766667,0.2936049666666667,0.25756813333333334
2018-09-20,6519.669922,0.358403,6673.7766764,6785.219091777778,0.29515416666666666,0.2594827333333333
2018-09-21,6734.950195,0.353303,6685.718017533333,6791.579871944444,0.2964432,0.26125654444444446
2018-09-22,6721.97998,0.33786,6691.954687433334,6797.677094166666,0.29700446666666663,0.2629333888888889
2018-09-23,6710.629883,0.343609,6691.643684833333,6802.804313133333,0.2972272,0.2647546333333334
2018-09-24,6595.410156,0.334657,6686.051025333333,6808.3792046222225,0.29772353333333335,0.2665755888888889
2018-09-25,6446.470215,0.326493,6677.3580403,6811.5940972,0.29764403333333334,0.26829223333333335
2018-09-26,6495.0,0.348924,6664.370035733334,6818.166986744444,0.298072,0.2703216333333333
2018-09-27,6676.75,0.34559,6650.385709566666,6823.2608778,0.2983985666666667,0.2721496111111111
2018-09-28,6644.129883,0.334983,6636.9513671333325,6825.928987611111,0.2992743333333333,0.2733536555555555
2018-09-29,6601.959961,0.329202,6624.409033166667,6828.330544688889,0.30006806666666663,0.2745536777777777
2018-09-30,6625.560059,0.331898,6610.675032533332,6828.456987833334,0.3001947,0.2754747666666667
2018-10-01,6589.620117,0.325232,6590.554036433333,6829.123990866666,0.30009383333333334,0.27646047777777777
2018-10-02,6556.100098,0.321105,6566.6666992,6828.663438566667,0.30043273333333337,0.27744735555555555
2018-10-03,6502.589844,0.310338,6541.417692033333,6827.146213088889,0.300646,0.27846784444444445
2018-10-04,6576.689941,0.32094,6515.2520182,6826.070545766667,0.30135333333333336,0.27947885555555557
2018-10-05,6622.47998,0.356504,6509.5736816,6823.465543588889,0.3042801666666667,0.28066287777777776
2018-10-06,6588.310059,0.338098,6511.5450195,6821.403656655555,0.30647043333333335,0.2816779111111111
2018-10-07,6602.950195,0.337637,6516.0743652,6819.8614366,0.3090362666666666,0.28281592222222224
2018-10-08,6652.22998,0.343585,6530.282698533333,6823.4423231,0.31242553333333334,0.28428723333333333
2018-10-09,6642.640137,0.339712,6541.675374333334,6826.197102833334,0.31575790000000004,0.2857647555555556
2018-10-10,6585.529785,0.347861,6550.203027333333,6830.160655344444,0.31909303333333333,0.2873566111111111
2018-10-11,6256.240234,0.303201,6548.0376952999995,6830.362771222223,0.3205187666666667,0.2884955666666667
2018-10-12,6274.580078,0.311278,6545.463704399999,6830.345659677778,0.32244486666666666,0.2897909777777778
2018-10-13,6285.990234,0.318843,6537.753043566668,6829.527327422222,0.32401376666666665,0.29111912222222225
2018-10-14,6290.930176,0.325284,6530.3603840666665,6824.518218266667,0.32589329999999994,0.2922605111111111
2018-10-15,6596.540039,0.339638,6532.138378866667,6816.468218266667,0.3282383,0.29327122222222224
2018-10-16,6596.109863,0.358845,6534.7693684333335,6807.860774688888,0.33107096666666674,0.29459416666666666
2018-10-17,6544.430176,0.376968,6543.543701133333,6797.611555944444,0.3346792,0.2962307777777778
2018-10-18,6476.709961,0.376913,6547.057373,6787.8624457000005,0.3375359,0.2980137
2018-10-19,6465.410156,0.361977,6549.2863769,6777.263780333334,0.33862936666666665,0.29955798888888885
2018-10-20,6489.189941,0.370766,6548.270377533334,6766.938221522223,0.3390414666666667,0.3014395888888889
2018-10-21,6482.350098,0.371791,6539.8503743,6753.2853352444445,0.3396577333333333,0.30338115555555556
2018-10-22,6487.160156,0.390431,6532.023046833333,6731.7618977444445,0.3414101,0.3054679
2018-10-23,6475.740234,0.437883,6524.193391866666,6712.810232155555,0.34455256666666667,0.3076254
2018-10-24,6495.839844,0.412075,6520.874381466667,6696.635340666666,0.34713316666666666,0.3094058888888889
2018-10-25,6476.290039,0.437743,6521.868375599999,6677.8717881444445,0.3508415,0.3113048111111111
2018-10-26,6474.75,0.432123,6521.193375599999,6658.789561577778,0.3536148,0.31299527777777775
2018-10-27,6480.379883,0.444364,6514.647705033333,6639.477560711111,0.3569072666666667,0.31428066666666665
2018-10-28,6486.390137,0.440448,6509.389713500001,6620.654340233333,0.36042276666666667,0.3156381555555555
2018-10-29,6332.629883,0.418148,6500.412044233333,6604.567561811112,0.3633876333333334,0.3170183111111111
2018-10-30,6334.27002,0.45041,6490.702376266667,6590.227115855555,0.36733803333333337,0.31883086666666666
2018-10-31,6317.609863,0.506044,6481.6353678,6576.343337644444,0.3733651,0.32101379999999996
2018-11-01,6377.779785,0.514022,6475.691357366667,6564.603222622221,0.37979566666666664,0.32356131111111114
2018-11-02,6388.439941,0.500783,6471.8863605999995,6557.443109766667,0.38614383333333335,0.32625902222222225
2018-11-03,6361.259766,0.543031,6464.705354766667,6549.585107388888,0.39354686666666666,0.32947106666666665
2018-11-04,6376.129883,0.503996,6456.493684866667,6543.188774922222,0.3984632666666667,0.3324435666666667
2018-11-05,6419.660156,0.481368,6450.8720214333325,6539.483664244444,0.4032389333333333,0.3351921333333333
2018-11-06,6461.009766,0.484115,6446.140673799999,6541.2082193666665,0.40812153333333334,0.3380374111111111
2018-11-07,6530.140137,0.482141,6442.071012366667,6540.78499888889,0.4127400666666666,0.34032644444444443
2018-11-08,6453.720215,0.497974,6435.773681633334,6543.774001711112,0.41801546666666667,0.34280696666666666
2018-11-09,6385.620117,0.492477,6429.110026033333,6544.77278101111,0.422836,0.34527148888888887
2018-11-10,6409.220215,0.521143,6434.209358733334,6545.7342285,0.4301007333333333,0.34791088888888894
2018-11-11,6411.27002,0.509636,6438.765690133333,6546.9975640111115,0.43671266666666664,0.3506924888888889
2018-11-12,6371.27002,0.562799,6441.608349666666,6548.903786888889,0.44484453333333335,0.3539245888888889
2018-11-13,6359.490234,0.581442,6443.893684933332,6549.4701226,0.45338313333333335,0.3575234222222223
2018-11-14,5738.350098,0.547843,6415.287353566668,6542.843679466667,0.4603233,0.3606300777777778
2018-11-15,5648.029785,0.541633,6383.684684299999,6532.481456155555,0.4664162333333333,0.3634057
2018-11-16,5575.549805,0.512894,6351.388671933333,6523.056901033333,0.4709471,0.3660676333333334
2018-11-17,5554.330078,0.48512,6320.642675833334,6512.482014966667,0.47455400000000003,0.36809927777777773
2018-11-18,5623.540039,0.524238,6292.580338600001,6504.871017788889,0.47996269999999996,0.3707323444444445
2018-11-19,4871.490234,0.41129,6238.657015033333,6486.901356322222,0.4813135,0.3718363777777778
2018-11-20,4451.870117,0.341813,6170.974349,6465.5142469444445,0.48031423333333334,0.3721383888888889
2018-11-21,4602.169922,0.367507,6108.141341199999,6444.039691822223,0.47955010000000003,0.3726548888888889
2018-11-22,4365.939941,0.342961,6037.814664766667,6417.883913822223,0.4763860333333333,0.3727219333333333
2018-11-23,4347.109863,0.329343,5966.190332066666,6391.038579622223,0.47362829999999995,0.3728283333333333
2018-11-24,3880.76001,0.284568,5879.672664433334,6359.633026777777,0.46852246666666664,0.37233599999999994
2018-11-25,4009.969971,0.259428,5797.513330133334,6327.6922471555545,0.46276596666666664,0.37148425555555553
2018-11-26,3779.129883,0.283866,5707.4716634666665,6290.835026022222,0.45741603333333336,0.3709072888888889
2018-11-27,3820.719971,0.287584,5618.615991266666,6254.985690633333,0.45232056666666665,0.3706725555555555
2018-11-28,4257.419922,0.33146,5549.4423259000005,6224.754467766667,0.4494309666666666,0.37096222222222214
2018-11-29,4278.84668,0.344782,5480.928214566667,6194.101874455555,0.4459100333333333,0.37114758888888894
2018-11-30,4017.268555,0.322242,5404.250170966668,6158.813191733333,0.4397833,0.37108074444444444
2018-12-01,4214.671875,0.332692,5332.1465739666655,6124.834876844445,0.43373896666666667,0.37132245555555554
2018-12-02,4139.87793,0.315657,5257.194506933333,6090.166186522221,0.4275681,0.3714526444444444
2018-12-03,3894.130859,0.288482,5174.9568767,6051.638083222222,0.41908313333333336,0.37132777777777776
2018-12-04,3956.893799,0.287812,5094.315673900001,6020.127680122222,0.41187699999999994,0.3715401444444445
2018-12-05,3753.994873,0.256613,5005.460164466666,5989.292401799999,0.40438516666666663,0.3713648444444444
2018-12-06,3521.101807,0.222732,4907.4632325,5956.559423833332,0.3956724,0.3709433999999999
2018-12-07,3419.937256,0.216468,4803.789803133333,5925.381171344445,0.3868166333333333,0.37066074444444447
2018-12-08,3476.114746,0.228283,4704.5362875,5893.995114488888,0.37782693333333334,0.37053343333333333
2018-12-09,3614.234375,0.239791,4612.156762766667,5863.823272044445,0.36940406666666664,0.3704443666666667
2018-12-10,3502.656006,0.219072,4515.271289133333,5832.506114388889,0.35933503333333333,0.36998484444444446
2018-12-11,3424.588135,0.223391,4415.715226300001,5799.981540277779,0.3497935333333333,0.3696503555555556
2018-12-12,3486.950195,0.226759,4319.571232133333,5766.310875122222,0.3385922,0.36915016666666667
2018-12-13,3313.677246,0.205696,4218.044132533333,5730.766067177778,0.3260673333333333,0.36844792222222217
2018-12-14,3242.484863,0.202932,4134.8486247,5694.091452377777,0.31457029999999997,0.36771063333333337
2018-12-15,3236.761719,0.203357,4054.4730225,5657.642358411112,0.30329443333333334,0.3669272111111111
2018-12-16,3252.839111,0.206882,3977.0493327,5623.993901922222,0.29309403333333334,0.3662401111111111
2018-12-17,3545.864746,0.233422,3910.1004882999996,5592.600179044444,0.28470409999999996,0.365598
2018-12-18,3696.059082,0.270225,3845.851123066667,5562.572612855555,0.276237,0.36494302222222225
2018-12-19,3745.950684,0.296346,3808.3331380666664,5531.753510211111,0.27240553333333334,0.3642535
2018-12-20,4134.441406,0.338506,3797.7521810333333,5502.858968111111,0.27229529999999996,0.36408908888888897
2018-12-21,3896.543701,0.298483,3774.231307,5471.465231677778,0.2699945,0.3636515666666667
2018-12-22,4014.182617,0.311306,3762.5060628666665,5441.5047065,0.2689393333333333,0.3632926444444445
2018-12-23,3998.980225,0.313261,3750.9017416,5412.6554850444445,0.26840326666666664,0.3630549111111111
2018-12-24,4078.599121,0.307952,3757.4963786333333,5386.345806222223,0.2691827333333333,0.36284890000000003
2018-12-25,3815.490723,0.317662,3751.0137370333337,5356.573480922222,0.27112386666666666,0.36250154444444443
2018-12-26,3857.297607,0.307583,3753.6193278333335,5325.246232111111,0.27191443333333337,0.3620792444444444
2018-12-27,3654.833496,0.275171,3748.089778666667,5292.031827811111,0.2715006666666666,0.3614146666666666
2018-12-28,3923.918701,0.298379,3736.9730713000004,5262.275813811111,0.27039796666666666,0.3610721888888889
2018-12-29,3820.408691,0.29997,3721.6918050000004,5231.107465277778,0.2689042333333333,0.3607174333333333
2018-12-30,3865.952637,0.298643,3716.6479410666666,5200.844493277778,0.2681176,0.36042199999999996
2018-12-31,3742.700439,0.289444,3700.915559866667,5169.584497066667,0.266676,0.3600702111111111
2019-01-01,3843.52002,0.299371,3691.0369628666667,5140.0392768,0.2661331333333333,0.3599483555555556
2019-01-02,3943.409424,0.316489,3692.6795817,5110.780604388889,0.2670667,0.3598989
2019-01-03,3836.741211,0.365974,3688.6744954333335,5079.8279514,0.2696721,0.3600041222222222
2019-01-04,3857.717529,0.437175,3692.1319173,5049.488034399999,0.27569083333333333,0.3611049777777778
2019-01-05,3845.19458,0.395948,3702.935009733333,5018.846305344445,0.28146469999999996,0.36175287777777776
2019-01-06,4076.632568,0.39701,3724.8248534666664,4990.228556322222,0.28748276666666667,0.36234648888888893
2019-01-07,4025.248291,0.376474,3743.1293049666665,4961.1464247,0.2924224666666666,0.3627549555555556
2019-01-08,4030.8479,0.424198,3757.016422466667,4932.7610704222225,0.29856936666666667,0.3636031444444444
2019-01-09,4035.296387,0.401805,3774.7711018333334,4908.0839165666675,0.30466046666666663,0.36469874444444444
2019-01-10,3678.924561,0.354604,3783.2489827000004,4879.243299711111,0.30903423333333335,0.3651801444444444
2019-01-11,3687.365479,0.444193,3789.929492166667,4850.369691322223,0.3162820333333333,0.3665729222222223
2019-01-12,3661.301025,0.412244,3801.5169514666663,4821.151589644445,0.3231669666666666,0.3675391444444444
2019-01-13,3552.953125,0.444261,3811.8658935333337,4787.333957266666,0.3312112666666666,0.36870162222222225
2019-01-14,3706.052246,0.48566,3827.5089111,4755.2222059666665,0.34062136666666665,0.37011067777777773
2019-01-15,3630.675293,0.518795,3840.1034505,4722.847151711111,0.3510184666666667,0.37168653333333335
2019-01-16,3655.006836,0.497374,3843.7415201666668,4691.494894766666,0.3598168666666666,0.3730249888888889
2019-01-17,3678.563965,0.483012,3843.1583496,4660.529937088889,0.36690976666666664,0.3743698222222222
2019-01-18,3657.839355,0.500732,3840.2213053,4629.070486133333,0.37372263333333333,0.37581388888888884
2019-01-19,3728.568359,0.49147,3826.6922037333334,4598.472911255556,0.37882143333333335,0.37714365555555557
2019-01-20,3601.013672,0.490123,3816.8412027666664,4566.404616988889,0.38520943333333335,0.37825134444444447
2019-01-21,3576.032471,0.503412,3802.2361978999998,4534.185641844444,0.3916129666666667,0.37897944444444437
2019-01-22,3604.577148,0.540335,3789.0894286666667,4502.060500777778,0.39918210000000004,0.3804045555555555
2019-01-23,3585.123047,0.509976,3772.6402262,4469.936423088889,0.4059162333333334,0.3812071444444444
2019-01-24,3600.865479,0.504242,3765.4860514,4438.004372855556,0.4121355666666667,0.38200846666666666
2019-01-25,3599.765869,0.479549,3756.9016601333333,4405.997550477778,0.41786776666666664,0.38239941111111114
2019-01-26,3602.460449,0.472149,3755.1558919000004,4373.9538872777775,0.4244337,0.38275164444444437
2019-01-27,3583.96582,0.433749,3743.8241292000002,4343.413175466666,0.4289460333333333,0.38292498888888893
2019-01-28,3470.450439,0.41349,3732.158854133333,4311.5929579,0.4327300333333334,0.3825147666666666
2019-01-29,3448.116943,0.455235,3718.2309976666666,4279.709703233334,0.4379497666666667,0.38195022222222225
2019-01-30,3486.181641,0.426929,3709.6803710666663,4247.580834966667,0.4425326,0.38098252222222223
2019-01-31,3457.792725,0.38769,3696.8227945666663,4215.018088122222,0.44547656666666663,0.3797259333333333
2019-02-01,3487.945312,0.419263,3681.6406575,4183.092371966666,0.44890236666666666,0.37835073333333336
2019-02-02,3521.060791,0.414927,3671.117976833333,4151.369382055555,0.4505341333333333,0.3773610777777778
2019-02-03,3464.013428,0.396142,3657.9945068,4118.528862855555,0.44916636666666665,0.3764141222222222
2019-02-04,3459.154053,0.394452,3645.1264892333334,4085.174910488889,0.4491165,0.37541786666666666
2019-02-05,3466.357422,0.421776,3624.7839843666666,4051.132880322222,0.4499420333333334,0.37474714444444446
2019-02-06,3413.767822,0.39962,3604.401302066667,4017.3556315111114,0.4507135666666667,0.3736543222222222
2019-02-07,3399.47168,0.401474,3583.3554280666663,3984.1762044333327,0.44995609999999997,0.3726431777777778
2019-02-08,3666.780273,0.436519,3571.0715576000002,3953.704649522222,0.45111323333333336,0.37170291111111103
2019-02-09,3671.203613,0.464334,3570.8141926666663,3923.259467222222,0.4547709,0.3711995555555555
2019-02-10,3690.188232,0.452186,3570.908284433333,3893.469669577778,0.45503733333333335,0.36997052222222226
2019-02-11,3648.430664,0.429451,3570.4792724,3863.3467854666665,0.45561090000000004,0.3682817333333333
2019-02-12,3653.528564,0.425395,3573.8317870333335,3840.182101755556,0.45498203333333337,0.36692119999999995
2019-02-13,3632.070557,0.444044,3571.3657307333333,3817.7825547777775,0.4535948333333334,0.3658368777777778
2019-02-14,3616.880859,0.428376,3570.9059162666667,3796.019566488889,0.4505808666666667,0.36489778888888885
2019-02-15,3620.810791,0.432969,3569.7660481,3774.5360188555555,0.4484340333333333,0.36431833333333336
2019-02-16,3629.787598,0.440511,3568.1401692000004,3752.3832139555557,0.4470173333333333,0.36338803333333336
2019-02-17,3673.836182,0.457499,3568.673396766667,3739.075946711111,0.4455762333333333,0.3639014666666667
2019-02-18,3915.714355,0.474333,3574.9115966333334,3733.1186604666664,0.445005,0.36537391111111117
2019-02-19,3947.094482,0.458156,3586.4476236333335,3725.8400444666668,0.4439394333333333,0.3663811222222222
2019-02-20,3999.820557,0.46611,3600.5738931666665,3721.7720513111108,0.44269603333333335,0.36774944444444446
2019-02-21,3954.118164,0.445463,3612.225260366666,3717.405476877778,0.4395336333333333,0.3690396666666667
2019-02-22,4005.526611,0.452029,3626.2387125,3718.791772444444,0.4376020666666667,0.3709003444444444
2019-02-23,4142.526855,0.461889,3644.2940917,3720.264626711111,0.4361903,0.3731499111111111
2019-02-24,3810.42749,0.41064,3651.3161457333335,3720.6123779000004,0.43389333333333335,0.3745585111111111
2019-02-25,3882.696289,0.470638,3660.6573404,3721.301003655556,0.43384296666666666,0.37659244444444445
2019-02-26,3854.35791,0.437432,3669.6704100666666,3716.822536855556,0.4339657333333333,0.37776991111111113
2019-02-27,3851.047363,0.431479,3682.3569742000004,3712.069211111111,0.4345653666666667,0.3787332111111111
2019-02-28,3854.7854,0.427421,3695.9125894333333,3710.2638427222223,0.4336382333333333,0.37990186666666664
2019-03-01,3859.58374,0.431785,3708.3593260666667,3706.318419,0.43380009999999997,0.3810028999999999
2019-03-02,3864.415039,0.427787,3721.9134032,3703.2577202111115,0.43513666666666667,0.3822487888888889
2019-03-03,3847.175781,0.424169,3733.8877521666664,3702.7359971222227,0.4353002,0.3837564222222222
2019-03-04,3761.557129,0.407811,3741.904296766667,3700.565589677778,0.4350629999999999,0.38508974444444444
2019-03-05,3896.375,0.432997,3756.3163491666664,3702.147591088889,0.4362915,0.38704956666666673
2019-03-06,3903.942627,0.431821,3771.1426349666667,3706.4013779777774,0.4375371333333334,0.3893727777777778
2019-03-07,3911.484375,0.455832,3785.980200066667,3711.863012633333,0.4386723333333333,0.3920323777777778
2019-03-08,3901.131592,0.466202,3802.2256590666666,3716.5854220333335,0.44089173333333337,0.3946759222222222
2019-03-09,3963.313721,0.477456,3821.020393766667,3720.4640814333334,0.4434244666666667,0.3973166444444445
2019-03-10,3951.599854,0.501768,3830.5143798,3725.452346411111,0.4455994333333333,0.40045771111111106
2019-03-11,3905.227295,0.46749,3838.3151692,3730.792781522222,0.4457046333333334,0.4031699222222222
2019-03-12,3909.15625,0.488552,3845.614103133333,3735.483959911111,0.44691683333333326,0.40607873333333333
2019-03-13,3906.717285,0.48451,3854.2236571666667,3742.073293677778,0.44875213333333336,0.4091766666666667
2019-03-14,3924.369141,0.491097,3863.2516764,3749.649785655555,0.45094219999999996,0.4123785
2019-03-15,3960.911133,0.490087,3874.2130289333336,3757.6958902555552,0.45247696666666665,0.4155643888888889
2019-03-16,4048.72583,0.485599,3888.6078613,3766.539076022222,0.4543844,0.41866124444444447
2019-03-17,4025.229004,0.483685,3902.0884684,3771.8653455555555,0.4560749333333333,0.42144194444444444
2019-03-18,4032.507324,0.480714,3915.5124592666666,3775.6036593555555,0.45741503333333333,0.42378071111111115
2019-03-19,4071.190186,0.485391,3928.7575927333332,3779.2174316,0.4583447666666666,0.42588121111111116
2019-03-20,4087.476318,0.486086,3934.4829915,3778.695597288889,0.4587365333333333,0.4275209888888889
2019-03-21,4029.326904,0.461061,3937.224072233333,3780.1709662111107,0.4588333666666667,0.42932741111111106
2019-03-22,4023.968262,0.466446,3938.028995733334,3780.2796956,0.4588445666666667,0.4310511888888889
2019-03-23,4035.826416,0.463084,3940.7526041333335,3780.689097722223,0.4594319333333334,0.43271588888888884
2019-03-24,4022.168213,0.456405,3941.3073242,3780.0620876333332,0.4595778,0.4343653666666667
2019-03-25,3963.070557,0.476395,3935.3254475999997,3781.7018635666673,0.4600613333333333,0.4361290666666667
2019-03-26,3985.080811,0.463601,3941.147224966667,3783.1216769444445,0.4618266999999999,0.4378626
2019-03-27,4087.066162,0.499871,3947.9595540666664,3787.924262122222,0.46280113333333334,0.4403592666666667
2019-03-28,4069.107178,0.503459,3955.117863,3789.5374674222226,0.46500203333333334,0.4426379333333333
2019-03-29,4098.374512,0.499502,3963.3621013,3792.625976544444,0.4672694666666667,0.44485495555555554
2019-03-30,4106.660156,0.494278,3971.7579265000004,3795.300504533333,0.46949803333333334,0.4470286777777778
2019-03-31,4105.404297,0.507613,3979.951945066667,3799.3305474,0.47202563333333336,0.44945277777777776
2019-04-01,4158.183105,0.556138,3989.7442139333334,3802.8268039,0.476304,0.4523057444444444
2019-04-02,4879.87793,0.584279,4024.1676189,3813.232009522222,0.481641,0.4552811888888889
2019-04-03,4973.021973,0.565453,4064.5497803666667,3825.8573513222223,0.48689573333333336,0.4574976222222222
2019-04-04,4922.798828,0.54224,4098.763907966667,3837.691587977778,0.4905371666666667,0.45866501111111113
2019-04-05,5036.681152,0.577468,4136.5218588,3850.9303276666665,0.49539206666666663,0.4606819
2019-04-06,5059.817383,0.57011,4174.799625733333,3861.854603388889,0.49920133333333333,0.4626052333333333
2019-04-07,5198.896973,0.577119,4218.058471766666,3874.8951442999996,0.5028985666666667,0.4648346222222222
2019-04-08,5289.770996,0.568899,4262.2737142666665,3888.8831786999995,0.5059466666666667,0.46644241111111107
2019-04-09,5204.958496,0.53468,4304.052335666666,3901.8794243555553,0.5070437333333334,0.46791879999999997
2019-04-10,5324.551758,0.520257,4351.3631511,3920.164170988889,0.5088026333333333,0.4697593888888889
2019-04-11,5064.487793,0.486123,4389.874202533333,3935.4655300333334,0.5087216666666667,0.47022527777777773
2019-04-12,5089.539062,0.49535,4429.3015951,3951.3348415555556,0.5090830000000001,0.4711486777777778
2019-04-13,5096.586426,0.539208,4468.3755046,3968.4863226777775,0.5106867,0.47220364444444446
2019-04-14,5167.722168,0.52874,4508.6025391,3984.7270995888894,0.5119751333333333,0.47268231111111114
2019-04-15,5067.108398,0.492214,4542.5486247,4000.6874674222227,0.5121956333333333,0.47238696666666663
2019-04-16,5235.55957,0.503054,4582.8929769,4018.2491644666666,0.5128412666666666,0.4724500777777777
2019-04-17,5251.937988,0.500259,4623.540665699999,4035.731098055556,0.5134927666666667,0.4726417111111111
2019-04-18,5298.385742,0.524362,4664.447184233333,4053.9593912444448,0.5147918,0.4729042666666667
2019-04-19,5303.8125,0.51427,4704.991723633333,4071.462103922222,0.5157312666666667,0.4731576
2019-04-20,5337.88623,0.515661,4748.610367833334,4090.7606879000004,0.5175512666666667,0.47344135555555555
2019-04-21,5314.53125,0.499498,4791.629134100001,4110.077341,0.518653,0.4733978666666667
2019-04-22,5399.365234,0.496664,4837.080428033334,4130.019430844444,0.5197723333333334,0.47291263333333333
2019-04-23,5572.362305,0.481483,4888.753564433334,4152.099867044444,0.5206082666666666,0.4725960444444445
2019-04-24,5464.866699,0.478313,4938.813435833334,4172.8109917111115,0.5206722,0.4723079444444445
2019-04-25,5210.515625,0.445506,4979.661262966667,4190.708211222222,0.5200690333333333,0.4719296888888889
2019-04-26,5279.348145,0.436926,5019.403995733333,4209.340296733333,0.5179708666666667,0.4715383222222223
2019-04-27,5268.291016,0.441571,5059.376790333334,4228.055021133333,0.5159079333333334,0.4716252333333333
2019-04-28,5285.13916,0.448218,5098.935611933333,4248.218229144444,0.5141984666666667,0.4720111000000001
2019-04-29,5247.352539,0.433501,5136.958691366667,4268.209735766666,0.5121725666666667,0.47176961111111115
2019-04-30,5350.726562,0.47317,5178.469433533333,4288.926901555556,0.5110244666666667,0.47228339999999996
2019-05-01,5402.697266,0.476025,5219.9532389,4310.536952011112,0.5083540333333334,0.4732649
2019-05-02,5505.283691,0.463421,5240.8000976,4332.951822888889,0.5043254333333332,0.47375554444444445
2019-05-03,5768.289551,0.512165,5267.309016866667,4357.921031333333,0.5025491666666667,0.47483596666666666
2019-05-04,5831.16748,0.494995,5297.587971933333,4384.222743022223,0.5009743333333333,0.47593433333333335
2019-05-05,5795.708496,0.506979,5322.8888834,4410.184459055556,0.4986247,0.4771846333333334
2019-05-06,5746.807129,0.57812,5345.7885416,4435.522789133333,0.4988917,0.4789217888888889
2019-05-07,5829.501465,0.544724,5366.808691333334,4462.364274055555,0.49781186666666666,0.4805340555555555
2019-05-08,5982.45752,0.591537,5389.898242133334,4491.064116722222,0.49856646666666665,0.48264586666666665
2019-05-09,6174.528809,0.639849,5422.217252566667,4518.9279893444445,0.5020721,0.4849050888888889
2019-05-10,6378.849121,0.67146,5457.360497999999,4549.0129394333335,0.5071122,0.4872064888888889
2019-05-11,7204.771484,0.678823,5528.7032877,4588.063864455555,0.5135355333333333,0.4897246777777778
2019-05-12,6972.371582,0.65799,5591.4643717,4624.996541322222,0.5189568666666666,0.492264
2019-05-13,7814.915039,0.646697,5682.075325466666,4671.234168822222,0.5225398333333333,0.49472291111111116
2019-05-14,7994.416016,0.823082,5776.298453733333,4719.704673922222,0.5323512333333333,0.49893444444444446
2019-05-15,8205.167969,0.845574,5880.900439433333,4770.685641811111,0.5441298999999999,0.5035699777777778
2019-05-16,7884.90918,0.926125,5969.2120931,4818.064512800001,0.5582322666666666,0.5090494888888889
2019-05-17,7343.895508,0.887731,6038.9440104333335,4859.332378466666,0.5711480000000001,0.5140186
2019-05-18,7271.208008,0.934154,6104.704752633333,4899.3031765333335,0.5848077333333334,0.5193147666666666
2019-05-19,8197.689453,0.99435,6201.167317733333,4946.880677622223,0.6008104000000001,0.5250927333333333
2019-05-20,7978.309082,1.128938,6289.1814128,4991.671950955556,0.6212529666666666,0.5325458666666667
2019-05-21,7963.327637,1.185923,6377.474625699999,5035.710918511111,0.6441338000000001,0.5405437888888889
2019-05-22,7680.066406,1.220044,6453.497998099999,5077.110343422222,0.6682464666666666,0.5491502444444444
2019-05-23,7881.84668,1.344991,6530.4808106,5120.180566411111,0.6970300666666667,0.5590720444444445
2019-05-24,7987.371582,1.33696,6614.5643067,5162.901063377778,0.7256516333333334,0.5687950555555555
2019-05-25,8052.543945,1.129312,6709.298584033333,5210.035690655555,0.7484451666666666,0.5767803
2019-05-26,8673.21582,1.087065,6822.427506533333,5263.2636854444445,0.7701164666666666,0.5836294888888889
2019-05-27,8805.77832,1.211011,6940.34375,5318.279467777777,0.7957644666666667,0.5922248111111111
2019-05-28,8719.961914,1.275389,7054.8378418,5372.378518344444,0.8233368333333332,0.6016015888888889
2019-05-29,8659.487305,1.182788,7168.5756673333335,5425.764095066666,0.8483130666666666,0.6099945555555556
2019-05-30,8319.472656,1.024751,7267.5338704666665,5475.318416355555,0.8666991,0.6165830666666667
2019-05-31,8574.501953,1.02152,7373.260693366667,5527.6527154,0.8848822666666667,0.6231801
2019-06-01,8564.016602,0.965132,7475.218457066667,5580.062057855555,0.9016059666666666,0.6291908
2019-06-02,8742.958008,1.012434,7574.3740723,5635.410956511111,0.9182816,0.6359088333333334
2019-06-03,8208.995117,0.910969,7653.634993533333,5683.328957811111,0.9321474,0.6412196333333333
2019-06-04,7707.770996,0.88325,7717.3704102,5725.593717466667,0.9446897666666666,0.6462355111111111
2019-06-05,7824.231445,1.077118,7786.617887400001,5769.068684911112,0.9613230333333334,0.6531386888888889
2019-06-06,7822.023438,1.119633,7853.0352865,5812.634149866667,0.9804866666666666,0.6603990333333334
2019-06-07,8043.951172,1.177613,7921.751741566667,5857.974565988889,1.0000225333333332,0.6681785555555555
2019-06-08,7954.12793,1.15262,7981.0717122666665,5902.447100166666,1.0171149000000002,0.6754102444444445
2019-06-09,7688.077148,1.073253,8024.712646500001,5944.4787651999995,1.030508,0.6821409444444444
2019-06-10,8000.32959,1.191716,8051.231250033334,5989.936246755557,1.0476044333333332,0.6899538777777777
2019-06-11,7927.714355,1.138305,8083.076009133333,6034.613991977778,1.0636149333333333,0.6972182666666666
2019-06-12,8145.857422,1.142759,8094.1074219,6081.519417322223,1.0801503333333333,0.7044589555555555
2019-06-13,8230.923828,1.84792,8101.9910156333335,6128.964002822222,1.1143116,0.719545988888889
2019-06-14,8693.833008,1.676558,8118.279850266667,6180.5763048,1.1420110666666665,0.7327788666666668
2019-06-15,8838.375,1.721303,8150.062044266667,6234.055704755556,1.168517,0.7465301777777777
2019-06-16,8994.488281,1.673432,8205.081803366667,6289.1888265,1.1947070333333334,0.7597826000000001
2019-06-17,9320.352539,1.971635,8273.386621066667,6347.512852644444,1.2292897333333335,0.7762964222222222
2019-06-18,9081.762695,1.818537,8302.855729133335,6403.004923500001,1.2567626333333335,0.7911014333333333
2019-06-19,9273.521484,1.838441,8346.029475866666,6461.273752166667,1.2804127333333333,0.8064056555555555
2019-06-20,9527.160156,1.765551,8398.157226500001,6522.420328766666,1.2997336666666668,0.8208401555555557
2019-06-21,10144.556641,1.702871,8480.306901,6590.295109044444,1.3158279,0.8346155666666666
2019-06-22,10701.691406,1.838553,8574.3017252,6664.512033411112,1.3322799666666667,0.8499727666666668
2019-06-23,10855.371094,1.801375,8669.901708933334,6741.093150488889,1.3477604666666667,0.8646947666666667
2019-06-24,11011.102539,1.860334,8768.520328733333,6819.160058577778,1.3721278666666665,0.8802140222222222
2019-06-25,11790.916992,2.189712,8872.443701133334,6904.758401133334,1.4088827666666668,0.8989900333333334
2019-06-26,13016.231445,2.26156,9012.792138633335,7004.170892988889,1.4439010666666667,0.9185244888888888
2019-06-27,11182.806641,2.267606,9094.886962866667,7082.886805533333,1.4769749666666667,0.938170088888889
2019-06-28,12407.332031,2.961826,9219.815120399999,7175.116493033333,1.5362762333333333,0.965587288888889
2019-06-29,11959.371094,3.703152,9341.145068333333,7262.382790777778,1.6255562666666667,1.0010932777777777
2019-06-30,10817.155273,3.446889,9415.900179,7336.371370422223,1.7064019,1.0332127333333332
2019-07-01,10583.134766,3.591973,9483.204117799998,7399.740890822222,1.7939632666666667,1.0666315555555557
2019-07-02,10801.677734,3.645436,9551.828108666667,7464.5037326111105,1.8817300000000001,1.1008535888888888
2019-07-03,11961.269531,3.533164,9676.903922466667,7542.708962644444,1.9691365,1.1340860777777777
2019-07-04,11215.4375,3.484891,9793.826139266666,7611.3618109555555,2.0558578666666665,1.1663907777777778
2019-07-05,10978.459961,3.622153,9898.9670898,7677.124506266666,2.140692366666667,1.2003023666666666
2019-07-06,11208.550781,3.47688,10011.851334566667,7743.898437466668,2.219267266666667,1.2325219333333333
2019-07-07,11450.84668,3.314356,10125.414518166666,7812.3548339555555,2.290492033333334,1.263027011111111
2019-07-08,12285.958008,3.335758,10269.808854100002,7891.0326063111115,2.3632633000000003,1.2941501
2019-07-09,12573.8125,3.112949,10432.666699166668,7971.57994788889,2.4312531666666666,1.322957788888889
2019-07-10,12156.512695,3.118319,10571.206135999999,8050.380224577777,2.4954732666666666,1.3522044111111111
2019-07-11,11358.662109,2.82714,10685.571061133332,8120.037147322222,2.5517677666666665,1.3781131888888891
2019-07-12,11815.986328,3.173851,10807.908691333334,8194.697146233333,2.619470833333333,1.4073870000000002
2019-07-13,11392.378906,3.170485,10913.290527266665,8263.859998877779,2.663556333333333,1.4367397222222222
2019-07-14,10256.058594,2.78738,10965.364713466666,8321.515001055555,2.700583733333333,1.4622415666666664
2019-07-15,10895.089844,2.728492,11033.921874933332,8384.398670766666,2.7341567,1.4869686555555555
2019-07-16,9477.641602,2.19765,11050.026985633333,8431.350933144444,2.7516306333333334,1.5058285555555553
2019-07-17,9693.802734,2.379704,11062.475325466667,8480.188899722223,2.765232933333334,1.5264434666666666
2019-07-18,10666.482422,2.679091,11115.299316366667,8539.774121077779,2.793918066666667,1.550497033333333
2019-07-19,10530.732422,2.608851,11157.206347633333,8597.4724121,2.8195984,1.5737547
2019-07-20,10767.139648,2.644641,11198.538997366668,8658.056949855556,2.8489014,1.5975896222222223
2019-07-21,10599.105469,2.550355,11213.690624966668,8715.831841355555,2.8771508666666668,1.6204084111111112
2019-07-22,10343.106445,2.425729,11201.737792933334,8768.840109577777,2.8967234,1.6420111444444445
2019-07-23,9900.767578,2.370991,11169.917675733333,8818.127897122222,2.9157105999999997,1.6630409000000002
2019-07-24,9811.925781,2.405396,11129.945117133331,8869.254676633333,2.933879333333333,1.6848174555555555
2019-07-25,9911.841797,2.384253,11067.3092773,8920.726828322224,2.940364033333333,1.7064544222222222
2019-07-26,9870.303711,2.403562,10962.4450195,8971.860302711111,2.9450974333333333,1.7282543222222222
2019-07-27,9477.677734,2.25848,10905.607389266666,9018.444064644444,2.9447932333333333,1.7483683444444447
2019-07-28,9552.860352,2.217729,10810.4583333,9066.283040344444,2.91999,1.7681931000000002
2019-07-29,9519.145508,2.140304,10729.117480433335,9112.598806411112,2.867895066666667,1.786716811111111
2019-07-30,9607.423828,2.089139,10688.793098933333,9159.317990433334,2.8226367333333333,1.8046403000000002
2019-07-31,10085.62793,2.196838,10672.209537733335,9210.2107042,2.7761322333333336,1.8239004888888888
2019-08-01,10399.668945,2.181257,10658.809244766666,9261.670475244444,2.727326266666666,1.8424459555555557
2019-08-02,10518.174805,2.399795,10610.706087233333,9313.748334411112,2.6895473,1.8636103999999998
2019-08-03,10821.726562,2.425479,10597.5823893,9369.59297958889,2.654233566666667,1.8849270666666664
2019-08-04,10970.18457,2.497683,10597.306542933333,9427.63050671111,2.616751233333333,1.9062555444444447
2019-08-05,11805.65332,2.484375,10617.209960899998,9494.032193988889,2.5836677333333333,1.9278072222222224
2019-08-06,11478.168945,2.46067,10618.120703066668,9555.095654266668,2.5552115333333334,1.9485753666666665
2019-08-07,11941.96875,2.391855,10606.654394466666,9619.178320277779,2.5237480999999997,1.9680421
2019-08-08,11966.407227,2.289084,10586.407552033334,9681.262299233333,2.496285933333333,1.9860156999999998
2019-08-09,11862.936523,2.179155,10576.621679633334,9733.019688555556,2.4649804666666664,2.0026860555555555
2019-08-10,11354.024414,2.322569,10576.467089799999,9781.704720022222,2.448161433333333,2.0211813777777774
2019-08-11,11523.579102,2.396836,10566.720182266667,9822.9120985,2.4222609333333334,2.0406273666666666
2019-08-12,11382.616211,2.379978,10566.3947591,9860.558767333334,2.3959107,2.057926211111111
2019-08-13,10895.830078,2.41308,10587.720475233333,9890.455012988888,2.3834340333333333,2.0753429444444444
2019-08-14,10051.704102,2.271148,10559.607617166668,9914.530512122223,2.368189233333333,2.0902876444444445
2019-08-15,10311.545898,2.412745,10587.404427033332,9947.504405344445,2.375359066666667,2.1072322444444445
2019-08-16,10374.338867,2.321893,10610.0889648,9981.98363711111,2.373432033333333,2.1226515666666668
2019-08-17,10231.744141,2.39339,10595.597688766667,10004.584244755555,2.3639086666666667,2.1381964555555557
2019-08-18,10345.810547,2.49964,10589.433626266666,10030.88981658889,2.3602683,2.153426477777778
2019-08-19,10916.053711,2.505152,10594.397428366667,10063.697884077777,2.3556186666666665,2.168084577777778
2019-08-20,10763.232422,2.380463,10599.868326799999,10097.955284255555,2.3499556,2.180978122222222
2019-08-21,10138.049805,2.216314,10593.033105466666,10123.024207866667,2.3429751,2.190659488888889
2019-08-22,10131.055664,2.229581,10600.709375,10146.842919888888,2.3382614333333334,2.2005775
2019-08-23,10407.964844,2.253302,10620.577343766667,10173.014263211111,2.3331916333333336,2.2130662777777776
2019-08-24,10159.960938,2.185192,10628.8479818,10189.533653411112,2.3265562666666666,2.2252676888888887
2019-08-25,10138.517578,2.085077,10637.788444033333,10204.341867388888,2.3159400999999997,2.234979533333333
2019-08-26,10370.820312,2.076848,10667.5598633,10222.684738477778,2.3098857,2.2438846333333333
2019-08-27,10185.5,2.107181,10688.647851566668,10239.64043508889,2.306200766666666,2.2541556666666667
2019-08-28,9754.422852,1.900387,10696.4904297,10255.584326155555,2.2982035333333335,2.2638849555555556
2019-08-29,9510.200195,1.783433,10693.249641933333,10265.98097328889,2.2880133333333332,2.2723506555555555
2019-08-30,9598.173828,1.80638,10677.001171866666,10277.471609133334,2.2749980666666665,2.2816978555555556
2019-08-31,9630.664062,1.790231,10651.367675766667,10287.335009733333,2.261963866666667,2.2903400444444446
2019-09-01,9757.970703,1.775217,10626.027539033332,10304.545849577777,2.2411445999999997,2.2999428
2019-09-02,10346.760742,1.833489,10610.195345033333,10333.867957866667,2.2214116,2.310501011111111
2019-09-03,10623.540039,1.854688,10598.640527333333,10364.971386688889,2.1999784333333334,2.3191406777777774
2019-09-04,10594.493164,1.785245,10558.268522133334,10395.776605866668,2.1766741,2.3265363666666667
2019-09-05,10575.533203,1.797884,10528.180664066665,10423.9052951,2.1545812333333334,2.3334282666666666
2019-09-06,10353.302734,1.731496,10475.2251302,10450.562792922223,2.1325692666666667,2.3398602222222222
2019-09-07,10517.254883,1.77696,10426.920052066667,10481.99810108889,2.1154984666666667,2.3476791888888893
2019-09-08,10441.276367,1.830964,10379.5313802,10509.119731944444,2.1038921,2.3547819444444444
2019-09-09,10334.974609,1.796893,10345.563053366666,10535.8670681,2.086369566666667,2.362099588888889
2019-09-10,10115.975586,1.80213,10298.642936166667,10557.757269922222,2.066546033333333,2.3694259333333334
2019-09-11,10178.37207,1.734827,10258.5014648,10579.395583722222,2.045041,2.3681693444444445
2019-09-12,10410.126953,1.707639,10242.311360633334,10598.465516444445,2.0215263,2.368514688888889
2019-09-13,10360.546875,1.580933,10252.606119733333,10615.378537277778,1.9985191333333332,2.366955022222222
2019-09-14,10358.048828,1.565105,10254.156217400001,10630.529210022223,1.9702644666666667,2.3657513888888886
2019-09-15,10347.712891,1.617525,10253.268684866667,10641.944325044444,1.9467855333333335,2.361816833333333
2019-09-16,10276.793945,1.581435,10254.770344999999,10655.222450044444,1.9197203666666667,2.3591823666666665
2019-09-17,10241.272461,1.629438,10251.285742133334,10665.975238677778,1.8907136333333334,2.356860111111111
2019-09-18,10198.248047,1.809821,10227.358886666665,10673.4317708,1.8675359333333332,2.357352
2019-09-19,10266.415039,1.87587,10210.798307233335,10674.785753000002,1.8507161666666667,2.359274211111111
2019-09-20,10181.641602,1.82775,10212.251367133334,10669.007421844444,1.8377640333333334,2.359154177777778
2019-09-21,10019.716797,1.889405,10208.540071566667,10659.7223741,1.8264248333333333,2.360132288888889
2019-09-22,10070.392578,1.8214,10197.2876627,10649.2700412,1.8120281,2.359699688888889
2019-09-23,9729.324219,1.807347,10182.933105400001,10626.363454833334,1.7994332666666668,2.355451188888889
2019-09-24,8620.566406,1.735809,10132.334733,10577.522732177778,1.787791,2.3496095111111113
2019-09-25,8486.993164,1.760189,10069.540494733334,10547.5692491,1.7772357,2.343971544444445
2019-09-26,8118.967773,1.658976,10000.656087166666,10499.920757344446,1.7622955333333332,2.3294954333333333
2019-09-27,8251.845703,1.670161,9950.5701822,10458.726030777778,1.7546213333333331,2.3069066444444446
2019-09-28,8245.915039,1.687368,9908.427343666668,10430.156694844443,1.7514191666666667,2.2873564111111113
2019-09-29,8104.185547,1.71722,9858.6277343,10402.612814633334,1.7484471666666666,2.2665258222222224
2019-09-30,8293.868164,1.763507,9814.067871033332,10374.748263855556,1.7475563666666667,2.2456155
2019-10-01,8343.276367,1.839308,9766.911393166667,10334.548339811112,1.7496927333333334,2.226794877777778
2019-10-02,8393.041992,2.01666,9701.787434833333,10303.188389722223,1.7557984333333332,2.2104812
2019-10-03,8259.992188,1.951038,9623.002506466668,10272.983192244445,1.7590101,2.191913255555556
2019-10-04,8205.939453,1.978818,9543.384049433333,10239.620844155555,1.7654625333333334,2.1752681222222225
2019-10-05,8151.500488,1.966004,9462.582958933335,10202.961442022222,1.7710665333333333,2.1602864333333334
2019-10-06,7988.155762,2.188103,9383.744726533332,10155.208083733332,1.7862867666666666,2.147534711111111
2019-10-07,8245.623047,2.401859,9308.023665333334,10107.11708981111,1.8071167333333336,2.1396337111111112
2019-10-08,8228.783203,2.578111,9234.2738932,10063.475651011111,1.8320216333333335,2.1336314
2019-10-09,8595.740234,2.803853,9176.299414033334,10032.776519066667,1.8655869666666665,2.133372655555555
2019-10-10,8586.473633,2.635488,9125.3160156,9996.893044677778,1.8933655666666667,2.1273908444444447
2019-10-11,8321.756836,2.772361,9063.428841133335,9962.775021677777,1.927950033333333,2.1229672444444443
2019-10-12,8336.555664,2.607123,8994.309798166667,9941.447211344444,1.9579328333333335,2.120964388888889
2019-10-13,8321.005859,2.497458,8926.325097633333,9912.846278177778,1.9884836666666668,2.1183973444444444
2019-10-14,8374.686523,2.539667,8860.2130208,9900.591221744444,2.020969066666667,2.1221975333333334
2019-10-15,8205.369141,2.394792,8788.801562466666,9884.05307071111,2.0468779666666665,2.1223651777777777
2019-10-16,8047.526855,2.391249,8714.492659466667,9854.953564411113,2.0738717666666666,2.1191669333333336
2019-10-17,8103.911133,2.424113,8643.247281866667,9827.988883422222,2.100360933333333,2.117114288888889
2019-10-18,7973.20752,2.358567,8569.079264299999,9796.94519311111,2.1186524666666666,2.1139356888888887
2019-10-19,7988.560547,2.359457,8493.150781233333,9767.939138422222,2.1347720333333333,2.1118145999999998
2019-10-20,8222.078125,2.441464,8427.831998666667,9744.37215708889,2.1552291666666665,2.111989433333333
2019-10-21,8243.720703,2.632044,8368.632128866666,9725.960525144445,2.1799838,2.114890022222222
2019-10-22,8078.203125,2.605548,8302.225813766667,9706.696940077778,2.2061220666666665,2.1171139333333335
2019-10-23,7514.671875,2.612499,8228.404068966665,9680.061718722221,2.232960466666667,2.11965
2019-10-24,7493.48877,2.751632,8190.834814433333,9653.65266382222,2.2668212333333333,2.1235174444444445
2019-10-25,8660.700195,2.83809,8196.6250488,9644.575135611112,2.3027512666666667,2.1299575555555554
2019-10-26,9244.972656,2.751997,8234.1585449,9641.154161211112,2.3391852999999996,2.1358938666666667
2019-10-27,9551.714844,2.675462,8277.487516266667,9641.516042722222,2.372695333333333,2.141840066666667
2019-10-28,9256.148438,2.671974,8311.1619629,9637.612982833334,2.4055155333333333,2.148316011111111
2019-10-29,9427.6875,2.670044,8355.278694666667,9630.302533611111,2.4372763333333336,2.153573855555556
2019-10-30,9205.726562,2.624211,8385.6739746,9617.036507133334,2.4659664666666665,2.1584955666666668
2019-10-31,9199.584961,2.73793,8414.217594400001,9602.385508866666,2.4959205333333334,2.1622526222222223
2019-11-01,9261.104492,2.720022,8443.153011066666,9585.045263644444,2.5193659333333334,2.1655253222222224
2019-11-02,9324.717773,2.710366,8478.6438639,9566.762299233333,2.5446768666666673,2.1678884666666667
2019-11-03,9235.354492,2.671798,8512.957698533333,9538.203423366667,2.5677762,2.169970944444444
2019-11-04,9412.612305,2.686752,8554.9947591,9515.252794033333,2.5918011333333335,2.1724829666666663
2019-11-05,9342.527344,2.682662,8600.1404785,9486.370111744443,2.6082864333333333,2.1757141555555557
2019-11-06,9360.879883,2.740215,8637.315706366666,9457.419807922222,2.6195649666666667,2.180726722222222
2019-11-07,9267.561523,2.690742,8671.941650366667,9428.582307922221,2.6233193333333333,2.186411022222222
2019-11-08,8804.880859,2.716641,8678.913004533333,9400.258490644444,2.6204122666666665,2.1907896
2019-11-09,8813.582031,2.803951,8686.483284466667,9370.147412077777,2.6260277,2.1953131
2019-11-10,9055.526367,2.782646,8710.942268833334,9344.290858255556,2.626370533333333,2.199787188888889
2019-11-11,8757.788086,2.750326,8724.983349566666,9320.534836122222,2.631143966666666,2.2035343666666667
2019-11-12,8815.662109,2.817811,8741.471891233336,9306.8010362,2.6418224,2.2096084
2019-11-13,8808.262695,3.01829,8755.9244303,9290.0978895,2.6577764999999998,2.216336677777778
2019-11-14,8708.094727,3.063036,8772.681949833333,9271.584065722223,2.6800513,2.2245716
2019-11-15,8491.992188,3.035152,8787.497460933333,9252.253488466666,2.701514733333333,2.231702288888889
2019-11-16,8550.760742,3.010331,8802.3924479,9232.308490633333,2.721055333333333,2.2373766333333336
2019-11-17,8577.975586,2.931891,8822.551383433334,9206.3298448,2.740166133333333,2.242118177777778
2019-11-18,8309.286133,2.82661,8833.2422363,9179.063774922222,2.7557379,2.2470753666666665
2019-11-19,8206.145508,2.75657,8832.711149066667,9157.598171622221,2.7662414333333336,2.253078211111111
2019-11-20,8027.268066,2.708266,8825.496061166667,9134.222753866667,2.7687821666666665,2.2583969333333336
2019-11-21,7642.75,2.549667,8810.980957,9103.498144488889,2.7669194666666663,2.261689877777778
2019-11-22,7296.577637,2.351865,8803.711149066667,9071.682774477778,2.7582316666666666,2.2635418
2019-11-23,7397.796875,2.447424,8800.521419233331,9041.230322222224,2.7480914,2.2675678777777777
2019-11-24,7047.916992,2.25579,8746.761979133333,9004.309174222222,2.7286814,2.269556122222222
2019-11-25,7146.133789,2.275065,8676.800683566667,8970.538438544445,2.7127836666666667,2.2714214999999998
2019-11-26,7218.371094,2.276428,8599.022558566667,8942.36008567778,2.699482533333333,2.2755997333333333
2019-11-27,7531.663574,2.229166,8541.539729766668,8920.376345444445,2.684722266666667,2.2805523222222224
2019-11-28,7463.105957,2.271925,8476.053678333334,8896.6533691,2.671451633333333,2.285725044444445
2019-11-29,7761.243652,2.34262,8427.904248,8875.882031211111,2.6620652666666667,2.2918627
2019-11-30,7569.629883,2.242076,8373.572412066665,8851.567133211112,2.6455368000000004,2.2970500222222223
2019-12-01,7424.29248,2.167132,8312.345345,8819.095263633333,2.6271071333333333,2.3007571666666666
2019-12-02,7321.988281,2.094976,8245.587695266666,8782.41135521111,2.606594133333333,2.3034270333333335
2019-12-03,7320.145508,2.129985,8181.747395800001,8746.029714588889,2.5885336999999997,2.3072574777777777
2019-12-04,7252.034668,2.048652,8109.728141233333,8709.10195308889,2.5672637,2.3100437888888887
2019-12-05,7448.307617,2.025807,8046.587483666666,8676.824229566668,2.5453685333333333,2.313313911111111
2019-12-06,7546.996582,2.092442,7986.124706966667,8643.821359555555,2.5237761,2.3168192666666667
2019-12-07,7556.237793,2.061192,7929.0805826333335,8611.7653754,2.5027911,2.3193773555555555
2019-12-08,7564.345215,2.059006,7887.7293945,8580.980604355556,2.4808699333333335,2.322289722222222
2019-12-09,7400.899414,2.091032,7840.639973933333,8550.813091333333,2.457105966666667,2.3254997444444445
2019-12-10,7278.119629,2.270657,7781.3930826666665,8518.588064211111,2.4400396666666664,2.331453411111111
2019-12-11,7217.427246,2.178049,7730.047721333333,8483.113623022222,2.420963766666667,2.336680188888889
2019-12-12,7243.134277,2.119071,7677.6301269333335,8448.475705266666,2.3976724333333332,2.3426595000000003
2019-12-13,7269.68457,2.07731,7626.344189433334,8414.160546844445,2.3663064333333335,2.3483506666666667
2019-12-14,7124.673828,2.010686,7573.563492800001,8378.3490017,2.3312280999999997,2.352719122222222
2019-12-15,7152.301758,2.08684,7528.907145133333,8343.632421844444,2.2996176999999998,2.3583347333333338
2019-12-16,6932.480469,1.981583,7474.964469366666,8306.868066377778,2.2653261000000002,2.3622474555555555
2019-12-17,6640.515137,1.756352,7410.3824544,8267.337700711112,2.226141466666667,2.3616533555555557
2019-12-18,7276.802734,1.880721,7375.966341099999,8234.119786211111,2.1946118333333335,2.3617072555555554
2019-12-19,7202.844238,1.820493,7342.522965433333,8201.022037722221,2.1634092666666667,2.361626622222222
2019-12-20,7218.816406,1.923433,7315.574576766667,8169.900922266666,2.1372481666666667,2.362004711111111
2019-12-21,7191.158691,1.873683,7300.521533133334,8137.909434633333,2.1147153666666667,2.362585633333333
2019-12-22,7511.588867,1.935425,7307.6885741333335,8113.267930722222,2.1008340333333333,2.364008722222222
2019-12-23,7355.628418,1.87685,7306.2829589,8099.213064188888,2.0818149,2.365575844444445
2019-12-24,7322.532227,1.86312,7315.436800066666,8086.2746093333335,2.0687259,2.366719522222222
2019-12-25,7275.155762,1.804758,7319.7375325,8076.898920322223,2.053049,2.368339322222222
2019-12-26,7238.966797,1.8618,7320.424055933333,8065.644710255555,2.039228066666667,2.3704686444444443
2019-12-27,7290.088379,1.886506,7312.371549433333,8055.024414033334,2.0278060666666664,2.372681288888889
2019-12-28,7317.990234,1.874338,7307.534358666667,8046.288910555555,2.014553166666667,2.3744270444444444
2019-12-29,7422.652832,1.902404,7296.247998000001,8036.6087402,1.9998793,2.3759703444444447
2019-12-30,7292.995117,1.838974,7287.026839133334,8024.938948533333,1.9864425666666667,2.3759666333333334
2019-12-31,7193.599121,1.769471,7279.3370605,8011.611805522222,1.9731872000000001,2.373220088888889
2020-01-01,7200.174316,1.80664,7275.276595,7999.836051388888,1.963576,2.3716156666666666
2020-01-02,6985.470215,1.741144,7264.1207519,7986.275282077777,1.9506146333333334,2.3689748444444447
2020-01-03,7344.884277,1.809708,7267.215738866667,7977.312879733334,1.9426498333333335,2.3672382222222224
2020-01-04,7410.656738,1.840133,7265.960709566667,7970.8962239111115,1.9364607000000003,2.3633718888888886
2020-01-05,7411.317383,1.807787,7261.438069600001,7961.626160977777,1.9269722,2.356771088888889
2020-01-06,7769.219238,1.937466,7268.5374511,7956.519894699999,1.922848,2.3496528111111115
2020-01-07,8163.692383,2.114098,7288.515690033333,7951.719363022222,1.9246844,2.3419888666666666
2020-01-08,8079.862793,2.183606,7311.147802666667,7946.09035368889,1.9277702,2.3369679555555556
2020-01-09,7879.071289,2.186049,7331.179524666668,7941.17162538889,1.9249499333333335,2.330453377777778
2020-01-10,8166.554199,2.223959,7362.817089766667,7939.282720222223,1.9264802666666667,2.326196
2020-01-11,8037.537598,2.283247,7389.297200466667,7936.1330728777775,1.9319528,2.323815877777778
2020-01-12,8192.494141,2.245193,7420.057519499999,7934.108713077779,1.9375489,2.3205439444444442
2020-01-13,8144.194336,2.192453,7454.041536433333,7933.428993022222,1.9436077999999999,2.318295733333333
2020-01-14,8827.764648,2.389927,7509.890299433334,7942.098301833333,1.9537106999999998,2.3182810444444444
2020-01-15,8807.010742,2.404977,7572.374641866667,7949.910519711112,1.9678238333333333,2.318068422222222
2020-01-16,8723.786133,2.484479,7641.8170084,7958.250282077777,1.9920947333333332,2.3194674444444443
2020-01-17,8929.038086,2.724109,7696.891520133333,7968.70003251111,2.0202076666666664,2.3235191333333334
2020-01-18,8942.808594,2.774105,7754.890332,7976.708148833333,2.0519947333333333,2.3272151444444447
2020-01-19,8706.245117,2.618951,7804.471289033334,7981.8473089888885,2.075178666666667,2.3270696666666666
2020-01-20,8657.642578,2.697299,7853.3540852666665,7988.285525133333,2.1026325333333333,2.328089122222222
2020-01-21,8745.894531,2.67355,7894.497607400001,8001.965776866667,2.1272367,2.3287674666666667
2020-01-22,8680.875977,2.645582,7938.672526033333,8015.158968055556,2.1528611000000004,2.3275891333333334
2020-01-23,8406.515625,2.462109,7974.805305966667,8012.334695055556,2.1728274,2.3234115666666666
2020-01-24,8445.43457,2.50439,8013.814599566667,8003.450938544444,2.1961484666666666,2.3206603777777777
2020-01-25,8367.847656,2.456526,8051.443961533334,7990.296858677778,2.2159726666666666,2.3182277555555553
2020-01-26,8596.830078,2.571582,8095.002018166667,7982.971099122222,2.238808533333333,2.317112288888889
2020-01-27,8909.819336,2.609652,8148.062988233333,7977.217008411111,2.2633190000000005,2.3164412666666667
2020-01-28,9358.589844,2.655339,8212.594221966667,7978.915489322223,2.2884168333333337,2.3167871333333334
2020-01-29,9316.629883,2.785324,8280.048714166667,7980.215988455555,2.319961833333333,2.3173137333333336
2020-01-30,9508.993164,2.912988,8357.2285156,7982.970307033334,2.358079066666667,2.3194578
2020-01-31,9350.529297,2.823791,8428.907014966668,7983.257101744444,2.3919841,2.3207180777777774
2020-02-01,9392.875,2.838953,8509.153841133333,7985.00732961111,2.4285777333333334,2.3225753555555553
2020-02-02,9344.365234,2.832581,8575.803206366667,7984.2490288222225,2.4626735,2.324195677777778
2020-02-03,9293.521484,2.774659,8638.565364566666,7983.704519266667,2.4938243666666664,2.3252178666666667
2020-02-04,9180.962891,2.741121,8697.553548166667,7981.7054415777775,2.5249355,2.3252279333333337
2020-02-05,9613.423828,2.845629,8759.0270345,7985.5483560777775,2.5552076000000006,2.3269489
2020-02-06,9729.801758,2.884682,8811.230680333334,7995.8252549555555,2.5808937333333337,2.3288160222222225
2020-02-07,9795.943359,3.308532,8868.433365866666,8006.740380822223,2.618391266666667,2.334422477777778
2020-02-08,9865.119141,3.414457,8934.634960933332,8015.735856088889,2.6593382,2.3414425999999997
2020-02-09,10116.673828,3.477313,8999.638948566666,8030.834586555555,2.7011166666666666,2.349520233333333
2020-02-10,9856.611328,3.411484,9060.274739566667,8042.400688988889,2.738724566666667,2.3561166
2020-02-11,10208.236328,3.975559,9127.4661458,8057.955951577778,2.7964034333333334,2.3667529222222226
2020-02-12,10326.054688,4.025119,9200.1948242,8075.933284477778,2.8574923,2.377442733333333
2020-02-13,10214.379883,3.874435,9246.415332033333,8095.070925533333,2.9069759,2.3867681000000003
2020-02-14,10312.116211,4.414373,9296.585514333332,8114.641541855556,2.9739557666666667,2.402368566666667
2020-02-15,9889.424805,4.304661,9335.440136733332,8129.213199844446,3.0346285000000006,2.4176215666666665
2020-02-16,9934.433594,4.504171,9368.953320333332,8147.270393855555,3.0939639000000003,2.4362611333333337
2020-02-17,9690.142578,4.297009,9393.864453133336,8163.759250188889,3.144727366666667,2.4533771222222223
2020-02-18,10141.996094,4.543797,9441.722819033335,8187.256228277778,3.2088889000000003,2.4737719111111107
2020-02-19,9633.386719,4.401326,9474.247623733332,8209.374414044443,3.2656898,2.4943459
2020-02-20,9608.475586,4.271369,9503.000325566665,8235.062169033334,3.3189504333333333,2.5156737222222225
2020-02-21,9686.441406,4.292058,9536.5191732,8260.491552711112,3.373832966666667,2.5361696555555557
2020-02-22,9663.181641,4.102937,9578.408040400001,8289.550048811112,3.4285272333333334,2.5566935111111113
2020-02-23,9924.515625,4.243481,9627.710742233334,8320.420958100001,3.4864969333333335,2.5785648
2020-02-24,9650.174805,3.913673,9670.454980533334,8347.440999333332,3.5350685,2.596756411111111
2020-02-25,9341.705078,3.513104,9695.2841472,8367.5525716,3.566452566666667,2.611022388888889
2020-02-26,8820.522461,3.600725,9692.3075847,8382.6349772,3.5994883333333334,2.625786833333333
2020-02-27,8784.494141,3.948595,9673.171061266667,8394.00442707778,3.6425968666666666,2.643631
2020-02-28,8672.455078,4.16191,9651.698567766667,8406.258040355557,3.688483066666666,2.664962488888889
2020-02-29,8599.508789,4.108541,9621.382421933335,8419.315999344444,3.7283348333333333,2.6865337
2020-03-01,8562.454102,3.879533,9595.113248766667,8433.098952911112,3.7635262333333332,2.706362111111111
2020-03-02,8869.669922,4.215007,9577.673079500002,8450.315890844444,3.8093947000000004,2.729529022222222
2020-03-03,8787.786133,4.583632,9559.1204428,8467.379796011111,3.867763066666667,2.7576954666666667
2020-03-04,8755.246094,4.644871,9541.1779298,8481.901334644444,3.9301034666666665,2.7867961777777777
2020-03-05,9078.762695,4.721254,9537.771256600001,8498.920958122222,3.9961078999999997,2.8160052
2020-03-06,9122.545898,4.678498,9521.408658933333,8516.32438151111,4.057203533333333,2.8450863777777777
2020-03-07,8909.954102,4.344593,9494.080403733333,8531.275591366666,4.105867233333333,2.870481788888889
2020-03-08,8108.116211,4.089671,9437.819498800001,8539.133555777777,4.1319052,2.8926888888888893
2020-03-09,7923.644531,4.063915,9373.103678466667,8546.30605468889,4.1535538,2.912613977777778
2020-03-10,7909.729492,4.084932,9299.538867266669,8553.998301866666,4.173807766666667,2.933801566666667
2020-03-11,7911.430176,3.817517,9234.699495533334,8561.423811855555,4.1873422,2.952673188888889
2020-03-12,4970.788086,2.064779,9060.117887466668,8535.880517588888,4.123649533333333,2.9525339555555554
2020-03-13,5563.707031,2.421135,8901.372965566667,8518.536442066666,4.0701834,2.9570945
2020-03-14,5200.366211,2.143518,8734.2391765,8496.848269322221,4.012486166666666,2.957724255555556
2020-03-15,5392.314941,2.109211,8570.245800833332,8479.735319011112,3.9356474333333336,2.9591423444444445
2020-03-16,5014.47998,1.779877,8407.74764,8461.668261711111,3.8514879666666664,2.9594037333333336
2020-03-17,5225.629395,1.842805,8250.787500033333,8438.877446833332,3.762775766666666,2.958982444444444
2020-03-18,5238.438477,1.8877,8102.3973633333335,8417.050716155556,3.682465466666667,2.9597291888888884
2020-03-19,6191.192871,2.246666,7970.703922566667,8405.632676877778,3.605894433333333,2.9633206666666663
2020-03-20,6198.77832,2.2479,7856.216975933333,8394.60622831111,3.5341135666666665,2.9674786333333336
2020-03-21,6185.066406,2.271615,7742.103336600001,8379.867089855556,3.4674551000000005,2.971214077777778
2020-03-22,5830.254883,1.988865,7613.563785833334,8362.918495022222,3.3906819999999995,2.9724586888888895
2020-03-23,6416.314941,2.237793,7505.334895833334,8352.849414066666,3.328510533333333,2.9766217222222218
2020-03-24,6734.803711,2.307897,7399.011165366667,8346.84550238889,3.2639910666666667,2.9822121555555556
2020-03-25,6681.062988,2.259675,7300.040771466666,8340.646571177778,3.2088578,2.9866329888888896
2020-03-26,6716.44043,2.295138,7212.531949866666,8334.272705077778,3.1682589333333335,2.9911733444444444
2020-03-27,6469.79834,2.174971,7134.174479166667,8324.8483507,3.1207337999999996,2.9945137111111113
2020-03-28,6242.193848,2.136711,7049.431136066666,8311.732139766666,3.060337666666667,2.9971171222222224
2020-03-29,5922.042969,2.025168,6957.750732433333,8296.499338122223,2.9891129333333333,2.9991859444444446
2020-03-30,6429.841797,2.15332,6885.428499366666,8288.013145633333,2.9239389000000005,3.0034509333333332
2020-03-31,6438.644531,2.270344,6814.634846999999,8279.551703577778,2.8702992666666662,3.0086031999999996
2020-04-01,6606.776367,2.27826,6739.205061833333,8275.343994155555,2.8057410333333332,3.014571155555556
2020-04-02,6793.624512,2.301709,6672.7330077999995,8269.218885655555,2.7296769333333333,3.0200378333333333
2020-04-03,6733.387207,2.305067,6605.337711566667,8261.693668644444,2.651683466666667,3.0252037666666665
2020-04-04,6867.527344,2.326213,6531.629866533333,8255.6515571,2.5718487666666667,3.0309640555555557
2020-04-05,6791.129395,2.277325,6453.9159831,8244.783892177778,2.4918096666666667,3.0347402666666667
2020-04-06,7271.78125,2.513414,6399.310221366667,8234.873768477779,2.4307703666666662,3.039177111111111
2020-04-07,7176.414551,2.717985,6368.253499366666,8224.835454677777,2.3850474999999998,3.0451146555555555
2020-04-08,7334.098633,3.139041,6348.601969433334,8218.780202944443,2.3542183666666667,3.0557034555555553
2020-04-09,7302.089355,3.321694,6328.347298199999,8209.175038011112,2.3287770999999995,3.067900511111111
2020-04-10,6865.493164,3.2171,6293.482731133334,8196.152322077778,2.3087632,3.078276655555556
2020-04-11,6859.083008,3.282313,6356.425895199999,8181.3366428222225,2.3493476666666666,3.089800211111111
2020-04-12,6971.091797,3.462612,6403.338720733333,8168.302170166667,2.3840635666666667,3.1039130888888886
2020-04-13,6845.037598,3.369805,6458.1611003,8146.2718696111115,2.4249398,3.114800622222222
2020-04-14,6842.427734,3.236892,6506.4981934,8124.443169522222,2.462529166666667,3.124044122222222
2020-04-15,6642.109863,3.129015,6560.752522833333,8101.31343318889,2.5075004333333335,3.131205633333333
2020-04-16,7116.804199,3.468648,6623.7916829666665,8081.177501111111,2.5616952000000004,3.139478288888889
2020-04-17,7096.18457,3.477046,6685.716552733333,8060.659456400001,2.6146734,3.1472887444444444
2020-04-18,7257.665039,3.783459,6721.265625,8044.5641222,2.6658998333333335,3.1602277222222224
2020-04-19,7189.424805,3.637568,6754.2871745,8028.250591388889,2.7122221,3.1706751555555557
2020-04-20,6881.958496,3.458327,6777.516910833333,8007.540191,2.751779166666666,3.1793949000000006
2020-04-21,6880.323242,3.476279,6812.519189466667,7987.5340495,2.8013596333333335,3.1886248666666663
2020-04-22,7117.20752,3.678815,6835.882275433334,7973.20840388889,2.8493937000000003,3.202143822222222
2020-04-23,7429.724609,3.72501,6859.046305366666,7961.922737655555,2.8966307999999996,3.215706266666667
2020-04-24,7550.900879,3.804795,6888.040901733333,7952.845551244445,2.9481347999999996,3.230687033333333
2020-04-25,7569.936035,3.803088,6916.490755233333,7941.435617433334,2.9983998,3.244370433333333
2020-04-26,7679.867188,3.716778,6956.8263835,7927.7694824555565,3.049793366666667,3.2566718333333338
2020-04-27,7795.601074,3.641899,7008.606624366667,7910.402940566666,3.0999662999999997,3.267633611111111
2020-04-28,7807.058594,3.675325,7071.440478533334,7893.629926244445,3.1549715333333332,3.2775225111111106
2020-04-29,8801.038086,3.906069,7150.480354833333,7885.76375871111,3.2133965,3.288556744444444
2020-04-30,8658.553711,3.720477,7224.477327500001,7878.07514108889,3.2617342666666667,3.298519922222222
2020-05-01,8864.766602,3.783184,7299.743668666666,7872.207270000001,3.3118983999999996,3.3090113777777774
2020-05-02,8988.59668,3.822183,7372.9094076,7868.254286066666,3.362580866666667,3.3200069555555554
2020-05-03,8897.46875,3.722169,7445.045459033334,7863.8537001333325,3.4098176,3.3305348444444443
2020-05-04,8912.654297,3.7679,7513.2163574666665,7860.872493533334,3.457873833333333,3.3419435
2020-05-05,9003.070312,3.687693,7586.947721366667,7854.090787800001,3.5048861,3.3512997666666666
2020-05-06,9268.761719,3.636458,7653.513737,7848.968120699999,3.5423209,3.3596528333333335
2020-05-07,9951.518555,3.754018,7746.0172038,7850.696733988889,3.5768553333333335,3.3646026777777776
2020-05-08,9842.666016,3.822109,7829.636116566667,7850.447254822222,3.5996242666666665,3.369132144444445
2020-05-09,9593.896484,4.040321,7906.029687533333,7844.638617666667,3.6235785000000003,3.375387788888889
2020-05-10,8756.430664,3.761325,7969.060937533333,7832.414388066667,3.6417193333333335,3.379274911111111
2020-05-11,8601.795898,3.585065,8027.1513672,7814.565049955555,3.6518110666666668,3.374936088888889
2020-05-12,8804.477539,3.692374,8088.264225266667,7797.658637188889,3.6594698000000005,3.371238922222222
2020-05-13,9269.987305,3.760424,8169.095882166667,7787.165386322222,3.672490433333333,3.369972133333333
2020-05-14,9733.72168,3.799387,8265.472347033334,7780.738780422223,3.6912402666666666,3.3631389555555553
2020-05-15,9328.197266,3.674653,8355.008593800001,7774.502918877777,3.7094282,3.356138866666666
2020-05-16,9377.013672,3.760095,8430.348909566666,7768.309364188889,3.7191430999999997,3.3478713555555557
2020-05-17,9670.739258,3.784329,8516.167399166667,7768.093771744445,3.7293858666666666,3.3421749111111105
2020-05-18,9726.575195,3.885346,8598.464404366667,7763.4779839777775,3.7327821,3.334858788888889
2020-05-19,9729.038086,3.922476,8683.1181804,7764.540776944445,3.7422790333333333,3.329538233333334
2020-05-20,9522.981445,4.071049,8771.1522787,7763.590842044444,3.7627031000000004,3.327312455555555
2020-05-21,9081.761719,3.847751,8844.533561266666,7756.872178855555,3.7750855000000003,3.322375711111111
2020-05-22,9182.577148,4.070282,8913.379215533332,7751.532128933333,3.7881343999999997,3.3220128777777775
2020-05-23,9209.287109,3.955061,8972.697965533333,7743.585145422223,3.7958027666666667,3.3188082111111115
2020-05-24,8790.368164,3.836322,9014.0135417,7734.031738300001,3.796853666666667,3.3179487555555554
2020-05-25,8906.93457,3.869933,9058.580159533332,7729.200954877778,3.799081833333333,3.3219135222222222
2020-05-26,8835.052734,3.836277,9097.0863444,7729.362402355556,3.8030651333333334,3.3245307666666664
2020-05-27,9181.017578,3.857703,9143.266894533333,7733.768218322221,3.8102586,3.323520855555556
2020-05-28,9525.750977,4.025351,9200.556640633333,7743.249283866666,3.821926133333333,3.3220035333333335
2020-05-29,9439.124023,3.986594,9221.826171866667,7752.5783420222215,3.8246103000000002,3.3206485666666663
2020-05-30,9700.414062,4.168449,9256.554850233333,7765.222341577777,3.8395427,3.3238587444444443
2020-05-31,9461.058594,4.129938,9276.431249966667,7771.793326822222,3.8511011666666666,3.322913533333333
2020-06-01,10167.268555,4.380642,9315.720312466667,7787.120909288889,3.8697164666666666,3.320658088888889
2020-06-02,9529.803711,4.386834,9336.7981445,7795.727105033333,3.8918719666666663,3.3177910111111113
2020-06-03,9656.717773,4.490729,9361.600260366667,7802.148828122222,3.9159662666666666,3.3152296222222226
2020-06-04,9800.636719,4.43302,9388.18580726667,7809.683170577778,3.9408104999999995,3.3125020888888894
2020-06-05,9665.533203,4.377437,9401.4115234,7818.078493922222,3.9655098,3.312867022222222
2020-06-06,9653.679688,4.342623,9391.483561166668,7835.251421444445,3.985129966666667,3.3156776
2020-06-07,9758.852539,4.349933,9388.6897786,7855.642621533333,4.0027241,3.3188555777777777
2020-06-08,9771.489258,4.45783,9394.609537733333,7876.328841155555,4.016641066666667,3.3229988888888893
2020-06-09,9795.700195,4.450149,9429.251855433335,7897.2651747,4.039601866666667,3.330028133333333
2020-06-10,9870.094727,4.420301,9471.528483066668,7951.701915155556,4.067443066666667,3.3562005999999998
2020-06-11,9321.78125,3.971212,9488.771940100001,7993.458295366666,4.076737666666666,3.3734236777777777
2020-06-12,9480.84375,4.090942,9495.800488266666,8041.01915691111,4.087754933333333,3.3950617222222217
2020-06-13,9475.277344,4.114653,9487.185677066667,8086.385405833334,4.0982638,3.4173444111111118
2020-06-14,9386.788086,3.955013,9489.138704400002,8134.9666070111125,4.107609133333333,3.4415125888888887
2020-06-15,9450.702148,3.933903,9491.594986933333,8181.911859822221,4.113402733333333,3.4647470111111116
2020-06-16,9538.024414,4.048714,9487.1711588,8229.6850369,4.122215566666666,3.488758277777778
2020-06-17,9480.254883,4.163669,9478.960481733335,8266.230170366665,4.131493,3.5100583111111114
2020-06-18,9411.84082,4.16898,9468.387239533333,8301.930864811111,4.1397098,3.5314036444444445
2020-06-19,9288.018555,4.079962,9460.555143200001,8336.40811091111,4.1400068999999995,3.551496388888889
2020-06-20,9332.34082,4.17077,9468.9077799,8375.320176877778,4.1507742,3.5757397777777777
2020-06-21,9303.629883,4.18915,9472.942871066665,8407.401454011111,4.154736466666667,3.5974215222222226
2020-06-22,9648.717773,4.467934,9487.590559866665,8439.778276922221,4.171832233333333,3.6214219333333335
2020-06-23,9629.658203,4.806252,9515.5668945,8472.540445977778,4.204163233333333,3.649717233333333
2020-06-24,9313.610352,4.719017,9529.122753900001,8501.397889555556,4.232466033333334,3.6766492222222222
2020-06-25,9264.813477,4.814206,9543.448112,8532.4536133,4.265063666666666,3.7059740555555556
2020-06-26,9162.917969,4.680805,9542.8447917,8564.906103533332,4.2925004,3.734241766666667
2020-06-27,9045.390625,4.426552,9526.832779966668,8599.609966377777,4.305873766666666,3.7609238111111107
2020-06-28,9143.582031,4.563483,9516.981380233334,8629.762635644445,4.3251034,3.7877034
2020-06-29,9190.854492,4.61793,9499.996061233334,8660.342746322222,4.3400861,3.813787688888889
2020-06-30,9137.993164,4.569189,9489.227213566666,8688.4673774,4.354727800000001,3.8392424555555555
2020-07-01,9228.325195,4.698256,9457.929101566666,8715.519607211112,4.365314933333334,3.865870755555556
2020-07-02,9123.410156,4.846618,9444.382649733332,8742.075417755554,4.380641066666667,3.894110211111111
2020-07-03,9087.303711,4.744167,9425.402181,8766.739599611112,4.389089,3.920976366666667
2020-07-04,9132.488281,4.804558,9403.130566400001,8792.754698344444,4.4014736,3.9490567333333333
2020-07-05,9073.942383,4.74217,9383.4108724,8812.778710933333,4.4136313666666664,3.973820688888889
2020-07-06,9375.474609,5.365053,9374.137369766666,8837.212711577777,4.447712366666667,4.003232555555556
2020-07-07,9252.277344,5.712817,9357.251529933334,8858.525808366667,4.4931418333333335,4.031830066666667
2020-07-08,9428.333008,6.475725,9345.812988266667,8882.150737844444,4.560405,4.066874855555556
2020-07-09,9277.967773,6.104311,9328.555240866666,8908.956011277778,4.615543733333333,4.098954977777778
2020-07-10,9278.807617,6.138475,9308.845670533334,8935.841840266667,4.6728162,4.130690111111111
2020-07-11,9240.34668,6.119687,9306.131184866668,8961.055783411111,4.744432033333333,4.160213166666667
2020-07-12,9276.5,7.309183,9299.319726533335,8988.072032322223,4.851706733333334,4.203984033333334
2020-07-13,9243.614258,7.182291,9291.597623666667,9014.75188258889,4.953961333333334,4.2478218000000005
2020-07-14,9243.213867,8.103465,9286.811816366668,9043.65303818889,5.092243066666667,4.303093466666667
2020-07-15,9192.836914,8.643123,9278.216308566667,9066.720068355555,5.2492170666666675,4.360587633333333
2020-07-16,9132.227539,8.337706,9264.689746066666,9089.34276801111,5.392183466666666,4.414594966666667
2020-07-17,9151.392578,8.280393,9253.727669233334,9110.384185111112,5.5294076,4.4645608999999995
2020-07-18,9159.040039,7.95928,9245.300976533334,9132.268798822222,5.655750933333334,4.512579922222222
2020-07-19,9185.817383,8.06519,9241.8942708,9157.8672309,5.788591866666666,4.563767288888889
2020-07-20,9164.231445,7.272983,9236.290624966667,9183.243988711112,5.891998966666666,4.605952888888889
2020-07-21,9374.887695,7.281577,9238.665885366669,9208.32932398889,5.995079866666667,4.645983577777778
2020-07-22,9525.363281,7.466975,9234.554068966669,9231.614198122223,6.095047899999999,4.687560966666666
2020-07-23,9581.072266,7.874477,9232.934537733332,9254.171657977777,6.197322066666667,4.7327796555555555
2020-07-24,9536.892578,7.432153,9240.3772786,9276.026730677779,6.287759933333334,4.7731026
2020-07-25,9677.113281,7.657824,9254.120605400001,9298.218353933333,6.3825472,4.816891999999999
2020-07-26,9905.166992,7.499005,9278.8622395,9321.657975244445,6.476487199999999,4.859748733333333
2020-07-27,10990.873047,7.095583,9343.711653566666,9357.033691388888,6.5654549,4.8977516
2020-07-28,10912.823242,7.22346,9402.6863606,9380.4979709,6.6541208,4.934611500000001
2020-07-29,11100.467773,7.116083,9466.340136633333,9407.630349366666,6.737392566666667,4.972340455555556
2020-07-30,11111.213867,7.416992,9532.114160066667,9432.590874533333,6.832319333333333,5.0127161000000005
2020-07-31,11323.466797,7.772912,9601.952213466668,9458.533875833335,6.934807866666666,5.05661308888889
2020-08-01,11759.592773,8.304459,9689.824967366669,9490.335253866668,7.050069233333334,5.107527422222222
2020-08-02,11053.614258,8.271776,9755.368652266667,9514.123697877778,7.1676562,5.157570488888889
2020-08-03,11246.348633,9.164759,9825.830664000001,9539.049012555555,7.312996233333333,5.218426777777777
2020-08-04,11205.892578,9.821836,9896.895670500002,9560.572688766668,7.482318433333333,5.2871532
2020-08-05,11747.022461,9.558774,9975.947265566667,9580.522732166666,7.622109133333333,5.351650488888889
2020-08-06,11779.773438,10.140255,10060.197135366667,9602.046147966666,7.7696904,5.421852111111111
2020-08-07,11601.472656,10.063365,10132.635123633334,9624.352549877776,7.889278399999999,5.488774822222222
2020-08-08,11754.045898,12.689207,10215.171061133333,9657.65938581111,8.108774933333333,5.587973511111111
2020-08-09,11675.739258,13.853205,10295.068782499999,9691.814312033333,8.3659326,5.7020639555555555
2020-08-10,11878.111328,13.441035,10382.994270766667,9725.965798577778,8.609977533333334,5.810382411111112
2020-08-11,11410.525391,13.10599,10454.128450466666,9749.749555088889,8.803204433333333,5.914222033333333
2020-08-12,11584.93457,16.621544,10532.172460866665,9770.3185872,9.1178462,6.056690444444445
2020-08-13,11784.137695,17.326002,10616.8699218,9797.60681418889,9.4252641,6.208372100000001
2020-08-14,11768.871094,16.926432,10702.7377278,9824.183007766665,9.701374399999999,6.354664733333334
2020-08-15,11865.698242,19.098751,10793.853417900002,9848.571440922224,10.0600759,6.524824977777778
2020-08-16,11892.803711,18.804186,10885.233788999998,9872.640646655555,10.410869,6.690589866666666
2020-08-17,12254.402344,16.705545,10988.412532499999,9900.700249522222,10.702411166666666,6.832623966666667
2020-08-18,11991.233398,16.241375,11081.926399666667,9928.125271222223,10.974950666666667,6.96784981111111
2020-08-19,11758.283203,16.239985,11168.394791600002,9957.864398822221,11.273850733333335,7.1055413
2020-08-20,11878.37207,16.091297,11251.844270766665,9987.817675733333,11.567508066666667,7.2391081333333345
2020-08-21,11592.489258,13.800856,11320.748469999999,10014.29769961111,11.778637433333332,7.3485058555555565
2020-08-22,11681.825195,15.960192,11390.773567633332,10046.424999955556,12.048161266666666,7.483215522222223
2020-08-23,11664.847656,15.174676,11461.705403566664,10077.068478688889,12.306245366666667,7.608823777777777
2020-08-24,11774.595703,15.18336,11531.6214843,10109.730067233333,12.557096566666667,7.734902477777777
2020-08-25,11366.134766,14.216811,11580.3204101,10134.009147100001,12.781023433333333,7.850003677777777
2020-08-26,11488.363281,15.251755,11596.9034179,10155.815950477778,13.052895833333334,7.9747414999999995
2020-08-27,11323.397461,14.497711,11610.5892252,10176.75232201111,13.295370866666667,8.091531688888889
2020-08-28,11542.5,15.156061,11625.323632766667,10197.219943544445,13.563370133333335,8.213616266666666
2020-08-29,11506.865234,16.567078,11638.512011666668,10219.951128433333,13.868373,8.351806711111111
2020-08-30,11711.505859,16.472963,11651.446647066665,10237.109320700001,14.1583747,8.486165833333333
2020-08-31,11680.820312,15.708488,11648.820898366665,10261.009505155556,14.405175666666667,8.611961988888888
2020-09-01,11970.478516,16.121492,11679.3830403,10286.717957855555,14.666832866666669,8.741192688888889
2020-09-02,11414.03418,14.897397,11684.972558533334,10304.644596311111,14.857920799999999,8.857463544444444
2020-09-03,10245.296875,12.016678,11652.952701766668,10311.086414888889,14.931082199999999,8.942344
2020-09-04,10511.813477,12.492866,11611.779068966667,10320.621234766666,15.028885266666666,9.032902255555557
2020-09-05,10169.567383,10.611472,11558.1055338,10325.184733033333,15.044592499999998,9.102474911111111
2020-09-06,10280.351562,12.913729,11514.068164,10330.838758633334,15.139604633333333,9.196429344444445
2020-09-07,10369.563477,12.426577,11467.918749966666,10337.215017322222,15.130850299999999,9.285056322222223
2020-09-08,10131.516602,11.785032,11416.444661433334,10340.119704822222,15.061911199999999,9.366886666666668
2020-09-09,10242.347656,12.377293,11361.919205699998,10350.348220444444,15.026453133333332,9.460287566666667
2020-09-10,10363.138672,12.551313,11327.006315066667,10360.151497355557,15.007963899999998,9.554291688888888
2020-09-11,10400.915039,12.501497,11287.538997366668,10370.436360633334,14.870629000000001,9.647478844444445
2020-09-12,10442.170898,12.769031,11242.8067708,10382.162836322223,14.718729966666666,9.745412377777777
2020-09-13,10323.755859,11.993546,11194.636262966666,10391.863433111112,14.554300433333333,9.834963966666667
2020-09-14,10680.837891,12.119579,11155.140917933333,10404.561360633334,14.321661366666667,9.924640244444443
2020-09-15,10796.951172,10.978154,11118.612499966666,10419.191319399999,14.060793633333333,10.000356744444444
2020-09-16,10974.905273,10.761816,11075.9625976,10436.55870221111,13.862669333333333,10.073610477777779
2020-09-17,10948.990234,10.98888,11041.221158800001,10455.013943088888,13.687586166666668,10.150376233333333
2020-09-18,10944.585938,10.081642,11014.097916633333,10472.927777733334,13.482308066666665,10.21605258888889
2020-09-19,11094.34668,10.147277,10987.963736966665,10492.824631033332,13.284174066666667,10.282254
2020-09-20,10938.271484,9.768122,10966.156477833334,10507.153005600001,13.149749600000002,10.341144977777777
2020-09-21,10462.259766,8.759941,10925.504296866666,10516.404134077777,12.909741233333333,10.385074855555557
2020-09-22,10538.459961,8.764185,10887.958040366668,10530.013574177778,12.6960582,10.430021166666666
2020-09-23,10246.186523,7.702259,10837.0110677,10540.917719133333,12.446688166666666,10.462110644444445
2020-09-24,10760.066406,9.817477,10816.808789033334,10558.663812877778,12.3000437,10.519184777777777
2020-09-25,10692.716797,10.711364,10790.287239566667,10576.967437011112,12.148697333333333,10.589016022222221
2020-09-26,10750.723633,10.341659,10771.198111966667,10594.824565922221,12.010162266666667,10.653217977777778
2020-09-27,10775.269531,10.76908,10745.623763000001,10612.429177466667,11.863929566666664,10.721564088888888
2020-09-28,10709.652344,10.333558,10719.05,10629.892057244444,11.656145566666668,10.785612633333333
2020-09-29,10844.640625,10.115016,10690.154492200001,10647.851117577778,11.444213999999999,10.845798855555556
2020-09-30,10784.491211,9.85121,10660.2768555,10666.307573744445,11.2489714,10.901405433333334
2020-10-01,10619.452148,9.649905,10615.242643233332,10683.331445266667,11.033251833333335,10.955913633333333
2020-10-02,10575.974609,9.224705,10587.3073242,10699.370182244445,10.8441621,11.005026377777778
2020-10-03,10549.329102,9.304493,10597.441731766665,10715.763368011112,10.753755933333334,11.055718855555556
2020-10-04,10669.583008,9.40491,10602.700716133333,10730.142350222222,10.650824066666667,11.100606155555557
2020-10-05,10793.339844,9.623703,10623.4931315,10747.26526688889,10.617898433333334,11.144060444444444
2020-10-06,10604.40625,8.779272,10634.294954433333,10760.332747355556,10.480083200000001,11.16965541111111
2020-10-07,10668.96875,8.95785,10644.2751302,10775.788313766667,10.364458966666668,11.2013614
2020-10-08,10915.685547,9.508818,10670.414095033335,10793.975846322222,10.288585166666667,11.238809655555556
2020-10-09,11064.458008,10.346902,10697.817773433335,10814.243749966667,10.220905466666666,11.285778711111112
2020-10-10,11296.361328,10.524793,10728.925195299998,10836.68665361111,10.1533548,11.32150771111111
2020-10-11,11384.181641,10.847407,10761.700748700001,10860.470735644445,10.098218466666667,11.362231222222222
2020-10-12,11555.363281,11.452909,10798.807161466666,10886.16128468889,10.054347733333334,11.399447266666666
2020-10-13,11425.899414,10.995448,10835.545279966667,10910.973090244444,10.0210778,11.42558421111111
2020-10-14,11429.506836,10.949109,10860.500911466666,10936.498415766666,9.982062133333333,11.4545998
2020-10-15,11495.349609,10.737752,10883.780859366667,10962.542382777778,9.974048733333335,11.48190378888889
2020-10-16,11322.123047,10.61955,10895.354785166668,10986.576638422222,9.969306533333334,11.511462344444443
2020-10-17,11358.101562,10.652524,10908.991829433333,11010.7131293,9.958094666666666,11.540210499999999
2020-10-18,11483.359375,10.880713,10926.950944,11036.481217411112,9.984730366666668,11.58029638888889
2020-10-19,11742.037109,10.886283,10948.540624966668,11062.782877566668,10.0093639,11.620348677777777
2020-10-20,11916.334961,9.878593,10981.142740866666,11089.349229566666,10.013046266666667,11.647144433333334
2020-10-21,12823.689453,10.804607,11059.857063766667,11125.378309422224,10.0812018,11.679701433333333
2020-10-22,12965.891602,11.939335,11140.771451800001,11163.478298577778,10.187040133333335,11.729781233333334
2020-10-23,12931.539062,12.163795,11230.2832031,11199.638585033334,10.335758,11.779847577777776
2020-10-24,13108.0625,12.731548,11308.549739566666,11235.2263129,10.4328937,11.837986944444443
2020-10-25,13031.173828,12.160059,11386.49830726667,11257.896321577779,10.481183533333333,11.8942589
2020-10-26,13075.248047,11.747902,11463.982454399998,11281.923263855555,10.5280583,11.944530477777779
2020-10-27,13654.21875,11.973837,11559.947428366666,11310.298274711113,10.568216866666667,11.998505522222223
2020-10-28,13271.285156,11.461742,11645.335188766667,11334.29906681111,10.605823,12.043447188888889
2020-10-29,13437.882812,11.265141,11731.776595,11357.792578088887,10.6441605,12.082249733333333
2020-10-30,13546.522461,11.098557,11823.844303333335,11377.6473524,10.685738733333332,12.113295266666665
2020-10-31,13780.995117,11.220839,11929.229068966668,11407.951584166667,10.738103200000001,12.146062633333335
2020-11-01,13737.109375,11.53663,12034.600227833334,11435.626703522223,10.815167366666667,12.172416755555558
2020-11-02,13550.489258,10.797579,12134.6388997,11461.677777744444,10.8649369,12.183258344444445
2020-11-03,13950.300781,10.387002,12243.9961588,11486.158647966668,10.897673300000001,12.192460877777778
2020-11-04,14133.707031,10.472587,12355.3417317,11512.313465666666,10.925969433333334,12.196153455555555
2020-11-05,15579.848633,10.990669,12521.189811133334,11556.51764318889,10.999682666666667,12.206456833333332
2020-11-06,15565.880859,12.118072,12684.420214766667,11598.871364977778,11.105023399999999,12.20011088888889
2020-11-07,14833.753906,11.757224,12815.0224934,11633.960416622222,11.179970266666666,12.17682221111111
2020-11-08,15479.567383,12.656035,12962.1928059,11673.97659501111,11.256941366666668,12.168099988888889
2020-11-09,15332.31543,12.520735,13096.724609300001,11717.55203988889,11.323472766666667,12.161597155555556
2020-11-10,15290.902344,13.003463,13226.948632733334,11758.729459600001,11.3953413,12.121396255555556
2020-11-11,15701.339844,12.807538,13365.1478515,11802.253927922224,11.4404956,12.0711911
2020-11-12,16276.34375,12.423223,13526.829329366668,11852.336957433334,11.4880881,12.021155444444444
2020-11-13,16317.808594,12.887978,13689.7727213,11901.804850233333,11.552717066666666,11.952146855555556
2020-11-14,16068.138672,12.57696,13842.1990234,11948.19746091111,11.614024,11.882955455555553
2020-11-15,15955.587891,12.121813,13996.647851533335,11989.321744766668,11.664099433333332,11.832025100000003
2020-11-16,16716.111328,12.59079,14175.248177066667,12041.820388433334,11.728708300000001,11.791463044444445
2020-11-17,17645.40625,13.244712,14380.649739566667,12107.232866733333,11.807508266666668,11.758182233333333
2020-11-18,17804.005859,13.592996,14582.715364566666,12173.073242166667,11.897732033333334,11.730423333333334
2020-11-19,17817.089844,13.621882,14779.407194000001,12242.2354709,12.022508333333333,11.728434733333334
2020-11-20,18621.314453,14.078273,14972.661360666667,12319.3409071,12.131630533333333,11.707524522222224
2020-11-21,18642.232422,15.355934,15161.872721333331,12396.867404499999,12.245517166666666,11.7095385
2020-11-22,18370.001953,14.444801,15343.1548177,12470.149696166665,12.3215507,11.70133228888889
2020-11-23,18364.121094,15.270844,15518.356770833334,12547.905099811112,12.406193900000002,11.713043766666667
2020-11-24,19107.464844,15.620665,15720.899804699999,12632.561783844445,12.521547433333334,11.717142766666665
2020-11-25,18732.121094,14.260965,15909.4622396,12714.880935322222,12.6053162,11.714512255555556
2020-11-26,17150.623047,12.575363,16026.009049499999,12777.193413622223,12.625367066666666,11.685837833333332
2020-11-27,17108.402344,12.490259,16153.912955766666,12839.432714844443,12.659650966666668,11.640539844444445
2020-11-28,17717.414062,13.078346,16296.563997433333,12906.16502821111,12.720091133333334,11.602821877777776
2020-11-29,18177.484375,13.372918,16450.929394566665,12978.350184466666,12.795903166666667,11.576871099999998
2020-11-30,19625.835938,14.225639,16645.757421933333,13063.409711377779,12.896063166666666,11.555806066666666
2020-12-01,18802.998047,13.389535,16814.620377666666,13145.5093099,12.957826666666667,11.539052044444444
2020-12-02,19201.091797,13.987366,17002.973795633334,13245.018142366667,13.0641529,11.56094857777778
2020-12-03,19445.398438,13.974721,17186.143717533334,13344.28019748889,13.183743533333335,11.577413633333334
2020-12-04,18699.765625,12.741245,17338.345670666666,13439.060177955555,13.259365466666667,11.601077777777778
2020-12-05,19154.230469,13.173038,17457.491731866667,13537.658832477779,13.332111099999999,11.60395898888889
2020-12-06,19345.121094,13.492397,17583.466406366668,13637.387250444446,13.377921933333335,11.615801433333333
2020-12-07,19191.630859,13.080949,17728.728971466666,13738.055186633334,13.4220461,11.630200511111113
2020-12-08,18321.144531,12.145714,17823.448209733335,13827.819596355555,13.4050354,11.627627411111114
2020-12-09,18553.916016,12.63339,17930.834895933334,13918.828233511113,13.408790566666665,11.628539377777777
2020-12-10,18264.992188,11.922199,18029.971224066667,14006.2068685,13.372748433333333,11.622102733333332
2020-12-11,18058.904297,11.660106,18108.556705833336,14090.8372396,13.334500700000001,11.609781344444443
2020-12-12,18803.65625,12.209157,18192.800455833334,14185.058355055555,13.327365166666665,11.612177022222221
2020-12-13,19142.382812,12.933703,18286.952929766667,14279.075520844444,13.328889333333334,11.621222844444446
2020-12-14,19246.644531,12.827553,18392.903125066663,14372.96100261111,13.337242433333332,11.64177172222222
2020-12-15,19417.076172,12.705471,18508.286067766665,14466.762901488888,13.356697700000002,11.663367888888889
2020-12-16,21310.597656,13.451087,18661.435612033336,14581.891872844444,13.385374266666666,11.690725744444446
2020-12-17,22805.162109,13.467133,18833.427474,14713.676052522222,13.3927883,11.72834231111111
2020-12-18,23137.960938,13.511193,19011.22597663333,14847.49398872222,13.390061533333332,11.765719155555555
2020-12-19,23869.832031,13.492187,19212.984049533334,14991.1779948,13.385738366666665,11.807097655555557
2020-12-20,23477.294922,13.070074,19374.850065166665,15135.789496533333,13.352131733333334,11.854988022222223
2020-12-21,22803.082031,12.341995,19513.545052133333,15272.063075088889,13.2516671,11.894741466666668
2020-12-22,23783.029297,12.793933,19693.979296933332,15422.472439244444,13.196638166666666,11.951315622222223
2020-12-23,23241.345703,10.831312,19856.553450566666,15561.153320322222,13.048653766666666,11.962580455555555
2020-12-24,23735.949219,11.575454,20010.83626306667,15706.07812501111,12.9138134,11.972181455555557
2020-12-25,24664.791016,11.546685,20208.591927133333,15860.678873711111,12.823337400000002,11.985570633333335
2020-12-26,26437.037109,10.964874,20518.139062533333,16034.698513466665,12.769654433333335,11.987746122222223
2020-12-27,26272.294922,12.129708,20823.602148466667,16207.616764333332,12.757636066666667,12.007703344444444
2020-12-28,27084.808594,12.628381,21135.84863286667,16388.0630751,12.742637233333335,12.035629622222222
2020-12-29,27362.4375,11.771125,21442.013737033336,16572.262478311113,12.689244133333334,12.05696201111111
2020-12-30,28840.953125,11.253575,21749.184309933335,16774.72360027778,12.590175333333333,12.074780566666666
2020-12-31,29001.720703,11.270538,22089.1417318,16979.454112433334,12.519542099999999,12.097512044444443
2021-01-01,29374.152344,11.872555,22428.243750033333,17188.618815122223,12.4490484,12.126046066666667
2021-01-02,32127.267578,12.220137,22850.972721366667,17427.037532566665,12.390562266666667,12.157326366666668
2021-01-03,32782.023438,13.650172,23320.381315133334,17671.356239166667,12.420859833333333,12.20206491111111
2021-01-04,31971.914062,13.571063,23747.6374349,17908.772992633334,12.434127333333333,12.255307033333333
2021-01-05,33992.429688,14.539868,24235.8810547,18167.92255861111,12.469043033333332,12.317329455555553
2021-01-06,36824.363281,17.155256,24823.6388021,18455.796755655556,12.604853266666668,12.402289877777777
2021-01-07,39371.042969,16.031967,25525.302083366667,18770.314366333332,12.734395033333334,12.465457266666668
2021-01-08,40797.609375,15.288085,26266.75852866667,19098.1060113,12.822884866666667,12.518382733333333
2021-01-09,40254.546875,17.607513,26999.7436849,19418.887847233334,13.012395333333334,12.593495022222225
2021-01-10,38356.441406,16.247431,27676.3282552,19716.677604177774,13.165306166666666,12.64676748888889
2021-01-11,35566.65625,14.556933,28235.094921866665,19984.90823568889,13.243565366666667,12.686339544444445
2021-01-12,33922.960938,13.915849,28727.780859399998,20234.83550348889,13.276303566666666,12.71930332222222
2021-01-13,37316.359375,15.930091,29330.104687533334,20521.735612,13.3797215,12.776995977777778
2021-01-14,39187.328125,17.82625,29989.113085966666,20831.349001755556,13.550414133333334,12.857070422222222
2021-01-15,36825.367188,20.709726,30506.272070366664,21114.31861982222,13.792368766666668,12.968817111111111
2021-01-16,36178.140625,20.218397,30952.0380209,21388.705078155555,14.0174109,13.072569155555556
2021-01-17,35791.277344,23.166773,31373.815234433336,21655.918858544443,14.339263566666666,13.209019044444444
2021-01-18,36630.074219,22.036263,31799.1566407,21930.51596141111,14.6240661,13.344104266666667
2021-01-19,36069.804688,20.754093,32218.90696623333,22188.80613068889,14.880200066666667,13.454654111111111
2021-01-20,35547.75,21.846777,32643.729231866666,22439.715668444445,15.197026133333333,13.564736799999999
2021-01-21,30825.699219,18.424273,32878.48489593333,22638.53967018889,15.384704133333335,13.634297666666667
2021-01-22,33005.761719,21.629498,33203.9654298,22859.625217066667,15.744643666666667,13.73316377777778
2021-01-23,32067.642578,24.761532,33481.68854176666,23071.14153651111,16.1841796,13.873180144444445
2021-01-24,32289.378906,24.701859,33735.841471433334,23284.631879388886,16.6226854,14.017113
2021-01-25,32366.392578,23.540121,33933.48665373333,23492.544921922225,17.0418603,14.145627266666667
2021-01-26,32569.849609,23.025864,34143.4051433,23706.97341584444,17.4050655,14.274117511111111
2021-01-27,30432.546875,21.070448,34254.996419333336,23895.803016544443,17.686467733333334,14.383065366666667
2021-01-28,33466.097656,23.110903,34458.451757866664,24117.131629822223,18.064460333333333,14.516535877777779
2021-01-29,34316.386719,22.773443,34640.966211,24345.30264762222,18.448455933333335,14.644898144444445
2021-01-30,34269.523438,23.594028,34816.5596355,24573.440581655555,18.859238933333334,14.778869233333333
2021-01-31,33114.359375,22.598434,34941.2332032,24790.816916288884,19.216768233333333,14.909989844444443
2021-02-01,33537.175781,22.839642,34988.2301433,25008.44886073333,19.570751733333335,15.04835251111111
2021-02-02,35510.289062,23.713614,35079.17233076667,25245.966438855557,19.906199800000003,15.195475033333333
2021-02-03,37472.089844,25.073034,35262.5115235,25489.21356342222,20.289598833333336,15.351945755555555
2021-02-04,36926.066406,24.498962,35360.2994141,25726.548958388892,20.621568633333332,15.4895112
2021-02-05,38144.308594,26.363325,35404.2975912,25985.555121588888,20.928504266666664,15.651801211111112
2021-02-06,39266.011719,25.04933,35400.796549533334,26249.848947544444,21.229083033333335,15.789504488888888
2021-02-07,38903.441406,24.790121,35337.65761723333,26511.750347277775,21.545817566666667,15.925830999999999
2021-02-08,46196.464844,25.456102,35535.72154953333,26855.145486166664,21.8074372,16.064193655555556
2021-02-09,46481.105469,27.594215,35806.543684966666,27197.142881999996,22.18566333333333,16.228490066666666
2021-02-10,44918.183594,26.859596,36118.2612631,27515.385546933332,22.595752100000002,16.38889421111111
2021-02-11,47909.332031,27.874239,36584.47363286666,27866.40247401111,23.061031766666666,16.555408222222223
2021-02-12,47504.851562,30.640739,36924.090039099996,28215.699283899998,23.551386700000002,16.756116877777778
2021-02-13,47105.515625,34.101978,37188.02962243333,28561.809592055557,24.093910966666666,17.00034093333333
2021-02-14,48717.289062,33.290321,37584.427018233335,28917.378233544445,24.513264133333333,17.23033572222222
2021-02-15,47945.058594,32.575897,37976.657617200006,29254.041037366667,24.9251808,17.445126666666667
2021-02-16,49199.871094,31.97348,38423.6107422,29602.883984422217,25.2187377,17.649354266666666
2021-02-17,52149.007812,32.256798,38940.90852863333,29984.349739622226,25.559422200000004,17.85640888888889
2021-02-18,51679.796875,32.441494,39461.24160153334,30351.66621097778,25.94900223333333,18.060444677777777
2021-02-19,55888.132812,34.71521,40139.25436193334,30765.50954864444,26.377950000000002,18.275547744444445
2021-02-20,56099.519531,34.109818,40981.715039,31184.72641062222,26.9008015,18.49404793333333
2021-02-21,57539.945312,34.15274,41799.52115876667,31620.013346377775,27.318242899999998,18.703846777777777
2021-02-22,54207.320312,31.530806,42537.51041656666,32010.011740466667,27.543885366666668,18.88062612222222
2021-02-23,48824.425781,25.800343,43088.67864573333,32344.370681433335,27.580501500000004,19.008841433333334
2021-02-24,49705.332031,28.08672,43666.643294166664,32706.089670144447,27.7320548,19.181189844444443
2021-02-25,47093.851562,24.668047,44150.776692600004,33039.26132812222,27.78679423333333,19.3164986
2021-02-26,46339.761719,25.187313,44681.01718740001,33357.2874132,27.924023066666667,19.451042677777778
2021-02-27,46188.453125,26.235098,45105.09570303334,33668.52039931111,28.028162899999998,19.593955788888888
2021-02-28,45137.769531,24.663532,45465.808463433335,33951.98632812222,28.091165866666664,19.70993237777778
2021-03-01,49631.242188,27.607061,45977.8657551,34294.52237413334,28.224933633333332,19.867904888888887
2021-03-02,48378.988281,28.511183,46486.68671863333,34618.72122395555,28.422025266666665,20.029280633333332
2021-03-03,50538.242188,29.990028,47053.3889322,34964.19726562222,28.660371466666668,20.207228488888887
2021-03-04,48561.167969,27.718739,47488.418229099996,35295.990625,28.793875633333332,20.37364508888889
2021-03-05,48927.304688,27.875414,47870.2587239,35626.802560766664,28.8872883,20.537004822222222
2021-03-06,48912.382812,28.165104,48269.8026041,35955.32769096667,29.00949303333333,20.700034900000002
2021-03-07,51206.691406,28.548212,48705.2153645,36311.050585933335,29.0823226,20.871893377777777
2021-03-08,52246.523438,31.69816,49137.89908846667,36687.99924045555,29.303950266666668,21.089142777777777
2021-03-09,54824.117188,31.499252,49668.588281200005,37091.0014757,29.527587966666665,21.298763466666667
2021-03-10,56008.550781,29.946716,49995.65781243333,37510.374348955556,29.6772751,21.49903587777778
2021-03-11,57805.121094,30.075174,50373.12499993333,37951.99898003333,29.759973733333332,21.703647744444446
2021-03-12,57332.089844,28.461523,50786.92187493333,38380.09268663333,29.813371300000004,21.88422958888889
2021-03-13,61243.085938,29.779226,51231.3803385,38847.87827692222,29.876870866666668,22.071402066666664
2021-03-14,59302.316406,28.789425,51624.629166633335,39292.941297755555,29.8151604,22.2487562
2021-03-15,55907.199219,27.491762,51918.01861976667,39698.387109388896,29.59481986666667,22.413048322222224
2021-03-16,56804.902344,27.917419,52187.605729166666,40092.76827258889,29.415723133333334,22.573785344444442
2021-03-17,58870.894531,31.00976,52551.8002604,40493.49863283333,29.363518566666666,22.768703422222224
2021-03-18,57858.921875,29.504812,52840.435286433334,40879.28708768889,29.281229633333336,22.9464103
2021-03-19,58346.652344,29.909876,53047.0234375,41262.362868944445,29.202998899999997,23.128829066666672
2021-03-20,58313.644531,29.676926,53268.1516927,41649.433420155554,29.110846633333335,23.313349644444443
2021-03-21,57523.421875,29.272839,53322.66132813333,42035.214973977774,28.929434266666664,23.501470133333335
2021-03-22,54529.144531,27.398113,53270.315494799994,42376.83847657778,28.705710766666666,23.6637388
2021-03-23,54738.945312,26.915058,53176.94882813333,42726.811805566664,28.4644547,23.842447088888886
2021-03-24,52774.265625,25.053885,53129.180338566664,43049.45976563333,28.24855733333333,23.992207433333338
2021-03-25,51704.160156,25.696287,53225.1714844,43349.89720052222,28.2450888,24.149425233333332
2021-03-26,55137.3125,27.401567,53406.237500033334,43668.78914931111,28.22225036666667,24.332055155555558
2021-03-27,55973.511719,26.879543,53702.22617193333,43998.80266927778,28.2959669,24.495942211111114
2021-03-28,55950.746094,26.696995,54022.59231776666,44319.53530816667,28.346289633333335,24.65226014444444
2021-03-29,57750.199219,28.052568,54407.98385423333,44657.177105044444,28.406871966666667,24.833165066666666
2021-03-30,58917.691406,27.904049,54867.3145834,44991.363085944446,28.514889200000002,25.018170333333334
2021-03-31,58918.832031,29.351137,55176.9009115,45323.775434033334,28.573025066666666,25.219065877777776
2021-04-01,59095.808594,30.233219,55534.12825526667,45654.01605903333,28.630426266666667,25.423073255555558
2021-04-02,59384.3125,32.533249,55828.99726566667,45956.872113722224,28.7152003,25.648774500000002
2021-04-03,57603.890625,29.534889,56130.4213542,46232.67063802222,28.775738633333336,25.825271355555554
2021-04-04,58758.554688,30.957281,56458.129687533336,46530.29997831111,28.878467533333332,26.018451555555558
2021-04-05,59057.878906,32.396656,56796.31289066666,46808.804969622215,29.01951926666667,26.216860311111112
2021-04-06,58192.359375,34.797878,57029.16848963333,47046.22714844444,29.227841466666668,26.412889444444446
2021-04-07,56048.9375,31.175184,57155.915625033325,47231.53708767778,29.21040893333333,26.581147411111115
2021-04-08,58323.953125,32.7449,57272.576822933326,47426.27424045556,29.251930533333333,26.775112022222224
2021-04-09,58245.003906,31.632467,57347.125260433335,47626.168207466675,29.308122233333332,26.930944844444447
2021-04-10,59793.234375,31.899261,57413.395703133334,47864.35479601112,29.368925133333335,27.104854066666668
2021-04-11,60204.964844,33.919182,57509.15820313333,48138.113780388885,29.5508471,27.31999016666667
2021-04-12,59893.453125,33.105427,57464.1704427,48426.67480468889,29.661720466666665,27.533207700000002
2021-04-13,63503.457031,35.456635,57604.20846353334,48717.64255642222,29.8839608,27.7501693
2021-04-14,63109.695312,41.42371,57844.29166663333,48983.44663627778,30.348359066666667,28.0123633
2021-04-15,63314.011719,42.753162,58061.261979133335,49277.76490884444,30.842883833333335,28.257290366666666
2021-04-16,61572.789062,42.101555,58151.325130166675,49559.92766925555,31.212610333333334,28.500436566666668
2021-04-17,60683.820312,40.372066,58245.4884114,49836.51148001111,31.57485213333333,28.69160648888889
2021-04-18,56216.183594,39.06591,58174.4727864,50054.13491751112,31.880053266666668,28.880824788888887
2021-04-19,55724.265625,35.879383,58088.16015620001,50272.517816811116,32.08680183333333,29.048883566666664
2021-04-20,56473.03125,38.950634,58053.14713536667,50505.02094181112,32.409394999999996,29.23892642222222
2021-04-21,53906.089844,36.436359,58032.37864580001,50761.46972653333,32.71066986666667,29.43906071111111
2021-04-22,51762.273438,35.233406,57933.15625,50969.8754123,32.98794813333333,29.590215244444444
2021-04-23,51093.652344,35.058479,57877.1358073,51181.27552081112,33.3214346,29.70462576666667
2021-04-24,50050.867188,31.125198,57822.0260417,51378.6253906111,33.502398299999996,29.775996199999998
2021-04-25,49004.253906,31.540621,57617.59075523334,51563.49051647778,33.640366766666666,29.864890644444444
2021-04-26,54021.753906,35.135986,57552.53216146667,51801.84500866667,33.91558153333334,29.999447555555555
2021-04-27,55033.117188,36.808067,57521.944531266665,52075.18467881111,34.25261726666667,30.17430998888889
2021-04-28,54824.703125,36.220837,57424.427994800004,52312.502517355555,34.524892900000005,30.319975922222223
2021-04-29,53555.109375,36.445019,57245.67526043333,52526.26610242222,34.8095919,30.47188232222222
2021-04-30,57750.175781,38.128506,57206.7200521,52787.16223956666,35.10217086666667,30.63337652222222
2021-05-01,57828.050781,41.116261,57164.46145833333,53061.758810744446,35.464938933333336,30.839130155555555
2021-05-02,56631.078125,39.504856,57072.68697916667,53318.357725677786,35.69732583333334,31.0242992
2021-05-03,57200.292969,42.059807,57059.23372396666,53559.35776908889,36.114823099999995,31.228145788888888
2021-05-04,53333.539062,45.686138,56878.39986976667,53735.59609373333,36.605785,31.457180277777777
2021-05-05,57424.007812,49.429295,56823.937499966676,53963.350998244445,37.173539633333334,31.73418397777778
2021-05-06,56396.515625,47.127403,56764.07604163334,54166.153298588884,37.58452380000001,31.964895955555555
2021-05-07,57356.402344,49.311199,56807.6582031,54367.15763886667,38.18905763333334,32.23447227777778
2021-05-08,58803.777344,48.608906,56823.65234373334,54588.27248262222,38.71785783333333,32.499125444444445
2021-05-09,58232.316406,52.198696,56823.22942706666,54722.00416664445,39.4033988,32.79626537777778
2021-05-10,55859.796875,46.468697,56692.11484373333,54826.21184893333,39.889046666666665,33.00598184444444
2021-05-11,56704.574219,48.754765,56575.43515623334,54957.17174476667,40.38356610000001,33.2492615
2021-05-12,49150.535156,41.03371,56217.3378906,54970.9628906,40.6478422,33.39547784444444
2021-05-13,49716.191406,43.089832,55757.76236976667,54995.533333311105,40.902282099999994,33.5338011
2021-05-14,49880.535156,46.546902,55316.790364566674,55026.36688365555,41.07305516666667,33.67207803333333
2021-05-15,46760.1875,41.498314,54764.99622393333,55004.62131074444,41.03122689999999,33.76327795555556
2021-05-16,46456.058594,40.737148,54261.105208333334,54988.0768663,40.985746666666664,33.85395852222222
2021-05-17,43537.511719,37.194439,53689.56158856666,54925.161762133335,40.87982576666666,33.91196917777778
2021-05-18,42909.402344,42.545315,53246.002213566666,54822.49947915555,40.99580593333334,34.026286033333335
2021-05-19,37002.441406,26.70196,52621.94140626666,54659.41775172223,40.68989183333334,33.962513433333335
2021-05-20,40782.738281,30.781229,52098.93164063334,54491.58003471111,40.41757833333334,33.918802533333334
2021-05-21,37304.691406,25.577578,51545.5516927,54282.748611099996,40.055618966666664,33.82399986666667
2021-05-22,37536.632812,23.292158,51071.36367183333,54060.48958332222,39.657577366666665,33.70332673333333
2021-05-23,34770.582031,20.008373,50527.26132806667,53844.525824644435,39.15590716666667,33.5752997
2021-05-24,38705.980469,26.362959,50149.098437433335,53732.098654511115,38.99716586666667,33.58155098888889
2021-05-25,38402.222656,27.629839,49795.69739576667,53606.508550344435,38.86680646666667,33.57647453333333
2021-05-26,39294.199219,33.984875,49304.778906199994,53519.845746533334,38.8284361,33.679994844444444
2021-05-27,38436.96875,31.514713,48751.573958266665,53432.036935766664,38.65199096666666,33.75029928888888
2021-05-28,35697.605469,27.951693,48114.0040364,53315.471961811105,38.376352833333335,33.76937256666666
2021-05-29,34616.066406,25.39864,47482.7026041,53198.56414931111,38.0081402,33.777540433333336
2021-05-30,35678.128906,26.869602,46746.967708266675,53043.529557288886,37.6328434,33.769346444444444
2021-05-31,37332.855469,32.088585,46063.794531199994,52920.79474826667,37.331920866666664,33.809095355555556
2021-06-01,36684.925781,30.699013,45398.9227864,52766.86901041111,37.03839276666666,33.81697296666667
2021-06-02,37575.179688,30.656301,44744.752343700005,52644.80247395555,36.65827590000001,33.84961254444445
2021-06-03,39208.765625,32.190559,44273.926562466666,52536.818706588885,36.208423266666664,33.897558599999996
2021-06-04,36894.40625,28.875753,43589.60651039999,52403.28563367777,35.5233052,33.9054547
2021-06-05,35551.957031,27.126797,42894.7878906,52229.34414062223,34.85661833333334,33.8896612
2021-06-06,35862.378906,27.551577,42178.32044266667,52047.29809026666,34.1312976,33.84358805555556
2021-06-07,33560.707031,24.52721,41336.88476556667,51811.03797741111,33.3285744,33.76612092222222
2021-06-08,33472.632812,24.174898,40511.5619791,51560.63888886666,32.394447799999995,33.70198961111112
2021-06-09,37345.121094,25.569342,39894.406119733336,51333.30555553334,31.697802633333332,33.65192481111111
2021-06-10,36702.597656,23.100679,39227.673567633334,51104.08897566666,30.84266643333333,33.59235987777778
2021-06-11,37334.398438,21.478968,38833.8023437,50838.43689233334,30.1908417,33.500134788888886
2021-06-12,35552.515625,21.686546,38361.67981766666,50574.550216988886,29.477398833333332,33.42121391111111
2021-06-13,39097.859375,23.337601,38002.25729163333,50387.779774277784,28.703755466666667,33.375056566666665
2021-06-14,40218.476562,23.860899,37784.20026036666,50203.486154477774,28.115841633333332,33.32998412222222
2021-06-15,40406.269531,26.084227,37582.54062493333,49998.32365447778,27.627410933333334,33.27525597777778
2021-06-16,38347.0625,23.015078,37409.52565096667,49781.52521697778,27.154765566666665,33.20314782222222
2021-06-17,38053.503906,23.356791,37247.6623697,49556.045789888885,26.515148099999998,33.13033576666667
2021-06-18,35787.246094,21.211151,37207.15585930001,49305.75247392223,26.33212113333333,33.036271600000006
2021-06-19,35615.871094,20.423983,37034.92695306666,49062.33524302222,25.986879599999998,32.937950977777774
2021-06-20,35698.296875,21.735416,36981.380468699994,48853.1036024,25.858807533333334,32.875032122222215
2021-06-21,31676.693359,17.424097,36786.049153600005,48596.85635847778,25.6632055,32.769577
2021-06-22,32505.660156,16.806492,36710.55175776666,48371.64963104444,25.55647613333333,32.6779393
2021-06-23,33723.027344,18.387203,36544.45332026667,48171.859266466665,25.2906176,32.59672725555556
2021-06-24,34662.4375,19.037357,36419.79381506667,47944.36065535556,25.004201533333333,32.50379158888889
2021-06-25,31637.779297,16.930967,36164.57981766667,47673.96362844445,24.435737933333332,32.393251855555555
2021-06-26,32186.277344,16.955221,35956.223437466666,47409.91397566666,23.95042153333333,32.28500992222222
2021-06-27,34649.644531,18.344139,35921.291406200005,47153.2411458,23.630169733333332,32.17713848888889
2021-06-28,34434.335938,18.773989,35915.233723933336,46881.20386282222,23.409348033333334,32.075693377777775
2021-06-29,35867.777344,19.460011,35921.55533853333,46625.081032966664,23.162361666666666,31.96579197777778
2021-06-30,35040.835938,19.497236,35845.1546875,46357.80355901111,22.742650033333334,31.846503277777774
2021-07-01,33572.117188,18.273293,35741.39440106667,46071.00138887778,22.328459366666667,31.68805932222222
2021-07-02,33897.046875,18.283562,35618.78997396667,45807.59201387778,21.916034733333333,31.563044577777777
2021-07-03,34668.546875,18.538818,35467.44934896667,45539.9252604,21.4609767,31.425061655555556
2021-07-04,35287.78125,19.262838,35413.8951823,45275.813064222224,21.1405462,31.279130344444447
2021-07-05,33746.003906,18.37159,35353.69674479999,45004.18689234445,20.848705966666664,31.096616033333333
2021-07-06,34235.195312,20.080465,35299.457291666666,44761.81197914445,20.599668899999998,30.97334137777778
2021-07-07,33855.328125,19.764128,35309.2779948,44489.938368033334,20.4408995,30.82911057777778
2021-07-08,32877.371094,18.42205,35289.43593753334,44208.07578123333,20.2491379,30.682328166666665
2021-07-09,33798.011719,18.630384,35171.198958366665,43919.239973944445,20.017839300000002,30.5348962
2021-07-10,33520.519531,18.207788,35065.129687533336,43622.746137133334,19.854742933333334,30.360325155555554
2021-07-11,34240.1875,18.363968,34961.98932293333,43337.70985241111,19.7509096,30.196531166666666
2021-07-12,33155.847656,17.550354,34882.10039063333,43000.51419268889,19.613036533333332,29.99757248888889
2021-07-13,32702.025391,16.866161,34668.905924499995,42662.651193566664,19.39732186666667,29.724710833333333
2021-07-14,32822.347656,16.945683,34422.3682943,42323.8549262,19.166814666666667,29.437961066666666
2021-07-15,31780.730469,15.681652,34134.850325566666,41992.832052944446,18.820062166666666,29.14440658888889
2021-07-16,31421.539062,15.262865,33903.9995443,41667.69559461111,18.561655066666667,28.86541546666667
2021-07-17,31533.068359,15.360056,33686.65169273333,41393.43875866666,18.295097233333333,28.602017088888886
2021-07-18,31796.810547,15.502412,33553.6371745,41127.57814668889,18.10480593333333,28.3756063
2021-07-19,30817.832031,14.509062,33393.70253906666,40842.52037758889,17.9076419,28.104033277777777
2021-07-20,29807.347656,13.775897,33197.3375651,40574.7565755,17.642324600000002,27.852250366666663
2021-07-21,32110.693359,15.268477,33211.80423176667,40356.405685733334,17.5704706,27.63041782222222
2021-07-22,32313.105469,16.085718,33205.3857422,40147.73294267777,17.5464448,27.419609366666666
2021-07-23,33581.550781,16.511562,33200.66985676667,39964.74053815556,17.483923433333334,27.25723563333333
2021-07-24,34292.445312,16.705832,33188.336783833336,39801.27599822222,17.406205933333336,27.092404644444443
2021-07-25,35350.1875,16.759659,33312.083723933334,39593.81414926667,17.400495666666664,26.88822323333334
2021-07-26,37337.535156,18.089653,33483.792317666666,39397.19657113333,17.438310066666666,26.680240855555557
2021-07-27,39406.941406,19.499634,33642.368880166665,39225.888107588886,17.476826566666666,26.49444971111111
2021-07-28,39995.90625,19.030273,33827.75455723333,39075.230295088884,17.485369366666664,26.300952533333334
2021-07-29,40008.421875,19.34585,33965.7760416,38878.09969613333,17.481564,26.092256355555556
2021-07-30,42235.546875,22.315962,34205.5997395,38704.849652733334,17.575521533333333,25.883364144444446
2021-07-31,41626.195312,22.753702,34474.0690103,38538.128732588884,17.724868500000003,25.69724021111111
2021-08-01,39974.894531,22.126839,34676.663932166666,38346.73541661111,17.85297773333333,25.47576278888889
2021-08-02,39201.945312,23.480349,34827.777213400004,38189.71770827778,18.017695433333333,25.229031799999998
2021-08-03,38152.980469,23.875957,34923.28385403334,37975.59518224445,18.171466066666664,24.94510582222222
2021-08-04,39747.503906,24.188875,35123.333854033335,37790.606163144446,18.365375566666668,24.69023328888889
2021-08-05,40869.554688,24.050495,35344.47916656666,37607.418966966674,18.4977099,24.4095588
2021-08-06,42816.5,23.859335,35643.184895733335,37429.78255203333,18.634216799999997,24.134563566666667
2021-08-07,44555.800781,24.631653,36032.46588529999,37277.82126731111,18.841203566666664,23.82826308888889
2021-08-08,43798.117188,23.045609,36365.80273426666,37143.80260412222,18.988377733333333,23.568006555555556
2021-08-09,46365.402344,24.287247,36793.9654947,37028.92291662222,19.191026366666666,23.296145244444446
2021-08-10,45585.03125,24.566286,37172.12695303334,36989.30620655556,19.397770299999998,23.113173866666664
2021-08-11,45593.636719,25.946539,37586.719921799995,36943.50004336667,19.677643133333333,22.922692833333333
2021-08-12,44428.289062,24.917234,37977.5953775,36882.919531211104,19.94601223333333,22.68236318888889
2021-08-13,47793.320312,27.733137,38476.62779936667,36894.398784677775,20.305594033333332,22.52941677777778
2021-08-14,47096.945312,27.155422,38987.168294133335,36901.51974821111,20.688053033333336,22.378508711111113
2021-08-15,47047.003906,27.904013,39508.01712226667,36940.51410584444,21.109424633333333,22.275281755555554
2021-08-16,46004.484375,28.084339,39990.39765613333,36974.90390618889,21.5335674,22.114604244444443
2021-08-17,44695.359375,26.158136,40420.34928373333,37060.38077251111,21.888758199999998,22.108561755555556
2021-08-18,44801.1875,25.512896,40886.4611327,37105.03020827778,22.25555266666667,22.050024722222226
2021-08-19,46717.578125,27.06476,41450.13548166667,37209.617838488884,22.69851476666667,22.066548966666666
2021-08-20,49339.175781,28.701841,42024.418229066665,37340.75720481111,23.146293566666664,22.126656555555556
2021-08-21,48905.492188,27.861591,42577.49778636666,37497.81176211111,23.538822666666665,22.213914533333334
2021-08-22,49321.652344,28.022818,43102.16783846667,37615.76367183333,23.922531199999998,22.23235741111111
2021-08-23,49546.148438,28.554102,43610.62460933334,37739.585069411114,24.317473533333335,22.242627000000002
2021-08-24,47706.117188,25.752197,44022.48893226667,37833.05082462222,24.6172248,22.1511528
2021-08-25,48960.789062,26.520479,44409.93072913333,37949.98216142222,24.898252333333332,22.09566131111111
2021-08-26,46942.21875,24.426327,44661.1066406,38074.92230898889,25.062475433333336,22.056490577777776
2021-08-27,49058.667969,26.018299,44963.1986979,38235.39565968889,25.295409633333335,22.063375677777778
2021-08-28,48902.402344,25.72909,45259.66471353333,38382.33203122222,25.5081843,22.050703322222223
2021-08-29,48829.832031,25.813662,45479.47421873333,38510.076215244444,25.624774300000002,21.980981955555556
2021-08-30,47054.984375,24.980934,45660.433854166666,38625.29908851111,25.699015366666668,21.917447744444445
2021-08-31,47166.6875,26.750708,45900.160286466664,38731.87139753333,25.853144333333333,21.874052266666666
2021-09-01,48847.027344,29.735182,46221.66302086667,38838.96319441111,26.061638766666665,21.8467703
2021-09-02,49327.722656,29.985245,46594.154427099995,38977.111154477774,26.265281700000003,21.85909798888889
2021-09-03,50025.375,30.784266,46936.75013023333,39137.92690968889,26.485128066666668,21.899736533333336
2021-09-04,49944.625,29.897823,47239.25247396666,39294.39631073333,26.680039,21.925805933333333
2021-09-05,51753.410156,33.503429,47537.14947916667,39496.537456566664,27.001508800000003,22.0255417
2021-09-06,52633.535156,34.784859,47806.40729166667,39709.43637150001,27.339949,22.143430155555556
2021-09-07,46811.128906,28.11425,47906.8410156,39814.61423607778,27.5089037,22.171706911111112
2021-09-08,46091.390625,27.151009,47897.707291633335,39918.93415795556,27.604362433333332,22.21671057777778
2021-09-09,46391.421875,27.978628,47924.58697913333,40019.5677517,27.718107166666666,22.288929022222224
2021-09-10,44883.910156,26.387524,47900.92942703333,40123.24991315556,27.732806666666665,22.34116211111111
2021-09-11,45201.457031,27.041149,47926.70169266667,40191.06766488889,27.803603833333334,22.382312644444443
2021-09-12,46063.269531,29.379244,47869.0333333,40256.00980898889,27.858474066666666,22.443627588888887
2021-09-13,44963.074219,26.918482,47797.90429686667,40306.64097218889,27.85057606666667,22.45289708888889
2021-09-14,47092.492188,30.746164,47799.420572933326,40403.81241316667,27.945314433333337,22.538798044444444
2021-09-15,48176.347656,30.7796,47871.816015633325,40516.28845483333,28.035156466666667,22.6212737
2021-09-16,47783.359375,29.826551,47974.74934896666,40649.578602400004,28.15743696666667,22.717000366666667
2021-09-17,47267.519531,27.694597,48056.96041666667,40779.04136281111,28.230160333333334,22.79778496666667
2021-09-18,48278.363281,28.390577,48108.986588533335,40918.819878433336,28.27435423333333,22.871731200000003
2021-09-19,47260.21875,27.395748,48039.68802083333,41091.97016055555,28.2308178,22.98252732222222
2021-09-20,42843.800781,23.431099,47837.631640600004,41206.83838972222,28.083134733333335,23.056134066666665
2021-09-21,40693.675781,21.432621,47550.03242183333,41284.29003902222,27.863461500000003,23.089972044444448
2021-09-22,43574.507812,24.493073,47350.977734299995,41383.31304248889,27.728093866666665,23.15059111111111
2021-09-23,44895.097656,25.453983,47257.27708323333,41530.61657981112,27.718153400000002,23.245291288888893
2021-09-24,42839.75,23.280739,47053.24244783333,41648.98849821111,27.610162066666668,23.315574822222224
2021-09-25,42716.59375,24.523661,46912.38828116666,41738.621267311115,27.613406533333333,23.384236177777776
2021-09-26,43208.539062,24.602156,46717.38398426667,41836.112413133334,27.566201766666666,23.44899358888889
2021-09-27,42235.730469,23.066298,46495.16158843333,41906.867447855555,27.477442033333332,23.48906344444444
2021-09-28,41034.542969,22.1019,46235.3186197,41973.464192644446,27.35371663333333,23.518004155555555
2021-09-29,41564.363281,22.880529,46052.29791656667,42062.26692701111,27.283703133333333,23.569195666666666
2021-09-30,43790.894531,23.986349,45939.77148426667,42172.19856763333,27.191557833333334,23.63255996666667
2021-10-01,48116.941406,26.29744,45915.43528633333,42321.62517353333,27.076966433333332,23.718766877777778
2021-10-02,47711.488281,26.946743,45861.560807166665,42459.666362766664,26.975683033333333,23.804143599999996
2021-10-03,48199.953125,27.55904,45800.71341133334,42620.26579853333,26.868175500000003,23.90622637777778
2021-10-04,49112.902344,26.559357,45772.9893228,42785.573654444444,26.7568933,23.97821406666667
2021-10-05,51514.8125,27.242628,45765.0360676,42981.790147499996,26.54819993333333,24.06130851111111
2021-10-06,55361.449219,26.837267,45855.966536366665,43231.613237777776,26.283280199999997,24.154810922222225
2021-10-07,53805.984375,26.834036,46089.12838533334,43453.92404506666,26.2406064,24.245962611111114
2021-10-08,53967.847656,26.400961,46351.67695303333,43681.11657978889,26.2156048,24.336997866666668
2021-10-09,54968.222656,27.417076,46637.5703124,43911.42808152222,26.1968864,24.437587955555557
2021-10-10,54771.578125,25.648935,46967.1592447,44151.60286451111,26.172266766666667,24.527572188888886
2021-10-11,57484.789062,25.258816,47376.60364573333,44426.9669053,26.11285566666667,24.62082391111111
2021-10-12,56041.058594,24.623648,47709.1966145,44684.95258238889,25.954335800000003,24.706134633333335
2021-10-13,57401.097656,25.61175,48123.79739573333,44969.62332891111,25.91077806666667,24.816469055555554
2021-10-14,57321.523438,26.647486,48464.76510406667,45257.40093308889,25.774155466666667,24.942964844444447
2021-10-15,61593.949219,26.944546,48912.018489500006,45591.410720422224,25.646320333333332,25.071681400000003
2021-10-16,60892.179688,27.228479,49348.9791666,45914.69259976666,25.55971793333333,25.201971033333333
2021-10-17,61553.617188,26.540886,49825.18242183333,46256.20132373333,25.521260899999998,25.335657966666666
2021-10-18,62026.078125,25.704576,50283.4395833,46614.18721783333,25.431727533333337,25.468198844444448
2021-10-19,64261.992188,25.936241,50850.16536456666,46971.42387148889,25.383077300000004,25.586729555555557
2021-10-20,65992.835938,27.419165,51621.7998698,47345.64309892223,25.516012833333335,25.712656744444445
2021-10-21,62210.171875,28.268347,52339.01640626667,47663.73888885556,25.743870366666666,25.84328768888889
2021-10-22,60692.265625,28.661047,52909.60833336667,47957.07022566667,25.882802833333336,25.97612341111111
2021-10-23,61393.617188,31.459808,53459.55898443333,48246.44166664444,26.082997,26.1394584
2021-10-24,60930.835938,29.770857,54062.59518236667,48508.58945311111,26.299334266666666,26.269249555555554
2021-10-25,63039.824219,32.46011,54740.036198,48771.17703992222,26.563882566666667,26.413254844444445
2021-10-26,60363.792969,32.503048,55311.877994899995,48997.486892355555,26.827245633333334,26.562952344444447
2021-10-27,58482.386719,28.885674,55853.43320323333,49202.753168400006,27.021224833333335,26.668950388888888
2021-10-28,60622.136719,30.227047,56506.3529949,49407.04861111111,27.292063066666667,26.75685133333333
2021-10-29,62227.964844,30.934832,57195.139713666664,49635.957161466664,27.560539833333333,26.847752777777774
2021-10-30,61888.832031,29.78167,57798.404297,49879.445355911106,27.753717199999997,26.932806455555557
2021-10-31,61318.957031,29.985006,58238.4714845,50125.18993056667,27.876636066666666,27.00508042222222
2021-11-01,61004.40625,31.565237,58681.56875013334,50379.094661466675,28.030585866666666,27.09051686666667
2021-11-02,63226.402344,32.265533,59182.45039076667,50639.97131077778,28.187468966666664,27.18025751111111
2021-11-03,62970.046875,31.990866,59644.355208466666,50885.532335077776,28.368519266666667,27.268483855555555
2021-11-04,61452.230469,31.020929,59975.6024741,51092.59600695555,28.494462633333335,27.34805712222222
2021-11-05,61125.675781,32.917904,60167.7433595,51276.70572917778,28.697150533333335,27.440126577777775
2021-11-06,61527.480469,32.083439,60425.12656263333,51473.69865452222,28.87213063333333,27.54054691111111
2021-11-07,63326.988281,32.349564,60737.0979168,51662.160720488886,29.0704174,27.63012821111111
2021-11-08,67566.828125,34.477592,61157.051432433334,51906.402907988886,29.305767933333332,27.740253833333337
2021-11-09,66971.828125,33.859272,61563.72643243334,52143.938368055555,29.579445833333335,27.82817308888889
2021-11-10,64995.230469,34.342705,61814.07447933333,52372.45993924444,29.88224213333333,27.932900544444443
2021-11-11,64949.960938,34.83717,62111.037890800006,52563.089279533335,30.222692866666666,28.011834244444444
2021-11-12,64155.941406,34.265522,62336.19934913333,52752.63368057778,30.51115193333333,28.090835355555555
2021-11-13,64469.527344,34.064831,62574.466146,52946.21727433333,30.758396766666667,28.159288888888888
2021-11-14,65466.839844,33.776585,62703.56250016667,53162.46566843334,30.986131399999998,28.222536066666667
2021-11-15,63557.871094,32.010754,62792.41888036667,53372.04913197777,31.145540566666668,28.28756515555555
2021-11-16,60161.246094,29.225008,62746.006510566665,53542.716449688894,31.2350113,28.328810844444444
2021-11-17,60368.011719,29.193048,62690.73763036667,53694.38793406667,31.351293699999996,28.352458488888885
2021-11-18,56942.136719,26.525694,62446.742448066674,53778.865277822224,31.370942133333333,28.328279077777776
2021-11-19,58119.578125,28.291117,62184.300520966666,53881.244010455564,31.400007199999997,28.33305158888889
2021-11-20,59697.195312,28.334068,62100.53463553333,53996.527821211115,31.402197899999997,28.336509922222223
2021-11-21,58730.476562,29.036161,62035.14166676667,54098.575911477776,31.414701700000002,28.341866133333333
2021-11-22,56289.289062,26.758991,61864.9973959,54193.94448785555,31.258007799999998,28.353052733333328
2021-11-23,57569.074219,26.933676,61752.938671933334,54289.5921007111,31.1634351,28.35764381111111
2021-11-24,56280.425781,26.259172,61527.62539066666,54393.349956611106,30.956737166666667,28.378008755555552
2021-11-25,57274.679688,26.185106,61424.65494796667,54484.63897571112,30.746139099999997,28.379862166666666
2021-11-26,53569.765625,23.856281,61260.9009115,54536.49856772222,30.578492666666666,28.35905317777778
2021-11-27,54815.078125,24.114759,61067.3322917,54603.001302100005,30.37474973333333,28.340176477777778
2021-11-28,57248.457031,24.82391,60901.34869793334,54716.26210938889,30.171052333333332,28.338431766666666
2021-11-29,57806.566406,25.017925,60765.273177099996,54834.482986122224,30.012260833333336,28.31917862222222
2021-11-30,57005.425781,25.341774,60621.4888021,54925.13185764443,29.857486433333335,28.27036297777778
2021-12-01,57229.828125,25.356211,60495.66953126667,55012.93302952222,29.6505189,28.218929266666667
2021-12-02,56477.816406,24.537094,60270.71666666667,55084.626822922226,29.392904266666665,28.149516244444445
2021-12-03,53598.246094,23.291527,59958.3233073,55125.222612855556,29.1029263,28.07611295555555
2021-12-04,49200.703125,20.667728,59549.9390625,55096.859201399995,28.7578196,27.933494055555556
2021-12-05,49368.847656,19.477322,59158.04479166667,55060.58489584445,28.309800199999998,27.763410311111112
2021-12-06,50582.625,19.884268,58793.21627603333,55102.490408,27.903161166666667,27.67196606666667
2021-12-07,50700.085938,21.091574,58372.319531266665,55153.698133699996,27.52789483333333,27.60463901111111
2021-12-08,50504.796875,22.886017,57803.585156266665,55199.402300366666,27.141509,27.548054444444446
2021-12-09,47672.121094,20.306026,57160.26158856667,55230.3824219,26.68973413333333,27.48048224444444
2021-12-10,47243.304688,18.583904,56568.5307292,55253.069618088884,26.164440766666665,27.386512855555555
2021-12-11,49362.507812,19.94931,56048.948958333334,55289.727821211105,25.668178766666664,27.28173581111111
2021-12-12,50098.335938,20.456585,55580.3621094,55346.78628475555,25.207880866666667,27.209936955555555
2021-12-13,46737.480469,17.775459,54989.29388023333,55342.8417101,24.6649018,27.06581801111111
2021-12-14,46612.632812,17.587616,54360.8203125,55325.46710072223,24.1252695,26.919240411111108
2021-12-15,48896.722656,19.714485,53872.11536456667,55337.83780384444,23.715393866666666,26.80688412222222
2021-12-16,47665.425781,18.786173,53455.5880208,55342.2589844,23.367432700000002,26.707901633333332
2021-12-17,46202.144531,18.291275,52983.39244786667,55319.18988717777,23.004040266666667,26.595687166666664
2021-12-18,46848.777344,19.518829,52646.94713536666,55314.61831599999,22.7704781,26.508165844444445
2021-12-19,46707.015625,18.852444,52266.52838536666,55357.54292537778,22.455855666666665,26.457291900000005
2021-12-20,46880.277344,18.747501,51839.29778643334,55426.28294274444,22.136303433333335,26.42745723333333
2021-12-21,48936.613281,19.454205,51512.835677066665,55485.8618924,21.8169049,26.371469811111112
2021-12-22,48628.511719,19.91474,51257.476432300005,55527.34427087778,21.588763200000002,26.309922666666665
2021-12-23,50784.539062,22.14197,51031.3252604,55615.6197049,21.429039666666664,26.297269677777777
2021-12-24,50822.195312,21.473009,50849.38424476667,55705.68194447779,21.2695009,26.263373544444445
2021-12-25,50429.859375,22.120226,50621.22356766667,55785.918836844445,21.134004899999997,26.235796544444444
2021-12-26,50809.515625,23.009712,50529.21523433333,55881.18311635556,21.105785933333333,26.235167811111115
2021-12-27,50640.417969,22.982037,50390.0598958,55987.915060800005,21.068028533333337,26.24494711111111
2021-12-28,47588.855469,20.391455,50068.07317706667,56054.853862888885,20.92028003333333,26.217290733333332
2021-12-29,46444.710938,19.702854,49689.34466146667,56084.34071185555,20.743111,26.169696344444443
2021-12-30,47178.125,19.970343,49361.76796876666,56073.90941845555,20.564063299999997,26.099395266666665
2021-12-31,46306.445312,19.592325,48997.65520833333,56058.297829911106,20.371933766666665,26.017679511111112
2022-01-01,47686.8125,20.665089,48704.6217448,56052.5962674111,20.242866933333335,25.941080055555556
2022-01-02,47345.21875,21.83189,48496.1875,56032.95533858889,20.194212366666665,25.88855264444444
2022-01-03,46458.117188,23.573906,48404.76796876666,55976.76983512222,20.291084966666666,25.847789066666664
2022-01-04,45897.574219,23.525866,48289.0588542,55871.61566845555,20.42603643333333,25.810995722222223
2022-01-05,43569.003906,25.447802,48055.2714844,55757.87144102222,20.611487566666664,25.795593122222222
2022-01-06,43160.929688,25.377213,47803.966276066676,55637.79457471111,20.7543422,25.78421814444444
2022-01-07,41557.902344,25.96064,47505.736458366664,55488.79101568889,20.856829633333334,25.76803552222222
2022-01-08,41733.941406,25.4748,47307.797135433335,55343.928385477775,21.029122100000002,25.76610068888889
2022-01-09,41911.601562,27.566217,47130.07369790001,55170.8929688111,21.32853253333333,25.79173847777778
2022-01-10,41821.261719,27.883266,46878.69882813333,55012.89522575556,21.592997733333334,25.827956455555555
2022-01-11,42735.855469,26.69095,46633.28281250001,54849.94809034444,21.800809899999997,25.839947566666666
2022-01-12,43949.101562,26.777945,46540.33684893334,54701.36562505555,22.100892766666668,25.84139711111111
2022-01-13,42591.570312,24.872852,46406.30143226667,54490.22808164444,22.343733966666665,25.818378288888884
2022-01-14,43099.699219,25.781769,46213.0673177,54292.53385421111,22.54597676666667,25.802303733333332
2022-01-15,43177.398438,25.252832,46063.46640626667,54088.35364587778,22.761532066666668,25.787992022222227
2022-01-16,43113.878906,25.553156,45960.52421876667,53878.218099,23.003594766666666,25.78630957777778
2022-01-17,42250.550781,23.841059,45807.25,53633.646527811106,23.147669099999998,25.763029777777778
2022-01-18,42375.632812,23.003719,45662.87057290001,53371.23315974444,23.286044933333336,25.713969266666663
2022-01-19,41744.328125,21.653994,45491.6722656,53143.83489585555,23.382928033333332,25.640476455555557
2022-01-20,40680.417969,20.195139,45216.465755200006,52921.4810330111,23.407625833333334,25.546410811111112
2022-01-21,36457.316406,17.426189,44810.75924476667,52644.411024322224,23.324674133333335,25.390481711111114
2022-01-22,35030.25,15.827586,44285.61627603333,52356.62673612223,23.11419466666667,25.23555647777778
2022-01-23,36276.804688,16.565233,43800.7699219,52059.25985244444,22.950602133333334,25.058946733333332
2022-01-24,36654.328125,15.584162,43341.5855469,51795.82135417778,22.732733333333332,24.870959111111112
2022-01-25,36954.003906,15.527325,42879.73515626667,51556.617100699994,22.483320433333333,24.72253301111111
2022-01-26,36852.121094,15.270565,42420.12526043333,51292.50581597778,22.226271366666666,24.556349877777777
2022-01-27,37138.234375,15.180518,42071.77122396666,51013.73103298889,22.05257346666667,24.381301944444445
2022-01-28,37784.332031,16.123285,41783.09192706667,50745.90325521111,21.9332545,24.229542111111112
2022-01-29,38138.179688,16.205904,41481.760416666664,50488.339062511106,21.8077732,24.07644097777778
2022-01-30,37917.601562,17.768534,41202.13229166667,50231.819010422216,21.746980166666667,23.923144277777777
2022-01-31,38483.125,17.240427,40895.34270833333,49956.89370659999,21.632824766666666,23.756198655555554
2022-02-01,38743.273438,17.024292,40608.61119793333,49687.70733507777,21.4725715,23.58990338888889
2022-02-02,36952.984375,15.819188,40291.7734375,49415.49348958889,21.2140809,23.420995155555556
2022-02-03,37154.601562,16.17811,40000.3410156,49149.14822048888,20.9691557,23.234997444444446
2022-02-04,41500.875,17.44544,39931.4033854,48926.630381944444,20.7024103,23.07235301111111
2022-02-05,41441.164062,17.802694,39874.077864533334,48683.4545572889,20.449926333333334,22.910721122222224
2022-02-06,42412.433594,18.039454,39902.562239533334,48403.96128472222,20.185886800000002,22.728075144444446
2022-02-07,43840.285156,18.876795,39972.77369786667,48146.944140622225,19.9659533,22.56160317777778
2022-02-08,44118.445312,18.426355,40046.3351562,47914.97986110001,19.661291233333333,22.384754844444444
2022-02-09,44338.796875,18.642735,40130.25299473333,47685.96692706667,19.353273533333333,22.204816677777778
2022-02-10,43565.113281,17.525623,40157.8949218,47457.1799479,19.047762633333335,22.0188178
2022-02-11,42407.9375,16.18428,40106.522786400004,47212.05117185556,18.694640466666666,21.820145011111112
2022-02-12,42244.46875,15.95139,40094.95273433333,46954.02482636666,18.397258400000002,21.62208728888889
2022-02-13,42197.515625,15.735866,40064.87994786667,46716.687543377775,18.062394966666666,21.4412552
2022-02-14,42586.917969,15.939896,40045.19726556667,46521.41723087778,17.751963766666666,21.293642844444445
2022-02-15,44575.203125,17.31986,40093.90807286667,46345.941579833336,17.47752056666667,21.16171853333333
2022-02-16,43961.859375,17.174133,40150.95169266667,46201.71627601111,17.2552897,21.057812300000002
2022-02-17,40538.011719,15.572245,40089.69765623333,46006.36553816667,17.0075739,20.9164915
2022-02-18,40030.976562,15.232381,40032.58593746667,45787.8519965,16.793520133333335,20.7709172
2022-02-19,40122.15625,15.521563,40013.977213499995,45581.092881922224,16.637734266666666,20.620755
2022-02-20,38431.378906,14.649103,40079.77929683333,45382.67165796667,16.545164733333333,20.48620068888889
2022-02-21,37075.28125,13.538115,40147.947005166665,45154.9628472,16.468849033333335,20.337361122222223
2022-02-22,38286.027344,14.02696,40214.9210937,44955.02508678889,16.384239933333333,20.201447655555555
2022-02-23,37296.570312,13.407191,40236.3291666,44733.04609372222,16.311674233333335,20.05947082222222
2022-02-24,38332.609375,13.267228,40282.28268223333,44563.74435761111,16.236337666666667,19.941814677777778
2022-02-25,39214.21875,14.338566,40361.019270766665,44390.401475666666,16.205271033333332,19.83319031111111
2022-02-26,39105.148438,14.69032,40426.58307286667,44188.809157966665,16.1889311,19.720594866666666
2022-02-27,37709.785156,13.654266,40424.09817703333,43965.511588522226,16.106630466666665,19.59433198888889
2022-02-28,43193.234375,15.11647,40592.599999933336,43812.04279512222,16.070316,19.4807175
2022-03-01,44354.636719,15.334708,40807.1678385,43668.98511283333,15.989188466666667,19.369367466666667
2022-03-02,43924.117188,15.294949,40988.53424476666,43529.49956596667,15.924339199999999,19.26667696666667
2022-03-03,42451.789062,14.897106,41112.15143223333,43405.650043388894,15.853432999999999,19.17340562222222
2022-03-04,39137.605469,13.714876,41184.97213536667,43293.837847211114,15.783289266666666,19.096151711111112
2022-03-05,39400.585938,14.022286,41259.83828123333,43183.079383677774,15.711428466666666,19.0355402
2022-03-06,38419.984375,13.338135,41157.14192706666,43047.93893228889,15.5745183,18.96280538888889
2022-03-07,38062.039062,12.712721,41044.50442706667,42907.516189222224,15.404852533333333,18.869707022222222
2022-03-08,38737.269531,13.077511,40921.9989583,42776.765885400004,15.239454433333332,18.760723622222223
2022-03-09,41982.925781,14.015894,40860.08697913333,42713.55260414445,15.0774244,18.690833266666665
2022-03-10,39437.460938,13.195725,40704.05416666667,42626.821006922226,14.903070066666666,18.63096461111111
2022-03-11,38794.972656,13.078199,40519.260026033335,42509.403949633335,14.717585533333333,18.554618933333334
2022-03-12,38904.011719,13.186159,40363.88997396667,42385.022569422224,14.572936733333332,18.47383642222222
2022-03-13,37849.664062,12.740458,40211.947526033335,42286.26905378889,14.458142666666667,18.417891966666666
2022-03-14,39666.753906,13.401471,40126.0236979,42209.0926215,14.373145366666666,18.371379244444444
2022-03-15,39338.785156,13.714278,40030.732682266666,42102.89331594444,14.3057591,18.30471027777778
2022-03-16,41143.929688,14.6964,39982.6330729,42030.43224824445,14.264309233333334,18.259268355555555
2022-03-17,40951.378906,14.421711,39861.83893226666,41972.090407966665,14.167704266666668,18.2162732
2022-03-18,41801.15625,15.028581,39789.81549476666,41916.00572914445,14.096185866666668,18.166381555555557
2022-03-19,42190.652344,14.975159,39844.9035156,41865.82391491111,14.076283,18.123300611111112
2022-03-20,41247.824219,14.552144,39885.465104166666,41803.24110241111,14.053608433333332,18.076685533333336
2022-03-21,41077.996094,15.007803,39917.326432300004,41715.92313366667,14.0364831,18.027281066666667
2022-03-22,42358.808594,15.450861,40048.24075523333,41646.25976561111,14.063208366666666,17.97768241111111
2022-03-23,42892.957031,15.800262,40242.16328126667,41558.57552082222,14.138613266666665,17.90721898888889
2022-03-24,43960.933594,16.171621,40431.326822933326,41482.339279511114,14.210101966666667,17.848314677777775
2022-03-25,44348.730469,15.584914,40666.39882816667,41414.77118055556,14.282692733333333,17.775700099999998
2022-03-26,44500.828125,15.821914,40872.006119833335,41344.67465277778,14.367848933333335,17.695835677777776
2022-03-27,46820.492188,16.849527,41125.54856776667,41302.231032988886,14.451547633333332,17.627696677777777
2022-03-28,47128.003906,16.517033,41392.97708336667,41297.110460066666,14.512438066666668,17.584647544444444
2022-03-29,47465.730469,16.973129,41718.17526046667,41308.45512152222,14.623066833333333,17.55431726666667
2022-03-30,47062.664062,17.209745,41847.15625003333,41307.172222211106,14.692842666666667,17.523643955555553
2022-03-31,45538.675781,16.910994,41886.624218766665,41298.64144964444,14.745385533333332,17.49385138888889
2022-04-01,46281.644531,17.312368,41965.20846353334,41283.02847221111,14.812632833333334,17.456598933333336
2022-04-02,45868.949219,17.403168,42079.11380209999,41266.62547742222,14.896168233333333,17.40739091111111
2022-04-03,46453.566406,18.094217,42322.979166666664,41266.57491317777,15.042146266666666,17.34650547777778
2022-04-04,46622.675781,17.47464,42563.71549476667,41274.6315972,15.157224733333333,17.27926963333333
2022-04-05,45555.992188,16.773735,42801.58242186667,41296.709244777776,15.271744733333334,17.18289111111111
2022-04-06,43206.738281,15.427791,42973.07239583333,41297.21822914445,15.362247066666665,17.072341977777775
2022-04-07,43503.847656,15.7753,43131.958333333336,41318.83984372223,15.452173366666667,16.959171533333333
2022-04-08,42287.664062,15.135032,43142.11627603333,41324.99231767778,15.489477966666668,16.844285222222222
2022-04-09,42782.136719,15.433226,43253.60546873333,41334.664930533334,15.564061333333333,16.70947421111111
2022-04-10,42207.671875,15.348768,43367.362109366666,41338.95837671111,15.639746966666667,16.570202011111114
2022-04-11,39521.902344,13.75277,43387.95846353333,41303.247786433334,15.658634000000001,16.426444455555554
2022-04-12,40127.183594,13.973591,43463.87578126667,41260.78203123333,15.699738433333332,16.284173855555558
2022-04-13,41166.730469,14.183898,43513.87500003333,41244.95047742222,15.725819333333334,16.165407700000003
2022-04-14,39935.515625,13.646021,43533.76601566666,41209.79288193333,15.7235441,16.030566055555557
2022-04-15,40553.464844,14.120528,43514.0838542,41180.63806422222,15.704348366666666,15.90687378888889
2022-04-16,40424.484375,14.150531,43496.52070316667,41150.755902766665,15.695309033333332,15.780177955555557
2022-04-17,39716.953125,13.764988,43427.04726566667,41122.6048177,15.653189266666667,15.66822161111111
2022-04-18,40826.214844,14.037702,43381.56601566667,41105.3890625,15.6219407,15.5685992
2022-04-19,41502.75,14.258342,43390.0635417,41102.70486111111,15.6121473,15.486425288888888
2022-04-20,41374.378906,14.024039,43399.94296876666,41110.415538188885,15.579355166666666,15.41785751111111
2022-04-21,40527.363281,13.588746,43338.894791666666,41155.63828124444,15.517284666666665,15.375219255555557
2022-04-22,39740.320312,13.609354,43233.806901033335,41207.972395822224,15.4442544,15.350572233333333
2022-04-23,39486.730469,13.343726,43084.66679686667,41243.63823783334,15.349991233333332,15.314777711111113
2022-04-24,39469.292969,13.287423,42922.0188802,41274.915624988884,15.2734082,15.28925838888889
2022-04-25,40458.308594,13.458693,42787.268229166664,41313.852343744446,15.194634166666667,15.266273588888888
2022-04-26,38117.460938,12.354577,42497.1671875,41327.91167534445,15.044802500000001,15.23387372222222
2022-04-27,39241.121094,12.73311,42234.27109376666,41351.277083333334,14.918671733333332,15.2066803
2022-04-28,39773.828125,12.662813,41977.87434896666,41373.38259548889,14.774994533333334,15.16823061111111
2022-04-29,38609.824219,11.970266,41696.113020866665,41378.623090277775,14.600345233333334,15.121167966666667
2022-04-30,37714.875,10.997047,41435.319661500005,41376.37057292222,14.403213666666666,15.045929222222222
2022-05-01,38469.09375,11.312018,41174.90130213333,41376.21467014444,14.203202000000001,14.98005801111111
2022-05-02,38529.328125,11.17878,40930.24726566667,41373.8375,13.9957224,14.915107877777777
2022-05-03,37750.453125,11.121428,40640.14348963333,41382.69826388889,13.7632961,14.862910544444444
2022-05-04,39698.371094,12.14561,40409.3333334,41410.9623698,13.585661766666666,14.818104988888889
2022-05-05,36575.140625,10.9174,40109.97161463334,41356.23198785556,13.3904506,14.745571211111109
2022-05-06,36040.921875,10.799844,39871.111067766666,41296.229296888894,13.236185699999998,14.667761766666667
2022-05-07,35501.953125,10.239905,39604.38125006667,41219.44618056667,13.051672533333335,14.58110011111111
2022-05-08,34059.265625,9.99003,39330.10130216667,41110.76818577778,12.880172466666666,14.482358277777777
2022-05-09,30296.953125,8.272897,38913.928515700005,40957.19605036666,12.641494833333333,14.369542077777778
2022-05-10,31022.90625,8.584442,38541.10299486667,40809.241710088885,12.4160173,14.257783266666666
2022-05-11,28936.355469,6.916927,38188.25143236667,40646.699956622215,12.188155866666667,14.139908866666666
2022-05-12,29047.751953,6.56927,37818.93704433333,40498.25345054444,11.941345166666668,14.033075422222222
2022-05-13,29283.103516,7.147285,37422.816145900004,40354.23828127777,11.706791399999998,13.935252033333333
2022-05-14,30101.265625,7.284692,37095.00781256667,40219.8355035,11.4947471,13.8413501
2022-05-15,31305.113281,7.941105,36786.72942713334,40094.48211807778,11.288766333333333,13.752474644444444
2022-05-16,29862.917969,7.418418,36434.6772136,39931.01228301111,11.064362566666667,13.642458622222222
2022-05-17,30425.857422,7.725453,36124.9740235,39780.612261311115,10.863044733333334,13.537473288888888
2022-05-18,28720.271484,6.825543,35721.44257816667,39649.30403647778,10.622639433333335,13.440287711111111
2022-05-19,30314.333984,7.219193,35348.495377633335,39541.34134116666,10.388001133333335,13.35125228888889
2022-05-20,29200.740234,6.890322,34942.7074219,39419.99227432222,10.150210566666667,13.255349611111113
2022-05-21,29432.226562,7.058111,34572.86953126667,39320.00169272222,9.932522733333334,13.171005255555558
2022-05-22,30323.722656,7.356995,34258.98294273333,39244.98437501111,9.724110766666666,13.102326144444444
2022-05-23,29098.910156,7.028613,33912.72226563333,39142.90529514444,9.513607,13.024566733333334
2022-05-24,29655.585938,7.234005,33585.59869793333,39058.00546876666,9.311826400000001,12.955975777777779
2022-05-25,29562.361328,6.97708,33222.40045573333,38960.558268244444,9.095772633333333,12.886085244444445
2022-05-26,29267.224609,6.608134,32927.3925781,38850.03611112222,8.904224533333332,12.800191555555557
2022-05-27,28627.574219,6.273193,32573.607682266666,38733.6186198,8.688893966666665,12.706667922222225
2022-05-28,28814.900391,6.572396,32208.310091133335,38634.78656685555,8.485880066666667,12.627980477777777
2022-05-29,29445.957031,6.712629,31902.847851533334,38482.03904081111,8.310625499999999,12.534604466666666
2022-05-30,31726.390625,7.457923,31703.2317057,38341.72519532222,8.1926547,12.447084633333333
2022-05-31,31792.310547,7.59467,31480.672265600002,38206.92734375556,8.0687431,12.361525977777776
2022-06-01,29799.080078,6.926415,31189.663997366668,38066.341688377775,7.926997599999999,12.272962744444445
2022-06-02,30467.488281,7.201002,30946.89850256667,37970.00705295555,7.796316733333333,12.200586366666668
2022-06-03,29704.390625,6.86243,30613.765820266668,37862.27154947778,7.620210733333334,12.12103241111111
2022-06-04,29832.914062,7.39609,30389.024934833335,37766.85965711111,7.5028337333333335,12.055009688888887
2022-06-05,29906.662109,7.636985,30184.549609299997,37676.24435763333,7.397405099999999,11.998612622222224
2022-06-06,31370.671875,7.966336,30046.840234299998,37594.39327256667,7.321619466666666,11.941821788888888
2022-06-07,31155.478516,8.732022,29950.047330666668,37474.088302955555,7.279685866666667,11.883112100000002
2022-06-08,30214.355469,8.717431,29947.294075466667,37371.6093533,7.294503666666667,11.833353277777777
2022-06-09,30111.998047,9.276541,29916.9304687,37275.13185764444,7.317573633333334,11.791112633333334
2022-06-10,29083.804688,8.046692,29921.84544266667,37166.018446188886,7.355232466666666,11.734007444444446
2022-06-11,28360.810547,7.016142,29898.947395800005,37060.586740466664,7.3701282,11.670403933333334
2022-06-12,26762.648438,6.341506,29814.932226533336,36917.20779082222,7.3432689,11.591959877777777
2022-06-13,22487.388672,5.887119,29561.136328099998,36729.970052111115,7.296683133333333,11.504991444444444
2022-06-14,22206.792969,6.759266,29257.858984366667,36519.5574219,7.2572885,11.416801066666666
2022-06-15,22572.839844,7.324715,29014.8563802,36315.351432322226,7.254165066666667,11.337945555555557
2022-06-16,20381.650391,6.336337,28680.049479166668,36077.35692277778,7.2078612,11.241365066666667
2022-06-17,20471.482422,6.363195,28405.089843766666,35836.03281253333,7.1924496,11.145676577777778
2022-06-18,19017.642578,5.93534,28028.533463566666,35589.0307943,7.1496545,11.04993431111111
2022-06-19,20553.271484,6.599024,27740.284505233332,35360.97829863333,7.139944566666667,10.956503433333333
2022-06-20,20599.537109,7.002992,27445.861523466665,35119.20861546667,7.138107266666667,10.862638222222222
2022-06-21,20710.597656,6.838943,27125.42402346667,34872.737955744444,7.120838866666667,10.76306801111111
2022-06-22,19987.029297,6.633892,26821.694661499998,34606.36124133334,7.1076815,10.657093244444445
2022-06-23,21085.876953,7.001299,26536.037695333336,34347.88509115556,7.099924633333333,10.561719744444444
2022-06-24,21231.65625,7.289775,26258.347526066667,34089.33873698889,7.1103477999999996,10.4669182
2022-06-25,21502.337891,7.271408,25999.5179688,33808.02591146667,7.132456933333333,10.360494655555556
2022-06-26,21027.294922,6.745378,25746.17532556667,33518.01803386667,7.148196433333333,10.251920711111111
2022-06-27,20735.478516,6.558154,25476.861263066665,33221.015234388884,7.1477217,10.136198766666666
2022-06-28,20280.634766,6.322357,25171.3505209,32923.4371311,7.134712633333334,10.01522778888889
2022-06-29,20104.023438,6.210225,24783.938281333332,32640.829882844446,7.0931227,9.896330355555556
2022-06-30,19784.726562,6.252963,24383.685481833334,32346.419683188888,7.048399133333334,9.773448077777777
2022-07-01,19269.367188,6.069791,24032.695052166666,32050.868771733334,7.019845000000001,9.647521666666666
2022-07-02,19242.255859,6.225627,23658.5206381,31748.520876766663,6.9873325,9.515648444444444
2022-07-03,19297.076172,6.205861,23311.61015633333,31444.903103333334,6.965446866666667,9.390439788888889
2022-07-04,20231.261719,6.431877,22991.555078233334,31163.517209233334,6.933306433333333,9.275530255555555
2022-07-05,20190.115234,6.321958,22667.6701824,30907.776953155557,6.8894722,9.174354333333333
2022-07-06,20548.246094,6.338929,22306.922656366667,30652.714713577778,6.8352253,9.069505766666667
2022-07-07,21637.587891,6.641354,21989.65963553333,30423.269422788886,6.765536366666667,8.975131566666667
2022-07-08,21731.117188,6.379156,21706.885026166667,30189.369205777777,6.687593866666666,8.874530788888888
2022-07-09,21592.207031,6.50301,21422.8919923,29960.308485288886,6.595142833333333,8.776244588888888
2022-07-10,20860.449219,6.201322,21148.78014333333,29752.95900612222,6.5336305,8.69233961111111
2022-07-11,19970.556641,6.04469,20869.105013133332,29528.996484422223,6.5012487666666665,8.60424071111111
2022-07-12,19323.914062,5.968435,20621.1472006,29286.29852434445,6.488813066666666,8.512957788888889
2022-07-13,20212.074219,6.177943,20545.3033855,29067.149175388888,6.498507200000001,8.429979144444445
2022-07-14,20569.919922,6.268182,20490.7409506,28845.10978736667,6.482137733333333,8.342730855555555
2022-07-15,20836.328125,6.327785,20432.857226633336,28627.463606811114,6.448906733333333,8.255811455555556
2022-07-16,21190.316406,6.577695,20459.812760466666,28421.612087711113,6.456952,8.175952644444445
2022-07-17,20779.34375,6.348729,20470.074804733333,28198.869075555554,6.4564698,8.090519611111112
2022-07-18,22485.689453,7.05954,20585.676367233336,27987.568402811114,6.4939431333333335,8.010532922222223
2022-07-19,23389.433594,7.256052,20680.215104233335,27787.735677122222,6.515844066666667,7.935333066666667
2022-07-20,23231.732422,6.872341,20767.954948000002,27595.562000911115,6.5114890333333335,7.860706344444444
2022-07-21,23164.628906,6.998698,20849.755989666664,27411.387651955552,6.5168142,7.78725461111111
2022-07-22,22714.978516,6.811353,20940.687630300003,27225.034852477773,6.5227295666666665,7.714672688888889
2022-07-23,22465.478516,6.857292,20986.674349066667,27036.10358077778,6.517929333333333,7.64322678888889
2022-07-24,22609.164062,7.106037,21032.59127613333,26837.779752644445,6.511804733333334,7.572641722222223
2022-07-25,21361.701172,6.465126,21027.9033855,26651.60464413333,6.484928666666667,7.5072033777777785
2022-07-26,21239.753906,6.341288,21034.98535163333,26451.589453155553,6.471459,7.4361831333333335
2022-07-27,22930.548828,6.855407,21108.154362033332,26264.44190541111,6.481367433333333,7.3716564
2022-07-28,23843.886719,7.219182,21226.929427133335,26100.375933188887,6.5112616,7.3188665777777775
2022-07-29,23804.632812,7.912095,21350.283072933333,25945.817686655555,6.5679906,7.284589333333334
2022-07-30,23656.207031,7.803387,21479.3324219,25781.23005644444,6.6196714000000005,7.245604544444445
2022-07-31,23336.896484,7.666137,21614.916731766665,25612.42526043333,6.672882933333333,7.206575177777778
2022-08-01,23314.199219,7.586885,21750.6481771,25452.022439255554,6.718258199999999,7.167302477777778
2022-08-02,22978.117188,7.208192,21873.349544300003,25266.2418403,6.751669233333333,7.112442277777778
2022-08-03,22846.507812,7.286331,21960.52441406667,25113.70147571111,6.7801510333333335,7.072097066666667
2022-08-04,22630.957031,7.356004,22041.885807299997,24964.701866333333,6.8146192333333335,7.033832177777778
2022-08-05,23289.314453,7.86457,22133.254752599998,24829.005881088888,6.865473933333333,7.007439566666666
2022-08-06,22961.279297,7.802284,22177.377799466667,24705.694921888888,6.9041716,6.983131277777778
2022-08-07,23175.890625,8.307046,22225.536914033335,24626.57200522222,6.968434599999999,6.98351071111111
2022-08-08,23809.486328,8.6459,22299.44622393333,24546.42289497778,7.039864266666667,6.984193577777777
2022-08-09,23164.318359,8.758239,22376.241861933333,24482.289149311113,7.125094833333334,7.0046526
2022-08-10,23947.642578,9.055891,22508.811393166663,24425.621267366667,7.2254682,7.032281722222224
2022-08-11,23957.529297,8.965302,22663.265234333332,24366.44822048889,7.325363766666667,7.052481911111111
2022-08-12,24402.818359,9.333063,22802.956705666667,24303.13213975556,7.430534433333333,7.075241588888889
2022-08-13,24424.068359,9.133019,22931.428320233335,24226.676085066672,7.526028999999999,7.0884850777777775
2022-08-14,24319.333984,8.774848,23047.528515533333,24165.080707455556,7.607597766666667,7.103556522222223
2022-08-15,24136.972656,8.659611,23145.750390533336,24095.20421005555,7.676994966666666,7.1139360555555555
2022-08-16,23883.291016,8.466907,23249.2152994,24041.459982633336,7.7476009,7.132173433333333
2022-08-17,23335.998047,8.049441,23277.558919199997,23963.922916666666,7.780597600000001,7.141398411111111
2022-08-18,23212.738281,7.673118,23271.669075433336,23897.389561633332,7.7944998,7.150096144444444
2022-08-19,20877.552734,6.907883,23193.196419166667,23802.33763021111,7.795684533333333,7.148426944444444
2022-08-20,21166.060547,6.905581,23126.57747386667,23700.585829,7.792580633333333,7.1434112333333335
2022-08-21,21534.121094,7.087409,23087.2155598,23616.5326172,7.8017825,7.144064522222221
2022-08-22,21398.908203,7.034696,23051.663216033332,23524.79175347778,7.807695966666667,7.1418499777777775
2022-08-23,21528.087891,7.244896,23015.627343666667,23435.522048622224,7.812324599999999,7.144825711111111
2022-08-24,21395.019531,7.135586,23016.737955633333,23348.05310331111,7.834673266666666,7.150686288888889
2022-08-25,21600.904297,7.133749,23028.776302,23269.978993066667,7.861088633333334,7.1602480222222225
2022-08-26,20260.019531,6.486523,22939.75865876667,23174.92476128889,7.8487925,7.159293877777778
2022-08-27,20041.738281,6.537517,22813.020377499997,23070.433441844445,7.826070333333333,7.157348188888889
2022-08-28,19616.814453,6.2637,22673.4264322,22935.88259548889,7.771123833333333,7.144079044444445
2022-08-29,20297.994141,6.703226,22561.486002533336,22808.167968755555,7.7344518,7.13417411111111
2022-08-30,19796.808594,6.557107,22443.483072866667,22697.031618933335,7.697484133333333,7.130070688888889
2022-08-31,20049.763672,6.630673,22334.668554633332,22581.279123277774,7.6656104,7.1237337
2022-09-01,20127.140625,6.895674,22239.63600253333,22474.865234388886,7.655193133333333,7.124103077777779
2022-09-02,19969.771484,6.923277,22143.7447916,22365.274761300003,7.6430913333333335,7.1188496
2022-09-03,19832.087891,6.840007,22050.449153600002,22253.335047766665,7.625891433333334,7.109994288888889
2022-09-04,19986.712891,7.145919,21940.362434866667,22126.84661461111,7.6019364000000005,7.100878544444445
2022-09-05,19812.371094,7.364041,21835.398828100002,22000.8120877,7.587328299999999,7.085678755555556
2022-09-06,18837.667969,6.672347,21690.791406233333,21874.40444881111,7.532838333333333,7.0629556
2022-09-07,19290.324219,7.082168,21540.15266926667,21754.1636285,7.480713933333333,7.038573677777777
2022-09-08,19329.833984,7.407059,21412.336523433332,21645.786176233334,7.4356746,7.0314666444444445
2022-09-09,21381.152344,7.747072,21326.78684896667,21568.23441842222,7.3920473,7.039588088888888
2022-09-10,21680.539062,7.913443,21250.88717446667,21511.766536466665,7.356985333333332,7.057054055555556
2022-09-11,21769.255859,8.015378,21163.1017578,21503.787282988887,7.3130625,7.080701377777777
2022-09-12,22370.449219,7.747561,21094.647786466663,21505.605685766666,7.266880566666667,7.091682433333332
2022-09-13,20296.707031,7.128942,20960.560221366664,21480.315321177775,7.212017033333334,7.089507177777778
2022-09-14,20241.089844,7.455002,20830.697460966665,21478.75353732222,7.171863400000001,7.1019367888888905
2022-09-15,19701.210938,7.545807,20691.294791700002,21470.194965277777,7.141160066666667,7.115076922222223
2022-09-16,19772.583984,7.644146,20572.514322933333,21478.58320312222,7.127650233333332,7.134063655555556
2022-09-17,20127.576172,8.105164,20469.675585966666,21473.85325521111,7.1420517666666665,7.150798544444444
2022-09-18,19419.505859,7.507727,20421.07402346667,21460.741796877777,7.162046566666667,7.156406711111111
2022-09-19,19544.128906,7.312717,20367.009635433333,21447.781032988885,7.175617766666666,7.161670866666667
2022-09-20,18890.789062,6.887288,20278.8985677,21435.60058593333,7.168947066666667,7.164486377777777
2022-09-21,18547.400391,6.71292,20183.8483073,21407.3952908,7.158221200000001,7.161282166666667
2022-09-22,19413.550781,7.118293,20113.36373696667,21387.194118922223,7.1540011,7.159376811111111
2022-09-23,19297.638672,7.447619,20043.451041666667,21362.697460933334,7.1644022000000005,7.161334711111111
2022-09-24,18937.011719,7.636966,19954.6546224,21339.47209201111,7.1811761,7.171241244444445
2022-09-25,18802.097656,7.865859,19906.057226566667,21317.990082455555,7.227153966666667,7.1857713
2022-09-26,19222.671875,7.928507,19878.755013033337,21306.234939222224,7.2735203,7.203617411111111
2022-09-27,19110.546875,8.074233,19861.8794271,21295.196310744446,7.3338714000000005,7.224328611111111
2022-09-28,19426.720703,7.814182,19832.836979166666,21291.218467866667,7.370903266666668,7.241675488888889
2022-09-29,19573.050781,7.901172,19825.3783854,21294.59273001111,7.415705433333334,7.2620241666666665
2022-09-30,19431.789062,7.581146,19804.779231733333,21296.69865448889,7.447387866666667,7.277085488888888
2022-10-01,19312.095703,7.387452,19777.61106766667,21296.86553816667,7.463780466666666,7.290214277777777
2022-10-02,19044.107422,7.133672,19746.75559893333,21283.674934866667,7.470793633333333,7.298011999999999
2022-10-03,19623.580078,7.335093,19739.805338500002,21277.3800998,7.487296499999999,7.309269055555555
2022-10-04,20336.84375,7.721271,19751.476367133335,21275.031184866668,7.5064749,7.324628411111111
2022-10-05,20160.716797,7.875545,19763.087890566665,21258.621506044445,7.523525033333334,7.338341644444444
2022-10-06,19955.443359,7.637219,19800.347070233332,21238.891796833334,7.5556874333333335,7.352320122222223
2022-10-07,19546.849609,7.606438,19808.897916566664,21216.165603255555,7.5731631,7.364580433333333
2022-10-08,19416.568359,7.448555,19811.789062400003,21200.12248258889,7.5745463,7.378438577777778
2022-10-09,19446.425781,7.626263,19747.298176966666,21194.298806366667,7.570519333333333,7.396011611111111
2022-10-10,19141.484375,7.381632,19662.663020733333,21192.271809844446,7.552792300000001,7.411713799999999
2022-10-11,19051.417969,7.128555,19572.0684244,21179.37562928889,7.523231533333333,7.422276155555556
2022-10-12,19157.445312,7.149956,19464.96829416667,21163.681466955553,7.503311366666666,7.432073644444444
2022-10-13,19382.904297,7.03873,19434.508203033336,21147.53231331111,7.5003043,7.439973033333334
2022-10-14,19185.65625,6.896555,19399.327083233336,21125.258311577778,7.4816894,7.443515922222222
2022-10-15,19067.634766,6.886903,19378.2078775,21106.239322866666,7.459725933333333,7.449495633333333
2022-10-16,19268.09375,7.175411,19361.391536366667,21070.4882595,7.4441014333333335,7.450783088888889
2022-10-17,19550.757812,7.333412,19342.1642577,21027.836306366666,7.418376366666667,7.451642644444446
2022-10-18,19334.416016,7.117894,19339.3279296,20984.532790744444,7.405381933333333,7.454371011111112
2022-10-19,19139.535156,6.778678,19325.841471266667,20939.809526855555,7.387580633333333,7.451926344444446
2022-10-20,19053.740234,6.666734,19331.273177,20899.1291015,7.380228833333333,7.450319466666666
2022-10-21,19172.46875,6.813489,19352.108788966667,20862.5401041,7.383581133333333,7.449832766666666
2022-10-22,19208.189453,6.870749,19345.263411366668,20824.751497333335,7.3753296666666674,7.447218455555555
2022-10-23,19567.007812,7.065635,19354.2423827,20804.81046,7.362596866666666,7.4538907777777785
2022-10-24,19345.572266,6.913848,19367.861067600003,20783.763997333335,7.338492933333333,7.460252555555556
2022-10-25,20095.857422,7.080036,19410.986393133335,20752.26742615556,7.312298833333333,7.462748433333334
2022-10-26,20770.441406,7.158166,19462.57871083333,20718.118033788887,7.2866208,7.462070477777777
2022-10-27,20285.835938,6.908006,19501.755012933332,20679.020290744444,7.247746566666667,7.450913933333332
2022-10-28,20595.351562,7.116174,19540.709374899998,20645.010785533334,7.224479633333333,7.443278233333333
2022-10-29,20818.476562,7.613307,19582.223567600002,20617.028341955556,7.2148841333333324,7.442691233333334
2022-10-30,20635.603516,7.788181,19622.350716066667,20587.266167477777,7.2217853,7.444927855555557
2022-10-31,20495.773438,7.861647,19661.806640566665,20559.68457025556,7.237591800000001,7.452188466666667
2022-11-01,20485.273438,7.693952,19709.845507766666,20533.448632766667,7.256267800000001,7.456717588888888
2022-11-02,20159.503906,7.427645,19727.709635366667,20505.988042488887,7.259352866666666,7.4575135999999995
2022-11-03,20209.988281,7.714237,19723.48111973333,20471.773307244446,7.2591184,7.455843233333334
2022-11-04,21147.230469,8.741551,19756.364908800002,20451.617209155556,7.2879852666666665,7.466279533333334
2022-11-05,21282.691406,8.665482,19800.606510366666,20430.58166227778,7.3222607,7.470262155555556
2022-11-06,20926.486328,8.121049,19846.594401000002,20398.548328944446,7.3394144,7.464430477777778
2022-11-07,20602.816406,8.895981,19886.136002566665,20370.087196133336,7.387661933333334,7.465960944444445
2022-11-08,18541.271484,7.683034,19855.96419266667,20310.016406199997,7.3895543,7.450706977777778
2022-11-09,15880.780273,6.224503,19747.274055933336,20220.27475037778,7.350983333333333,7.420253655555555
2022-11-10,17586.771484,7.214661,19698.452506433336,20144.54089621111,7.353853533333334,7.396715855555556
2022-11-11,17034.292969,7.009961,19627.680761666667,20062.432280766665,7.349187033333334,7.373126322222222
2022-11-12,16799.185547,6.259309,19541.556803333333,19978.87507591111,7.323206333333333,7.345175888888889
2022-11-13,16353.365234,6.072446,19447.1471028,19892.390549,7.295736033333332,7.3164296111111105
2022-11-14,16618.199219,6.264421,19365.499251233334,19811.66730681111,7.274986633333333,7.291957544444445
2022-11-15,16884.613281,6.419929,19286.049902266666,19739.985253855557,7.2498039,7.273851855555555
2022-11-16,16669.439453,6.187089,19190.005956966666,19667.281933544444,7.211593133333333,7.257340422222222
2022-11-17,16687.517578,6.234342,19101.776009033332,19620.725987366666,7.182141400000001,7.249856633333334
2022-11-18,16697.777344,6.185775,19020.384081966666,19571.078396222223,7.162377966666667,7.241858788888889
2022-11-19,16711.546875,6.150218,18942.310970000002,19517.494238233332,7.145160766666667,7.231445555555556
2022-11-20,16291.832031,5.771728,18846.289746033333,19460.748947433334,7.1104354,7.217412577777778
2022-11-21,15787.28418,5.869119,18732.259570266662,19396.962239533335,7.077047733333333,7.202126166666666
2022-11-22,16189.769531,6.397805,18619.6849609,19339.12612842222,7.054786733333333,7.1939286000000005
2022-11-23,16610.707031,6.701307,18528.5227864,19283.679492133335,7.047702033333334,7.1891236888888885
2022-11-24,16604.464844,6.831647,18412.1430338,19243.062217833332,7.0394224,7.1929584
2022-11-25,16521.841797,6.842342,18270.523046833336,19203.9522569,7.0288949333333335,7.196345344444444
2022-11-26,16464.28125,7.14682,18143.137890566668,19168.9241102,7.036855399999999,7.2061577888888895
2022-11-27,16444.626953,6.902108,18004.7804036,19126.10891922222,7.0297198666666665,7.20836758888889
2022-11-28,16217.322266,7.207574,17851.408593733333,19086.33684891111,7.016195433333333,7.2155949999999995
2022-11-29,16444.982422,7.320946,17711.72122393333,19046.283723911114,7.000620933333334,7.2232647
2022-11-30,17168.566406,7.680302,17600.814322866667,19013.410677033335,6.9945761,7.231982788888888
2022-12-01,16967.132812,7.687327,17483.542968666665,18980.04802512222,6.994355266666667,7.240472233333334
2022-12-02,17088.660156,7.615398,17381.181510333332,18949.565494733335,7.000613700000001,7.249087688888888
2022-12-03,16908.236328,7.243604,17271.1231119,18915.36019958889,6.984925933333334,7.250173077777778
2022-12-04,17130.486328,7.446814,17137.231640533333,18885.561479966666,6.941768033333333,7.251092777777777
2022-12-05,16974.826172,7.275838,16993.636132733332,18864.86323777778,6.895446566666666,7.257798233333334
2022-12-06,17089.503906,7.133728,16865.736718666667,18840.409678744443,6.862535866666667,7.258371122222223
2022-12-07,16848.126953,6.887233,16740.580403566666,18812.835156177774,6.7955776,7.252595277777777
2022-12-08,17233.474609,7.006324,16696.9871744,18766.749848011113,6.7730206,7.244364744444445
2022-12-09,17133.152344,6.859285,16738.7329101,18716.223328922224,6.79418,7.232651877777778
2022-12-10,17128.724609,6.852805,16723.46468093333,18664.66187058889,6.782118133333333,7.219734400000001
2022-12-11,17104.193359,6.714855,16725.794693933334,18606.14791658889,6.772281266666666,7.20825988888889
2022-12-12,17206.4375,6.691597,16739.369759033332,18571.811588466666,6.786690866666666,7.203400499999999
2022-12-13,17781.318359,6.911357,16786.968196533333,18544.48079418889,6.8146545666666665,7.19736
2022-12-14,17815.650391,6.728828,16826.883235600002,18523.530121444444,6.8301348,7.188282455555556
2022-12-15,17364.865234,6.451363,16842.891634033334,18496.777690888888,6.831182600000001,7.175029311111111
2022-12-16,16647.484375,5.900254,16842.159798099998,18458.110004255555,6.821621433333333,7.150530311111111
2022-12-17,16795.091797,6.029944,16845.7456054,18428.949848011114,6.8148081666666664,7.134110499999999
2022-12-18,16757.976562,5.963431,16847.752246,18397.992599744444,6.8073967,7.119118433333333
2022-12-19,16439.679688,5.790945,16838.690006433335,18370.758051144447,6.795420933333333,7.106936844444444
2022-12-20,16906.304688,6.020202,16859.172428333335,18352.52365444444,6.803703400000001,7.099239977777778
2022-12-21,16817.535156,5.981257,16893.514127533334,18323.679036388887,6.807441333333333,7.086606244444445
2022-12-22,16830.341797,6.002769,16914.8665364,18296.264626666667,6.7942734666666675,7.070552355555555
2022-12-23,16796.953125,5.942528,16921.074739533335,18272.486197844446,6.768980833333333,7.051725266666666
2022-12-24,16847.755859,5.920004,16929.184440033332,18250.77128898889,6.738592733333333,7.030104655555556
2022-12-25,16841.986328,5.985958,16939.8559244,18224.319227355554,6.7100466,7.008520777777778
2022-12-26,16919.804688,6.037669,16955.040039,18199.9776475,6.6730749000000005,6.985892288888888
2022-12-27,16717.173828,5.899226,16964.124934833333,18169.87157111111,6.6396455,6.964614999999999
2022-12-28,16552.572266,5.676936,16975.299934833332,18136.310698722224,6.588624233333333,6.939901266666667
2022-12-29,16642.341797,5.603008,16981.878580666667,18105.31684022222,6.5313596333333335,6.917921955555555
2022-12-30,16602.585938,5.467445,16963.012565066667,18075.211176166664,6.457597733333333,6.896588544444444
2022-12-31,16547.496094,5.568658,16949.02467446667,18047.4710503,6.386975433333333,6.8791995
2023-01-01,16625.080078,5.622443,16933.5720052,18014.154383633333,6.3205436,6.860170055555556
2023-01-02,16688.470703,5.687627,16926.246484366668,17973.616905333332,6.2686777,6.837574011111111
2023-01-03,16679.857422,5.622096,16911.225520833334,17934.940690055555,6.207853766666667,6.8125356888888895
2023-01-04,16863.238281,5.804032,16907.505924466666,17900.582855855555,6.1587935666666676,6.792166944444444
2023-01-05,16836.736328,5.647835,16899.080338533335,17870.470486066668,6.109263799999999,6.77040468888889
2023-01-06,16951.96875,5.7108,16902.54173176667,17843.086045966666,6.070049366666667,6.7510962999999995
2023-01-07,16955.078125,5.829194,16893.261848966667,17815.404405344445,6.0308117,6.731128866666666
2023-01-08,17091.144531,5.933166,16891.861588533335,17792.622851522225,5.999941066666667,6.715034800000001
2023-01-09,17196.554688,6.072278,16894.122591166666,17772.01325951111,5.9739235,6.703298388888889
2023-01-10,17446.292969,6.153703,16905.5259115,17753.0004557,5.955218433333333,6.692228911111111
2023-01-11,17934.896484,6.285186,16929.80787763333,17736.91148,5.941671400000001,6.6838562
2023-01-12,18869.587891,6.381332,16966.0835287,17733.399609344444,5.924003900000001,6.6781315
2023-01-13,19909.574219,6.601779,17035.880989633333,17742.754492155556,5.919768933333334,6.674963455555556
2023-01-14,20976.298828,6.860322,17156.262109433334,17761.734548577777,5.9334009,6.671462466666667
2023-01-15,20880.798828,6.693957,17297.3725912,17776.51278208889,5.959857666666666,6.66435741111111
2023-01-16,21169.632812,6.666865,17443.190625033334,17796.904079822223,5.9810883666666665,6.659345977777778
2023-01-17,21161.519531,6.820442,17589.975390666666,17819.37057287778,6.0096554,6.659810022222222
2023-01-18,20688.78125,6.350073,17731.612109399997,17837.537695277777,6.028293000000001,6.656291566666668
2023-01-19,21086.792969,6.513942,17870.961718766666,17858.80796437778,6.044751000000001,6.652963266666667
2023-01-20,22676.552734,6.950697,18066.262304699998,17897.345334166665,6.077065666666666,6.653851577777777
2023-01-21,22777.625,6.870331,18264.50507813333,17933.01885847778,6.1059844,6.651681533333333
2023-01-22,22720.416016,6.985129,18461.953841166665,17970.517122366666,6.140737766666667,6.652473544444445
2023-01-23,22934.431641,7.026174,18664.843033900004,18002.05683591111,6.1776101,6.651875077777778
2023-01-24,22636.46875,6.659312,18857.992447966666,18022.790473066667,6.200055233333333,6.646332255555556
2023-01-25,23117.859375,6.960363,19064.594270866666,18054.257400144445,6.2308117,6.646914
2023-01-26,23032.777344,7.174173,19275.114388066668,18081.33990883333,6.2733099333333335,6.647558433333334
2023-01-27,23078.728516,7.37127,19492.652929733333,18106.453819433333,6.329787733333333,6.644869133333332
2023-01-28,23031.089844,7.207573,19705.611197966668,18133.070334188888,6.383273233333333,6.638417933333333
2023-01-29,23774.566406,7.387718,19944.677213566665,18169.501367166664,6.447282333333333,6.633152055555556
2023-01-30,22840.138672,6.906292,20154.431966166667,18195.66653643333,6.491870133333333,6.624400277777779
2023-01-31,23139.283203,6.952308,20371.57207033333,18228.775195288887,6.5361989666666656,6.619118755555557
2023-02-01,23723.769531,7.216624,20606.082031266666,18267.817209177778,6.587165533333334,6.613589722222222
2023-02-02,23471.871094,7.10214,20832.482486999997,18293.646549455556,6.636500333333333,6.595374044444444
2023-02-03,23449.322266,7.290623,21052.018619833332,18317.720225677775,6.686053366666667,6.580097833333333
2023-02-04,23331.847656,7.238031,21268.522330766667,18344.446462655553,6.7390599,6.570286522222222
2023-02-05,22955.666016,6.984616,21468.645572966667,18370.5892361,6.781520433333333,6.549049133333333
2023-02-06,22760.109375,6.832168,21662.146614633333,18417.465212666666,6.8149529,6.539595066666666
2023-02-07,23264.291016,7.198653,21867.91816413333,18499.504220922223,6.8571358,6.550418955555556
2023-02-08,22939.398438,7.121416,22059.34628913333,18558.977853744444,6.892107066666666,6.5493828999999995
2023-02-09,21819.039062,6.983141,22205.10449223333,18612.141699222226,6.919755,6.5490849
2023-02-10,21651.183594,6.902424,22328.980729233335,18666.052788633333,6.9403296,6.5562306222222215
2023-02-11,21870.875,7.006326,22429.02363286667,18727.3584527,6.9611627333333335,6.566607066666667
2023-02-12,21788.203125,6.807924,22491.644596399998,18784.802940544443,6.9680342333333325,6.572645988888889
2023-02-13,21808.101562,6.67166,22519.3713542,18839.508365888887,6.9617455,6.575443000000001
2023-02-14,22220.804688,6.80643,22564.038216200002,18901.19020183333,6.9654946,6.582324566666667
2023-02-15,24307.841797,7.270599,22668.64518236667,18985.860470933334,6.9856190666666675,6.593838533333334
2023-02-16,23623.474609,7.028155,22750.71035163333,19062.812662766668,6.992542833333333,6.603198311111112
2023-02-17,24565.601562,7.666772,22879.937695366665,19150.079937066665,7.0364328,6.6200489111111125
2023-02-18,24641.277344,8.008314,22998.420507866667,19242.851551655556,7.0862452,6.644899866666666
2023-02-19,24327.642578,7.996887,23053.456836,19337.744422744443,7.121118200000001,6.668541733333334
2023-02-20,24829.148438,8.006446,23121.8409506,19433.73752171111,7.158988699999999,6.686415522222221
2023-02-21,24436.353516,7.636674,23179.038867266667,19520.68914932222,7.180706866666666,6.696808488888889
2023-02-22,24188.84375,7.708319,23220.85260423333,19604.960026055556,7.203445033333334,6.706549288888889
2023-02-23,23947.492188,7.936591,23264.553385499996,19687.467252622224,7.246021,6.718707611111112
2023-02-24,23198.126953,7.455675,23267.228971433335,19762.287760433333,7.262531399999999,6.722139333333333
2023-02-25,23175.375,7.376634,23271.982226633336,19837.073849844448,7.2692801000000005,6.727411844444445
2023-02-26,23561.212891,7.491861,23288.065039133337,19918.672634566665,7.273299800000001,6.730570588888889
2023-02-27,23522.871094,7.27909,23304.457747466666,19997.31584203333,7.2756837,6.730105522222223
2023-02-28,23147.353516,7.192696,23283.550651133333,20063.746809922224,7.2691829666666665,6.724687677777778
2023-03-01,23646.550781,7.528766,23310.431054766665,20137.962565133334,7.289932100000001,6.722925888888889
2023-03-02,23475.466797,7.26775,23321.63717456667,20208.927083366667,7.300446833333333,6.719063133333334
2023-03-03,22362.679688,6.948714,23276.267513133334,20269.53200958889,7.2915165,6.715786577777778
2023-03-04,22353.349609,6.852447,23238.983463633333,20327.563823822224,7.2831934,6.7091825
2023-03-05,22435.513672,6.944227,23205.189843833334,20388.23812937778,7.271646866666667,6.7054979333333335
2023-03-06,22429.757812,6.8622,23175.120182366667,20447.57428388889,7.259119166666667,6.702480955555556
2023-03-07,22219.769531,6.871421,23150.590299533334,20507.25920142222,7.255346,6.702305266666667
2023-03-08,21718.080078,6.58442,23115.855989633335,20557.088151077776,7.247087733333333,6.697617444444445
2023-03-09,20363.021484,6.158695,23019.147005233335,20592.975585966666,7.212422466666666,6.689833111111111
2023-03-10,20187.244141,6.225045,22927.408528666667,20626.95913632222,7.182543433333334,6.682858
2023-03-11,20632.410156,6.20798,22887.854231800004,20666.16154517778,7.156704733333333,6.677226055555557
2023-03-12,22163.949219,6.589978,22904.9464193,20721.24500872222,7.146289866666666,6.676096955555556
2023-03-13,24197.533203,6.776379,22982.50169273333,20792.536284766666,7.138624966666667,6.6745972
2023-03-14,24746.074219,6.975946,23081.097395866665,20869.540993966668,7.144225700000001,6.677342955555556
2023-03-15,24375.960938,6.551081,23166.6927084,20947.442057344444,7.1402064,6.678450933333333
2023-03-16,25052.789062,6.674514,23261.092187533333,21040.834331644444,7.1358092,6.687053822222223
2023-03-17,27423.929688,7.225374,23364.9617839,21158.932530433332,7.1343017,6.700336377777779
2023-03-18,26965.878906,6.933574,23476.375260466666,21272.35366758889,7.131149,6.711115744444445
2023-03-19,28038.675781,7.102637,23592.144401100002,21401.231401955552,7.1123445,6.7256901
2023-03-20,27767.236328,7.057743,23696.3430339,21521.908420177777,7.0806588,6.737218333333333
2023-03-21,28175.816406,7.407576,23824.615494833335,21648.11154517778,7.0610151,6.753066322222223
2023-03-22,27307.4375,7.180304,23907.225130233335,21764.523719655557,7.033477033333333,6.766150044444445
2023-03-23,28333.972656,7.621307,24037.145768233335,21892.712825555554,7.0329648,6.784803144444445
2023-03-24,27493.285156,7.206892,24147.2938151,22010.99648441111,7.016250566666667,6.7991019
2023-03-25,27494.707031,7.084827,24265.534309866667,22129.360047777776,6.987858433333333,6.811311555555554
2023-03-26,27994.330078,7.262111,24425.407747366662,22252.41032988889,6.981406300000001,6.824916466666666
2023-03-27,27139.888672,6.872753,24557.558203099998,22368.2182726,6.964610266666666,6.835733433333333
2023-03-28,27268.130859,6.955334,24681.122135366666,22487.280034744446,6.946726033333333,6.849937855555556
2023-03-29,28348.441406,7.382523,24841.9744791,22617.347808177776,6.9501738,6.869710244444446
2023-03-30,28033.5625,7.23271,25004.848111900003,22744.358658866666,6.9515076,6.889324300000001
2023-03-31,28478.484375,7.594569,25165.912565033334,22876.925195322223,6.953701033333333,6.911834422222222
2023-04-01,28411.035156,7.474482,25330.431510333332,23007.880251744446,6.9605921,6.932412633333334
2023-04-02,28199.308594,7.259294,25524.985807200002,23135.778450533333,6.9709447666666655,6.9498756
2023-04-03,27790.220703,7.239349,25706.21484366667,23259.22693143333,6.9838415,6.967845077777778
2023-04-04,28168.089844,7.379017,25897.300716066668,23384.836393244444,6.9983344999999995,6.9853449111111106
2023-04-05,28177.984375,7.325242,26088.908268166666,23510.850260433333,7.013769233333333,7.003982766666666
2023-04-06,28044.140625,7.200003,26283.0539713,23634.0966146,7.024721966666666,7.020529466666667
2023-04-07,27925.859375,7.277441,26489.979947866665,23755.994184044444,7.047822666666666,7.0366211
2023-04-08,27947.794922,7.137542,26742.80572913333,23876.62363283333,7.0804509,7.050003055555555
2023-04-09,28333.050781,7.212093,27014.332617133336,24000.36247831111,7.1133525,7.062667666666666
2023-04-10,29652.980469,7.344665,27315.01829423333,24135.992339422217,7.151241999999999,7.0759005777777775
2023-04-11,30235.058594,7.31378,27584.055273399998,24272.66080731111,7.1753687333333325,7.0873294
2023-04-12,30139.052734,7.250481,27782.105924433334,24397.877083344443,7.191172133333334,7.096986611111111
2023-04-13,30399.066406,7.464563,27970.538997333333,24514.426996533333,7.207459366666667,7.106573099999999
2023-04-14,30485.699219,7.752357,28174.196940033333,24620.08700087778,7.2475019,7.1164846
2023-04-15,30318.496094,8.013287,28349.720507766666,24724.95030383333,7.2921276666666675,7.1311438222222225
2023-04-16,30315.355469,8.136897,28446.10136713333,24826.569444466666,7.322511766666666,7.147477511111111
2023-04-17,29445.044922,8.164323,28528.740234333334,24918.608615477777,7.3635367333333335,7.162409522222222
2023-04-18,30397.552734,8.576399,28607.3694661,25026.48385418889,7.412662133333333,7.187146477777778
2023-04-19,28822.679688,7.77036,28642.550911433336,25112.438151066668,7.436416033333333,7.201106677777778
2023-04-20,28245.988281,7.518751,28644.889973933332,25174.32076825556,7.440121866666668,7.20741838888889
2023-04-21,27276.910156,7.11765,28643.8723958,25224.312825544446,7.4380334,7.210166377777777
2023-04-22,27817.5,7.179795,28626.656640600002,25280.947092033333,7.423316333333333,7.212329333333334
2023-04-23,27591.384766,7.079931,28629.926627599998,25332.691015644443,7.4190843,7.212926633333333
2023-04-24,27525.339844,7.076444,28630.947721366665,25387.01180557778,7.418804866666666,7.217561433333333
2023-04-25,28307.597656,7.27154,28641.38997396667,25444.675564255554,7.4191191666666665,7.2210189555555555
2023-04-26,28422.701172,7.00423,28684.150390633335,25504.56360678889,7.423501733333334,7.2191307
2023-04-27,29473.787109,7.170404,28757.672265633333,25575.619813377776,7.430670733333333,7.216898855555557
2023-04-28,29340.261719,7.050134,28790.73294273333,25645.7217231,7.4195911,7.215149533333333
2023-04-29,29248.488281,7.187723,28831.230468766662,25706.543077266666,7.4180915333333335,7.2129273666666665
2023-04-30,29268.806641,7.052086,28857.574544299998,25777.972721366667,7.400008766666667,7.2145473
2023-05-01,28091.568359,6.901027,28846.925651066664,25832.998111988887,7.380893599999999,7.213977511111111
2023-05-02,28680.537109,6.986553,28862.966601566663,25888.0733073,7.371802233333333,7.211421166666667
2023-05-03,29006.308594,7.123072,28903.5028646,25949.567057300002,7.367926333333333,7.211653744444444
2023-05-04,28847.710938,6.997713,28926.156901066668,26009.549153655556,7.3552162,7.2083991888888885
2023-05-05,29534.384766,7.235921,28971.370247433333,26078.466232655555,7.352238833333333,7.208375744444445
2023-05-06,28904.623047,6.943518,29000.052994833335,26144.565755222222,7.343689333333333,7.2079191
2023-05-07,28454.978516,6.909634,29017.690299533333,26207.842079011112,7.3314291,7.208779833333334
2023-05-08,27694.273438,6.591796,29009.2395834,26257.06410592222,7.313237566666667,7.2020369777777775
2023-05-09,27658.775391,6.524263,28986.763737066667,26309.501627622223,7.2903099,7.195401944444445
2023-05-10,27621.755859,6.595904,28919.056250066667,26373.9762587,7.2653512000000005,7.1910993111111114
2023-05-11,27000.789062,6.366951,28811.24726566667,26433.41631945556,7.233790233333334,7.185149611111111
2023-05-12,26804.990234,6.621964,28700.111849,26488.239822055555,7.2128396666666665,7.180878922222223
2023-05-13,26784.078125,6.50039,28579.612239633334,26543.749544277776,7.180700566666667,7.177461877777777
2023-05-14,26930.638672,6.543809,28461.1102214,26600.666623277782,7.140415633333333,7.176041311111111
2023-05-15,27192.693359,6.638051,28356.916796899997,26655.909830733333,7.094574433333333,7.174170433333334
2023-05-16,27036.650391,6.659044,28247.626627633334,26686.229926222222,7.045312666666667,7.167375377777777
2023-05-17,27398.802734,6.753897,28179.418554699998,26728.1780165,6.998298466666666,7.164328066666667
2023-05-18,26832.208984,6.534812,28060.57376303333,26753.36254341111,6.930245566666668,7.151750733333333
2023-05-19,26890.128906,6.508409,27996.15540363333,26778.34978298889,6.888180533333334,7.135085122222223
2023-05-20,27129.585938,6.512511,27958.941992199998,26809.482486988887,6.854639199999999,7.118592055555555
2023-05-21,26753.826172,6.42947,27941.505859399997,26830.86779514444,6.831699866666667,7.1010701
2023-05-22,26851.277344,6.529931,27909.298437533333,26857.70028212222,6.810037733333333,7.088772955555556
2023-05-23,27225.726562,6.50833,27897.109830733334,26891.44342447778,6.790984366666666,7.075439744444444
2023-05-24,26334.818359,6.327066,27857.425781233338,26917.96927082222,6.7660051,7.057556133333333
2023-05-25,26476.207031,6.279227,27796.379427066666,26954.3923828,6.732928,7.044484488888889
2023-05-26,26719.291016,6.352191,27739.59908853333,26993.769227422225,6.7111933666666665,7.033101788888889
2023-05-27,26868.353516,6.4402,27652.7513021,27030.515234366663,6.686853233333333,7.021416666666667
2023-05-28,28085.646484,6.638851,27610.930794266667,27081.2127387,6.673143800000001,7.0143029
2023-05-29,27745.884766,6.640285,27560.844010433335,27132.307530366666,6.654895866666667,7.008165000000001
2023-05-30,27702.349609,6.613655,27508.628776033333,27177.37196178889,6.6402815,6.9979971
2023-05-31,27219.658203,6.480095,27479.565104166668,27218.974088522224,6.626250433333334,6.989245377777778
2023-06-01,26819.972656,6.346456,27417.546289066668,27268.499565944443,6.604913866666666,6.982553622222222
2023-06-02,27249.589844,6.45637,27358.9889974,27322.90223522222,6.582690466666667,6.978152766666668
2023-06-03,27075.128906,6.416921,27299.902929666667,27374.4535156,6.563330733333333,6.972293811111111
2023-06-04,27119.066406,6.456024,27219.39231766667,27426.556944422224,6.537334166666667,6.967780744444443
2023-06-05,25760.097656,6.06595,27114.574804633332,27465.89392358889,6.5080819,6.958831066666667
2023-06-06,27238.783203,6.26066,27074.034960866666,27527.235069422222,6.486449433333333,6.955233733333333
2023-06-07,26345.998047,5.914067,27029.092447833333,27593.71258678889,6.463858466666666,6.9525156444444445
2023-06-08,26508.216797,5.995314,26990.7404947,27663.9456163,6.446226833333333,6.949963077777777
2023-06-09,26480.375,5.986427,26952.694466066667,27728.92300345556,6.425910933333332,6.947501377777778
2023-06-10,25851.240234,5.241125,26914.376171800002,27769.892903622225,6.3883833999999995,6.932514122222223
2023-06-11,25940.167969,5.173131,26885.548762966664,27789.255512133335,6.340088966666667,6.914700255555556
2023-06-12,25902.5,5.163538,26856.162825466665,27802.10468747778,6.295527233333333,6.894562388888888
2023-06-13,25918.728516,5.293572,26822.432486933332,27819.246549455558,6.253852666666668,6.880590066666667
2023-06-14,25124.675781,5.242557,26753.49856766667,27820.045290777776,6.207336199999999,6.864679433333333
2023-06-15,25576.394531,5.306049,26704.823372333332,27799.517122366666,6.162236366666666,6.8433535999999995
2023-06-16,26327.462891,5.319081,26669.112044233338,27792.42361108889,6.1144091666666665,6.825414788888889
2023-06-17,26510.675781,5.283658,26658.3942708,27775.44583331111,6.072704033333333,6.805203911111111
2023-06-18,26336.212891,5.161346,26639.930403633334,27759.545572900002,6.0278019333333335,6.7841328333333335
2023-06-19,26851.029297,5.119156,26630.645182266668,27744.82571613333,5.981356766666666,6.7587059444444435
2023-06-20,28327.488281,5.26321,26683.100585900003,27756.159613700005,5.942481433333333,6.7374049000000005
2023-06-21,30027.296875,5.563837,26788.9679036,27774.97432724445,5.910278300000001,6.714544122222223
2023-06-22,29912.28125,5.568067,26878.519726533334,27801.852061622223,5.8789362,6.696334955555555
2023-06-23,30695.46875,6.05901,27023.87473956667,27837.41608072222,5.870001,6.684936988888889
2023-06-24,30548.695312,6.136026,27159.624348933336,27865.79791665556,5.865227633333333,6.6724249333333345
2023-06-25,30480.261719,6.150531,27284.990039033335,27902.913172733333,5.858505633333334,6.664400244444446
2023-06-26,30271.130859,6.066921,27398.415950466668,27936.279839400002,5.846063,6.654528988888889
2023-06-27,30688.164062,6.19884,27485.1665364,27962.2767578,5.831395966666666,6.641376955555556
2023-06-28,30086.246094,5.82158,27563.178580666667,27985.08435328889,5.804105799999999,6.6256977333333325
2023-06-29,30445.351562,5.901479,27654.6119791,28006.93843314444,5.7803666,6.606885622222221
2023-06-30,30477.251953,6.308454,27763.198437433337,28029.896397555553,5.774645233333333,6.593929755555555
2023-07-01,30590.078125,6.497599,27888.868619733334,28056.46050345555,5.779683333333334,6.585466477777777
2023-07-02,30620.769531,6.530424,28001.241275966666,28087.911045988887,5.782151799999999,6.577589533333334
2023-07-03,31156.439453,6.620472,28137.284960866666,28121.114930533335,5.7889368333333335,6.569161255555556
2023-07-04,30777.582031,6.526224,28259.235481699998,28149.999348933332,5.791276833333333,6.560283277777779
2023-07-05,30514.166016,6.304579,28417.70442703333,28177.444075499996,5.7992311333333335,6.550334122222223
2023-07-06,29909.337891,6.09197,28506.722916633335,28199.48272567778,5.793608133333334,6.537162222222222
2023-07-07,30342.265625,6.154138,28639.9318359,28226.087955711115,5.8016105,6.5262355111111106
2023-07-08,30292.541016,6.193656,28766.075976533335,28247.86006943333,5.8082219,6.514919544444444
2023-07-09,30171.234375,6.148782,28889.104622366667,28253.618446166667,5.813633733333334,6.501631955555556
2023-07-10,30414.470703,6.168487,29041.212304666664,28255.611914044446,5.844545800000001,6.488906477777777
2023-07-11,30620.951172,6.20408,29197.238411433336,28260.96634113333,5.8789107666666665,6.477279800000001
2023-07-12,30391.646484,6.249074,29346.876627566664,28260.88389755556,5.9150953,6.463774366666667
2023-07-13,31476.048828,7.092254,29532.12063796667,28271.8877821,5.9750513666666665,6.456439888888888
2023-07-14,30334.068359,6.944936,29705.76705723333,28272.060807266666,6.0317973333333335,6.444569322222222
2023-07-15,30295.806641,6.915661,29863.080794233338,28271.84359806666,6.085451066666667,6.431000033333333
2023-07-16,30249.132812,6.616025,29993.803124933333,28280.77790795556,6.1286825333333335,6.413796722222222
2023-07-17,30145.888672,7.191558,30114.976887966666,28277.9816406,6.1922792,6.3984096
2023-07-18,29856.5625,6.92312,30232.321874933332,28289.469227399997,6.251005,6.388995822222222
2023-07-19,29913.923828,6.917885,30334.4183593,28308.00184458889,6.310962633333333,6.382319533333332
2023-07-20,29792.015625,8.342902,30383.235937433332,28335.947460911113,6.413619033333333,6.395933444444444
2023-07-21,29908.744141,8.142471,30379.28417963333,28359.18350692222,6.4995734999999994,6.406629844444444
2023-07-22,29771.802734,7.869027,30374.601562433334,28383.410373233335,6.5762721666666675,6.415397577777778
2023-07-23,30084.539062,7.89574,30354.2372395,28411.8459201,6.6374965,6.4245008666666665
2023-07-24,29176.916016,7.590984,30308.511262966666,28421.505012988888,6.6859950999999995,6.428050244444445
2023-07-25,29227.390625,7.402596,30266.748893166667,28430.44600691111,6.7277306,6.432476533333334
2023-07-26,29354.972656,7.753373,30236.2102864,28429.125846322222,6.783945666666667,6.438953966666666
2023-07-27,29210.689453,7.988919,30186.961132766668,28427.68615447778,6.843614966666666,6.449384911111111
2023-07-28,29319.246094,7.801768,30161.394466100002,28428.472352400004,6.9096212333333344,6.456207633333333
2023-07-29,29356.917969,7.852122,30125.113346333335,28429.451367155554,6.974642666666666,6.465096922222221
2023-07-30,29275.308594,7.55617,30085.0485677,28442.60403643333,7.0162332,6.472376288888889
2023-07-31,29230.111328,7.544678,30039.71634113333,28448.710416644444,7.051135833333333,6.478577677777778
2023-08-01,29675.732422,7.628018,30008.215104166666,28456.148459177773,7.0877223,6.484188188888889
2023-08-02,29151.958984,7.349018,29941.399088533337,28459.52899302222,7.112007166666667,6.488091577777778
2023-08-03,29178.679688,7.125889,29888.102343766666,28455.576714377778,7.131996,6.486869
2023-08-04,29074.091797,7.13281,29840.0998698,28457.45970048889,7.159603700000001,6.488972244444445
2023-08-05,29042.126953,7.220319,29811.192838533334,28463.98357201111,7.197215333333333,6.4924243
2023-08-06,29041.855469,7.101794,29767.845833333333,28478.95670568889,7.228803866666667,6.498090944444446
2023-08-07,29180.578125,7.29673,29730.78040363333,28495.865624955557,7.265573000000001,6.506673911111111
2023-08-08,29765.492188,7.450204,29717.255664066663,28519.684917500006,7.308953733333333,6.516166133333333
2023-08-09,29561.494141,7.694713,29688.823112000002,28548.137196155556,7.359827933333333,6.530919044444445
2023-08-10,29429.591797,7.608377,29649.11113283333,28577.299435744444,7.406637833333333,6.541879188888888
2023-08-11,29397.714844,7.484984,29615.980078166667,28606.339843733334,7.447834833333333,6.552819122222223
2023-08-12,29415.964844,7.439908,29547.310612033332,28633.954578977777,7.459423299999999,6.5627757777777775
2023-08-13,29282.914062,7.369263,29512.27213546667,28657.179253455557,7.473567533333334,6.570900355555556
2023-08-14,29408.443359,7.414638,29482.693359399997,28683.532508655553,7.4902001,6.579295844444444
2023-08-15,29170.347656,7.039225,29446.7338542,28703.216341122225,7.504306766666667,6.582466155555554
2023-08-16,28701.779297,6.753679,29398.596875033334,28723.989344600002,7.4897108,6.584898011111111
2023-08-17,26664.550781,6.209253,29292.196484400003,28721.482920988892,7.465915233333333,6.581574055555555
2023-08-18,26049.556641,6.170828,29163.38424483333,28709.482595466667,7.441013333333333,6.577777577777779
2023-08-19,26096.205078,6.172726,29040.19055993333,28702.17569442223,7.368674133333333,6.574924866666667
2023-08-20,26189.583984,6.216061,28916.2185547,28694.82354597778,7.304460466666667,6.571437422222222
2023-08-21,26124.140625,6.179046,28794.62981773333,28682.58370223333,7.248127766666666,6.56777871111111
2023-08-22,26031.65625,6.108273,28659.533723999997,28679.215234355557,7.1885455333333335,6.565347677777778
2023-08-23,26431.640625,6.345689,28568.0245443,28678.720052066667,7.1470357,6.566086144444445
2023-08-24,26162.373047,6.077851,28465.857291700002,28672.532074633335,7.1028775333333325,6.563037922222222
2023-08-25,26047.667969,6.007421,28355.613802133335,28663.413346333335,7.044679133333333,6.558229266666666
2023-08-26,26008.462891,6.00289,28248.872916733333,28640.33352863333,6.978478166666666,6.551163033333334
2023-08-27,26089.693359,6.023508,28141.2211589,28621.93140188889,6.919202833333332,6.544309955555556
2023-08-28,26106.150391,5.978857,28032.862239633334,28604.195855022223,6.856760666666667,6.537256644444444
2023-08-29,27727.392578,6.192354,27981.265039100002,28609.837348077777,6.811300133333333,6.534059522222222
2023-08-30,27297.265625,5.937587,27916.836849000003,28615.140603288888,6.757730433333333,6.529516533333333
2023-08-31,25931.472656,5.875497,27792.028190133333,28600.49485675556,6.699313066666666,6.523062388888889
2023-09-01,25800.724609,5.933749,27680.320377633332,28586.334809011114,6.652137433333333,6.517693811111111
2023-09-02,25868.798828,5.966879,27569.99101563333,28572.44294703333,6.613503766666667,6.5122588666666665
2023-09-03,25969.566406,6.025087,27466.50683593333,28574.770377588888,6.576579666666666,6.511804833333333
2023-09-04,25812.416016,6.011154,27358.8498047,28558.921853288888,6.536274166666667,6.509032544444444
2023-09-05,25779.982422,6.13513,27250.120703133336,28552.632790788888,6.504052033333333,6.5114888
2023-09-06,25753.236328,6.293779,27135.87597656667,28544.244118911112,6.470620333333333,6.514805077777778
2023-09-07,26240.195312,6.384525,27018.3660807,28541.57545571111,6.4350977,6.519228388888889
2023-09-08,25905.654297,6.277105,26896.504752566667,28542.18005641111,6.3878441,6.530739277777777
2023-09-09,25895.677734,6.167316,26778.707617133336,28541.685720466667,6.339808733333333,6.541785777777777
2023-09-10,25832.226562,6.017714,26659.858007733335,28540.90490448889,6.290899733333333,6.551276622222223
2023-09-11,25162.654297,5.823768,26518.0809895,28532.504079833332,6.2370284,6.557167688888889
2023-09-12,25833.34375,5.959389,26403.095312433332,28540.378168377778,6.190032599999999,6.565132488888888
2023-09-13,26228.324219,6.021814,26297.0913411,28547.621831577777,6.143605133333334,6.573085433333334
2023-09-14,26539.673828,6.153503,26209.402213499998,28549.979730877778,6.114081066666667,6.582356788888888
2023-09-15,26608.693359,6.362201,26139.632682233336,28551.068815077775,6.1010318,6.594340600000001
2023-09-16,26568.28125,6.283412,26136.423697866667,28553.6473524,6.103503766666667,6.606808000000001
2023-09-17,26534.1875,6.143583,26152.578059833333,28550.12688798889,6.1025956,6.618190522222222
2023-09-18,26754.28125,6.565755,26174.513932233334,28532.646809866663,6.115696566666667,6.632663244444445
2023-09-19,27211.117188,6.863013,26208.565039033336,28501.35592445555,6.137261633333334,6.647098533333333
2023-09-20,27132.007812,6.910942,26242.160611933334,28470.463997366664,6.161658166666667,6.662019366666668
2023-09-21,26567.632812,6.682,26260.026497333332,28424.59915361111,6.1807824,6.668941477777777
2023-09-22,26579.568359,6.93922,26264.9574218,28380.49774302222,6.200566766666667,6.677865855555556
2023-09-23,26579.390625,7.192823,26278.858007733335,28337.154730866663,6.237732500000001,6.689446877777778
2023-09-24,26256.826172,6.989485,26285.829947833336,28292.55134545556,6.270467966666668,6.699697588888888
2023-09-25,26298.480469,7.484897,26295.497200433332,28243.77708331111,6.3198682,6.713987111111111
2023-09-26,26217.25,7.363939,26299.74908846667,28200.78823782222,6.364549233333333,6.731124433333333
2023-09-27,26352.716797,7.642251,26307.967968666668,28155.31451821111,6.4199957,6.750466344444444
2023-09-28,27021.546875,7.822663,26284.439778566666,28116.917795122223,6.474339333333334,6.76729088888889
2023-09-29,26911.720703,7.954563,26271.588281166667,28076.0471571,6.541571866666667,6.783479377777778
2023-09-30,26967.916016,8.180992,26306.136393166667,28035.459895822223,6.6184217,6.8018190222222215
2023-10-01,27983.75,8.047098,26378.9039062,28000.20779078889,6.688866666666667,6.817670422222222
2023-10-02,27530.785156,7.471463,26434.30345046667,27964.132269955557,6.739019466666666,6.828173077777778
2023-10-03,27429.978516,7.419229,26482.983854133334,27929.863519955557,6.785490866666667,6.840558077777778
2023-10-04,27799.394531,7.679329,26549.216471300002,27906.419704844444,6.8410967,6.8581954
2023-10-05,27415.912109,7.474691,26603.747460866663,27873.904665777776,6.885748733333333,6.872868211111111
2023-10-06,27946.597656,7.652022,26676.859505133336,27847.838628444442,6.931023499999999,6.889072277777777
2023-10-07,27968.839844,7.532812,26734.480989533335,27823.3675781,6.969299733333333,6.904450388888889
2023-10-08,27935.089844,7.6935,26802.128841100002,27795.818901888888,7.0165128999999995,6.921394977777777
2023-10-09,27583.677734,7.283275,26858.39550776667,27762.071419244447,7.053711533333333,6.933386033333333
2023-10-10,27391.019531,7.2666,26910.3552734,27728.731119766664,7.095341066666667,6.944691877777778
2023-10-11,26873.320312,7.393108,26967.3774739,27677.58969181111,7.1476524,6.9480347
2023-10-12,26756.798828,7.201082,26998.159309833332,27637.84225257778,7.189042166666667,6.950880766666668
2023-10-13,26862.375,7.259516,27019.294335866663,27599.693012122225,7.230298899999999,6.954701377777778
2023-10-14,26861.707031,7.322572,27030.028775966668,27562.054947888886,7.269267866666667,6.9625519
2023-10-15,27159.652344,7.42225,27048.394075466666,27528.874544244445,7.304602833333333,6.965115144444445
2023-10-16,28519.466797,7.539671,27113.4335937,27514.017925322223,7.346478133333333,6.97196571111111
2023-10-17,28415.748047,7.332848,27176.152278600002,27497.371527755557,7.386120300000001,6.976576411111111
2023-10-18,28328.341797,7.361921,27228.6209635,27481.10848522222,7.412659166666667,6.965676622222223
2023-10-19,28719.806641,7.310982,27278.910611933334,27467.898068555554,7.427591466666667,6.956437855555556
2023-10-20,29682.949219,7.581278,27363.941992166667,27466.910807277774,7.449935999999999,6.953240644444445
2023-10-21,29918.412109,8.903846,27475.6346354,27465.064952244444,7.523997533333333,6.9644418222222235
2023-10-22,29993.896484,10.132684,27589.4455729,27474.142513000003,7.630446333333333,6.992682933333333
2023-10-23,33086.234375,10.546122,27806.340364566666,27517.01855466667,7.742222966666666,7.027610999999999
2023-10-24,33901.527344,10.394032,28061.163736966664,27567.535828977783,7.855707866666666,7.056951655555555
2023-10-25,34502.820312,11.026677,28334.641731733333,27626.337282966666,7.9737672,7.0907045222222225
2023-10-26,34156.648438,10.929611,28599.28834633333,27680.0861979,8.092622933333335,7.1254583333333334
2023-10-27,33909.800781,11.204941,28851.1911458,27730.6737847,8.211379266666667,7.162711877777778
2023-10-28,34089.574219,10.925374,29086.792057266666,27784.165624977784,8.314802966666667,7.200147477777777
2023-10-29,34538.480469,11.103345,29341.0173828,27843.14750432222,8.419762366666667,7.239688222222221
2023-10-30,34502.363281,11.23747,29592.165624966667,27896.776736088894,8.521644966666667,7.279793244444444
2023-10-31,34667.78125,11.375027,29814.966666633332,27958.06365015556,8.632575933333333,7.3245266777777776
2023-11-01,35437.253906,11.624006,30078.515624966665,28027.60336368889,8.770994033333332,7.374505755555555
2023-11-02,34938.242188,11.004576,30328.7910807,28092.760590255555,8.890505600000001,7.417525377777777
2023-11-03,34732.324219,11.484773,30559.888736966666,28155.98500432222,9.017353733333334,7.4649082
2023-11-04,35082.195312,11.497036,30815.4315104,28223.099891466667,9.1514319,7.513744222222221
2023-11-05,35049.355469,12.227702,31052.190104166668,28288.30852862222,9.303954566666668,7.5685328
2023-11-06,35037.371094,13.009284,31287.8078125,28346.884960911106,9.486503633333333,7.630300355555556
2023-11-07,35443.5625,13.068293,31538.090234366664,28412.241276011107,9.6656634,7.6900068
2023-11-08,35655.277344,14.937856,31807.1435547,28481.415559866666,9.9208161,7.771445455555556
2023-11-09,36693.125,14.635877,32117.213737000002,28562.475672711113,10.166458666666667,7.850899822222222
2023-11-10,37313.96875,15.509591,32465.2353516,28650.231271666667,10.437008099999998,7.940562966666667
2023-11-11,37138.050781,16.42251,32811.277083366665,28737.510568544443,10.744389033333333,8.041154599999999
2023-11-12,37054.519531,16.001081,33151.0152344,28822.466970455553,11.035774533333333,8.136559522222223
2023-11-13,36502.355469,14.407805,33472.37018233333,28903.933723933333,11.271948966666665,8.218432633333334
2023-11-14,35537.640625,13.968099,33751.636458366665,28979.887738688885,11.490143933333334,8.298592855555556
2023-11-15,37880.582031,15.017497,34063.673632833335,29104.51030813333,11.739404799999999,8.396462233333333
2023-11-16,36154.769531,13.888024,34321.64101563333,29216.79045135556,11.957910666666667,8.482208855555555
2023-11-17,36596.683594,13.68434,34597.25240886667,29333.462434866662,12.168657966666668,8.565671233333333
2023-11-18,36585.703125,13.748294,34859.448958333334,29448.974869766666,12.383235033333333,8.649362711111111
2023-11-19,37386.546875,14.939277,35116.235546866665,29574.11271698889,12.628501666666667,8.746698611111112
2023-11-20,37476.957031,14.465623,35368.18704426666,29701.28272566667,12.813894233333334,8.839558055555555
2023-11-21,35813.8125,13.531919,35562.1842448,29805.529079833337,12.927202066666666,8.919405055555556
2023-11-22,37432.339844,14.236408,35707.054427099996,29930.75093313333,13.0502116,9.010055688888889
2023-11-23,37289.621094,14.402032,35819.99088543334,30055.66152341111,13.183811600000002,9.103329144444444
2023-11-24,37720.28125,14.46033,35927.23958336667,30185.792838511108,13.298266700000001,9.1973007
2023-11-25,37796.792969,14.756277,36048.5777344,30315.871723066663,13.425822233333333,9.294331466666666
2023-11-26,37479.121094,14.789014,36167.55507816667,30442.23806421111,13.545291333333331,9.392222100000001
2023-11-27,37254.167969,14.201328,36273.04153649999,30548.091124111113,13.6544898,9.4812107
2023-11-28,37831.085938,14.519682,36382.79505213334,30665.133572033337,13.7683677,9.576567311111111
2023-11-29,37858.492188,14.511725,36494.66601569999,30797.656011277773,13.877509533333333,9.6725254
2023-11-30,37712.746094,14.404431,36596.16484383333,30930.011805555554,13.978489666666666,9.766644088888889
2023-12-01,38688.75,14.983229,36704.548046966665,31072.455707466663,14.090463766666666,9.866825755555556
2023-12-02,39476.332031,15.994241,36855.8177084,31222.530881077775,14.256785933333333,9.977594133333334
2023-12-03,39978.390625,15.742612,37030.6865886,31379.930598955554,14.398713899999999,10.085721444444443
2023-12-04,41980.097656,15.764349,37260.61666673333,31559.931879333333,14.540957666666666,10.192712766666666
2023-12-05,44080.648438,15.72078,37561.6597657,31763.569791666665,14.6573936,10.297457222222222
2023-12-06,43746.445312,15.290307,37851.962239633336,31958.083680555555,14.7334277,10.396410355555556
2023-12-07,43292.664062,15.712053,38113.59895836667,32151.272677944446,14.821553033333334,10.50124311111111
2023-12-08,44166.601562,16.942026,38397.309765633334,32354.2829427,14.8883587,10.62096211111111
2023-12-09,43725.984375,16.218416,38631.73841146667,32553.102473955554,14.94111,10.734303244444446
2023-12-10,43779.699219,16.333546,38847.26276043333,32759.958528644445,14.968575166666666,10.851078555555556
2023-12-11,41243.832031,14.765365,38984.12213543334,32931.186176211115,14.913337000000002,10.948922733333333
2023-12-12,41450.222656,14.521308,39130.64557293334,33100.31838106667,14.864011233333335,11.043361555555554
2023-12-13,42890.742188,14.778791,39343.5917969,33281.9969184,14.876377433333335,11.13919808888889
2023-12-14,43023.972656,15.393107,39593.13619793334,33464.38891058889,14.9238777,11.239541488888888
2023-12-15,41929.757812,14.327272,39728.10872396667,33635.0719835,14.900870199999998,11.32891771111111
2023-12-16,42240.117188,14.318156,39930.95364586667,33809.58231336667,14.915207933333333,11.4197463
2023-12-17,41364.664062,14.020899,40089.88632813333,33971.91990016667,14.926426566666667,11.502581233333332
2023-12-18,42623.539062,14.645723,40291.14752603334,34143.169032100006,14.956340866666666,11.589055788888889
2023-12-19,42270.527344,14.095596,40453.946875,34311.37480467778,14.928218166666666,11.668885277777779
2023-12-20,43652.25,14.225022,40659.78997396666,34501.20388454444,14.920198133333335,11.752696633333334
2023-12-21,43869.152344,15.286552,40928.30130209999,34693.310373266664,14.978685899999999,11.845444766666667
2023-12-22,43997.902344,15.497313,41147.15338543334,34886.84939236667,15.020716066666667,11.937716877777778
2023-12-23,43739.542969,15.68734,41362.15078126667,35081.10180122222,15.063559666666666,12.03435971111111
2023-12-24,43016.117188,15.310327,41538.67864586667,35266.853320322225,15.0918929,12.121308933333335
2023-12-25,43613.140625,15.608395,41732.556901066666,35460.14099393333,15.120296833333333,12.212914000000001
2023-12-26,42520.402344,15.090893,41900.5996094,35639.78194445556,15.130359466666668,12.295676688888891
2023-12-27,43442.855469,16.672073,42106.88919273334,35822.24092883334,15.212717633333332,12.394003466666666
2023-12-28,42627.855469,16.051332,42266.78151043333,35996.86464845555,15.263772633333332,12.483967566666669
2023-12-29,42099.402344,15.533926,42408.1451823,36164.99227432222,15.297845999999998,12.565666833333333
2023-12-30,42156.902344,15.193248,42556.28372396667,36322.47174481111,15.3241399,12.645068499999999
2023-12-31,42265.1875,14.946123,42675.498307300004,36486.18732641111,15.322903033333334,12.728120277777778
2024-01-01,44167.332031,15.535809,42831.864973966665,36672.157921022226,15.307621966666666,12.818304500000002
2024-01-02,44957.96875,15.165293,42997.85091146667,36862.80874567777,15.288378,12.90148187777778
2024-01-03,42848.175781,14.150558,43026.78684896666,37034.278342033336,15.234584966666667,12.975658177777776
2024-01-04,44179.921875,14.554019,43030.095963533335,37214.648611133336,15.195692933333333,13.052347033333334
2024-01-05,44162.691406,14.065112,43043.97083333333,37394.58029515556,15.154853099999999,13.124928144444445
2024-01-06,43989.195312,13.428382,43067.18854166667,37572.959244800004,15.078730733333334,13.188649055555553
2024-01-07,43943.097656,13.140297,43059.738411466664,37754.730577266666,14.952006433333334,13.253727077777777
2024-01-08,46970.503906,14.156994,43167.8890625,37972.28040365555,14.883292366666668,13.33028701111111
2024-01-09,46139.730469,13.705976,43246.55677083333,38186.35162762222,14.7957067,13.400429988888888
2024-01-10,46627.777344,15.031819,43426.021614599995,38407.1402778,14.8045885,13.487438177777777
2024-01-11,46368.585938,15.032686,43589.967057333335,38623.87595488889,14.821634433333333,13.573806733333331
2024-01-12,42853.167969,14.134305,43588.714583366665,38801.5588542,14.800151566666667,13.649492655555557
2024-01-13,42842.382812,14.364035,43582.66158856666,38975.811414955555,14.765849166666667,13.726623600000002
2024-01-14,41796.269531,14.797092,43578.2119792,39123.33144533334,14.781509833333333,13.80726161111111
2024-01-15,42511.96875,15.195074,43587.27369793333,39279.95611981111,14.810740433333335,13.89461967777778
2024-01-16,43154.945312,15.261762,43646.9497396,39444.69615886667,14.852102533333332,13.98239568888889
2024-01-17,42742.652344,15.730317,43650.92018233333,39600.50555556667,14.888255666666668,14.075943855555556
2024-01-18,41262.058594,14.649993,43617.30455733334,39729.1623264,14.906735566666667,14.154485133333333
2024-01-19,41618.40625,16.041307,43549.50976566667,39859.1622613,14.9672784,14.233790255555554
2024-01-20,41665.585938,15.742375,43476.05755213334,39988.847699677775,14.9824725,14.296120155555554
2024-01-21,41545.785156,15.391012,43394.32031253333,40082.84270835556,14.978929133333333,14.349952266666666
2024-01-22,39507.367188,14.544948,43253.2477865,40145.12981773333,14.940849399999998,14.396073555555555
2024-01-23,39845.550781,14.274681,43147.5622396,40204.493489611115,14.906327866666667,14.432162488888888
2024-01-24,40077.074219,14.235134,43029.6933594,40270.27599828888,14.860552499999999,14.468890522222223
2024-01-25,39933.808594,13.757712,42943.47356773333,40337.20941843333,14.816113133333333,14.497254644444443
2024-01-26,41816.871094,14.195535,42889.274088566664,40423.068272599994,14.733561866666667,14.533589766666667
2024-01-27,42120.054688,14.340298,42872.347395866665,40507.30798614445,14.676527400000001,14.569555911111113
2024-01-28,42035.59375,14.517562,42870.220442733334,40591.01054691111,14.642648600000001,14.60600137777778
2024-01-29,43288.246094,14.988256,42907.931901066666,40686.79348962222,14.635815533333332,14.646148366666665
2024-01-30,42952.609375,15.467368,42930.845963566666,40770.297439277776,14.653190366666667,14.688852388888888
2024-01-31,42582.605469,15.398607,42878.021744833335,40855.23480906667,14.648616966666667,14.737674955555553
2024-02-01,43075.773438,17.184246,42815.281901099996,40947.939800388885,14.7159154,14.801002433333332
2024-02-02,43185.859375,17.791161,42826.5380209,41037.980512199996,14.837268833333333,14.870937155555556
2024-02-03,42992.25,17.661924,42786.948958400004,41126.23489587778,14.940865666666667,14.9313174
2024-02-04,42583.582031,18.17606,42734.31197923333,41210.08168406667,15.077897266666668,14.988726022222222
2024-02-05,42658.667969,19.131561,42689.961067799995,41290.24952261111,15.268003233333333,15.056095666666668
2024-02-06,43084.671875,18.298014,42661.346875100004,41372.798350733334,15.439927133333333,15.093430755555556
2024-02-07,44318.222656,18.854925,42572.9375001,41457.521658022226,15.596524833333332,15.140309066666665
2024-02-08,45301.566406,18.231304,42544.998698,41546.27274308889,15.747369100000002,15.17055032222222
2024-02-09,47147.199219,18.467882,42562.312760500005,41657.48550351111,15.861904533333332,15.19327667777778
2024-02-10,47771.277344,19.091101,42609.0691407,41776.560590322224,15.997185033333333,15.227610233333333
2024-02-11,48293.917969,20.12896,42790.427474033335,41907.57795143333,16.197006866666666,15.29117862222222
2024-02-12,49958.222656,20.491962,43027.622135499994,42067.80664066667,16.4012711,15.363665988888886
2024-02-13,49742.441406,19.886284,43292.49453133334,42199.60507816667,16.570910833333333,15.417763622222221
2024-02-14,51826.695312,20.277943,43602.98541673333,42373.73758684444,16.7403398,15.488762722222223
2024-02-15,51938.554688,19.949381,43895.77239593333,42544.20282122223,16.896593766666665,15.558374288888889
2024-02-16,52160.203125,19.572353,44209.690755300006,42717.252821222224,17.024661633333334,15.623086055555556
2024-02-17,51662.996094,20.034607,44556.38867196666,42875.88003476667,17.204148766666666,15.679700833333335
2024-02-18,52122.546875,20.096508,44906.5266928,43038.60881081111,17.339322133333333,15.742266222222222
2024-02-19,51779.144531,19.820606,45243.64531256667,43216.001388933335,17.475263166666664,15.812140522222222
2024-02-20,52284.875,19.295195,45601.614974033335,43381.029557333335,17.605402599999998,15.868349266666668
2024-02-21,51839.179688,18.582254,46012.6753907,43542.69131948889,17.739979466666668,15.914796177777779
2024-02-22,51304.972656,18.112953,46394.65611986666,43693.63233511111,17.86792186666667,15.955380877777777
2024-02-23,50731.949219,17.939098,46749.818619866666,43837.35629344444,17.991387333333332,15.990745555555558
2024-02-24,51571.101562,18.52636,47137.72838546667,43993.9338542,18.15034226666667,16.032271622222222
2024-02-25,51733.238281,18.704636,47468.27395836667,44154.81241322222,18.300645633333332,16.082308377777775
2024-02-26,54522.402344,19.116257,47881.68554690001,44340.2714844,18.459844266666668,16.133381433333334
2024-02-27,57085.371094,19.036427,48383.3447917,44553.90347224444,18.6104731,16.1836559
2024-02-28,62504.789062,19.431786,49023.896223966665,44829.37061633333,18.758590766666668,16.2395154
2024-02-29,61198.382812,19.287716,49632.088671866666,45079.477647577776,18.8859357,16.287343033333332
2024-03-01,62440.632812,20.060907,50294.02291663333,45334.63654514444,19.0413457,16.33252821111111
2024-03-02,62029.847656,21.421598,50925.82539056667,45579.65273437778,19.182590766666667,16.395628055555555
2024-03-03,63167.371094,20.513018,51591.875781200004,45815.066883688894,19.273319333333333,16.448391044444445
2024-03-04,68330.414062,20.448757,52436.481249933335,46084.50872395556,19.366213766666664,16.500924122222223
2024-03-05,63801.199219,19.010521,53143.7351562,46307.33932292222,19.394029133333333,16.542259833333333
2024-03-06,66106.804688,20.075966,53925.339713500005,46560.82977432222,19.425509299999998,16.590747755555554
2024-03-07,66925.484375,20.127426,54720.0334635,46813.70625002223,19.4864897,16.62614108888889
2024-03-08,68300.09375,19.741352,55519.42916663333,47086.75190974445,19.516037266666668,16.665284822222223
2024-03-09,68498.882812,20.028526,56292.67304683333,47361.40950522222,19.575944666666665,16.706340155555555
2024-03-10,69019.789062,21.754612,57021.75937493333,47670.0312500111,19.685502333333332,16.783998455555555
2024-03-11,72123.90625,21.289614,57833.51367180001,48010.849956611106,19.7587861,16.859201855555554
2024-03-12,71481.289062,20.666775,58606.426041566665,48328.52269965555,19.776713266666665,16.9246239
2024-03-13,73083.5,20.768188,59377.2686197,48662.51744792221,19.7859208,16.984347022222224
2024-03-14,71396.59375,20.906294,60099.07369783333,48989.926736122216,19.81992113333333,17.057447266666667
2024-03-15,69403.773438,19.605387,60684.976302033334,49291.74513889999,19.797502599999998,17.11619427777778
2024-03-16,65315.117188,18.126289,61130.8617187,49557.86128474444,19.736732866666667,17.16180972222222
2024-03-17,68390.625,18.674498,61671.8757812,49844.162239611105,19.706804366666667,17.20657388888889
2024-03-18,67548.59375,18.324354,62201.39570306667,50125.02964412222,19.649795933333333,17.25356008888889
2024-03-19,61912.773438,16.809296,62527.7365885,50327.92434898889,19.5402222,17.282274244444444
2024-03-20,67913.671875,18.406483,63065.55416663333,50595.08567711111,19.493084766666666,17.316940144444445
2024-03-21,65491.390625,18.431383,63505.771354133336,50833.90221356667,19.464291033333335,17.34954092222222
2024-03-22,63778.761719,18.290665,63903.75742183334,51056.56019967777,19.454571400000003,17.378466755555557
2024-03-23,64062.203125,18.072218,64328.998437466675,51290.40559897778,19.453213566666665,17.409154433333335
2024-03-24,67234.171875,18.532669,64879.072526,51552.86150175556,19.472999266666665,17.441646366666667
2024-03-25,69958.8125,19.359713,65491.996223933325,51857.7327257111,19.5007777,17.4890777
2024-03-26,69987.835938,20.010675,66100.4828125,52152.676953144444,19.544312333333334,17.52617327777778
2024-03-27,69455.34375,19.302181,66598.24752603333,52450.76015626666,19.5505098,17.562293822222223
2024-03-28,70744.953125,19.160713,67053.56692706667,52769.044053833335,19.554652666666666,17.602591455555558
2024-03-29,69892.828125,18.993439,67299.83489583334,53077.22100695555,19.5400411,17.6448158
2024-03-30,69645.304688,18.943043,67581.39895836667,53381.44453126666,19.528551999999998,17.68922602222222
2024-03-31,71333.648438,19.137728,67877.83281256667,53683.292491344444,19.49777936666667,17.729247344444445
2024-04-01,69702.148438,18.380262,68133.57617196668,53958.22782121111,19.396401500000003,17.76496922222222
2024-04-02,65446.972656,17.963333,68209.5628907,54209.32556426667,19.311412,17.807333388888893
2024-04-03,65980.8125,17.706615,68131.24283863333,54451.55768232222,19.220007266666666,17.842362233333333
2024-04-04,68508.84375,17.793917,68288.164323,54722.070486144454,19.179453799999997,17.8837934
2024-04-05,67837.640625,17.347498,68345.85885423333,54987.05321184445,19.088504866666664,17.927339133333334
2024-04-06,68896.109375,17.574226,68411.54635423333,55264.30889761112,19.0033982,17.97660501111111
2024-04-07,69362.554688,17.922144,68446.96171883334,55513.10946185554,18.942757933333333,18.01844001111111
2024-04-08,71631.359375,18.100649,68551.37760426667,55796.34978303333,18.878495366666666,18.067269711111113
2024-04-09,69139.015625,17.362738,68555.35182303333,56046.474652822224,18.732099566666665,18.093168811111113
2024-04-10,70587.882812,17.425346,68504.15104176667,56315.57795142223,18.603290633333337,18.119753922222223
2024-04-11,70060.609375,17.55002,68456.7950522,56617.882855933334,18.4993988,18.15770631111111
2024-04-12,67195.867188,15.157101,68260.54062513333,56888.47712677777,18.312362566666664,18.166518155555554
2024-04-13,63821.472656,13.345825,68008.03658866667,57133.20160594445,18.060346933333335,18.15039296666667
2024-04-14,65738.726562,14.11975,67885.86835946667,57391.276692744446,17.87749236666667,18.13844492222222
2024-04-15,63426.210938,13.582573,67822.9048178,57616.512977477774,17.72603516666667,18.119787266666666
2024-04-16,63811.863281,13.488032,67670.27942716666,57850.61532122223,17.55315296666667,18.094872988888888
2024-04-17,61276.691406,13.135204,67461.2160157,58073.00013024445,17.3801813,18.078042
2024-04-18,63512.753906,13.893053,67514.54869796666,58316.270659755566,17.2829732,18.054172511111112
2024-04-19,63843.570312,13.966599,67378.87864586667,58562.692708355564,17.134977066666668,18.034441666666666
2024-04-20,64994.441406,14.964592,67362.3136719,58823.23333335555,17.01941736666667,18.029703666666666
2024-04-21,64926.644531,15.080412,67400.5764323,59105.669748277774,16.91240893333333,18.035653266666667
2024-04-22,66837.679688,15.465097,67493.09231773335,59405.582291688894,16.825504900000002,18.04888011111111
2024-04-23,66407.273438,15.196628,67465.5290365,59698.140060788886,16.714303533333332,18.059563377777778
2024-04-24,64276.898438,14.537848,67276.1319011,59968.61883683334,16.553574700000002,18.068231555555556
2024-04-25,64481.707031,14.59936,67092.59427086667,60220.45034724444,16.373197533333336,18.0727185
2024-04-26,63755.320312,14.480972,66902.59348960001,60460.842187511116,16.212490566666666,18.074281544444442
2024-04-27,63419.140625,14.25213,66658.3997396,60698.437152788894,16.048871133333332,18.071332299999998
2024-04-28,63113.230469,13.808069,66432.41315106666,60918.71475695556,15.876025466666666,18.05821911111111
2024-04-29,63841.121094,14.073785,66238.9403646,61150.80933161111,15.713716866666667,18.042734855555555
2024-04-30,60636.855469,13.133521,65882.38059896667,61351.4121093889,15.513576633333335,18.017567233333335
2024-05-01,58254.011719,13.344388,65500.776041666664,61520.0592014,15.345714166666665,17.974902144444446
2024-05-02,59123.433594,13.595815,65289.991406266665,61697.14335938889,15.200130233333335,17.928287188888888
2024-05-03,62889.835938,14.109475,65186.9588542,61918.22764758889,15.080225566666666,17.888815533333336
2024-05-04,63891.472656,14.318272,65033.0464844,62154.98198786667,14.964370733333334,17.845951222222222
2024-05-05,64031.132812,14.375482,64906.162890633335,62392.45381945556,14.865303533333332,17.7931059
2024-05-06,63161.949219,14.501929,64715.024218766666,62615.53467883333,14.762893633333334,17.75092717777778
2024-05-07,62334.816406,14.011844,64480.76627603333,62815.71905383333,14.6325503,17.697115166666666
2024-05-08,61187.941406,13.899291,64132.65234373334,62992.23433161112,14.492505033333334,17.64898168888889
2024-05-09,63049.960938,14.238003,63929.683854166666,63168.93168404444,14.3883472,17.601983033333333
2024-05-10,60792.777344,13.568573,63603.180338566664,63313.61501737778,14.259788100000002,17.54062161111111
2024-05-11,60793.710938,13.301306,63294.28372399999,63452.501605922225,14.1181643,17.46475878888889
2024-05-12,61448.394531,13.546971,63102.7013021,63580.17018231111,14.0644933,17.387592222222224
2024-05-13,62901.449219,13.378436,63072.0338542,63726.38138023333,14.065580333333335,17.3152828
2024-05-14,61552.789062,12.975332,62932.5026042,63834.44908856667,14.027433066666667,17.234142677777776
2024-05-15,66267.492188,13.888161,63027.21197920001,63993.659505233336,14.037619333333335,17.16679578888889
2024-05-16,65231.582031,15.509692,63074.535937533336,64138.89704863333,14.105008,17.12165511111111
2024-05-17,67051.875,16.252932,63267.04205733333,64309.88459203333,14.208932266666666,17.0796365
2024-05-18,66940.804688,16.311008,63381.31041673334,64474.531901066664,14.289530766666667,17.03757538888889
2024-05-19,66278.367188,16.581558,63462.4703126,64635.63437503333,14.376696066666666,17.001585966666667
2024-05-20,71448.195312,17.277952,63677.5954428,64848.560156277774,14.453808066666666,16.979172155555553
2024-05-21,70136.53125,16.735186,63851.25833343333,65051.86406252222,14.5089672,16.95864917777778
2024-05-22,69122.335938,16.347694,63927.41354176667,65249.834765655556,14.5383871,16.939035188888887
2024-05-23,67929.5625,16.605215,63978.156510500005,65440.919357666666,14.58534,16.924214266666663
2024-05-24,68526.101562,17.247709,64119.79661463333,65629.30824655555,14.6756687,16.910007033333333
2024-05-25,69265.945312,17.441204,64279.271224000004,65824.11610245556,14.770396833333333,16.8959689
2024-05-26,68518.09375,17.046471,64438.0303386,65979.62378474444,14.855913466666665,16.87297127777778
2024-05-27,69394.554688,18.778061,64637.21080736666,66116.39249134445,15.006777833333334,16.870100544444444
2024-05-28,68296.21875,18.527676,64809.9770834,66180.7417101,15.164098066666668,16.860054877777777
2024-05-29,67578.09375,18.452091,64934.5428386,66251.6273871889,15.3100416,16.850770155555555
2024-05-30,68364.992188,17.94495,65192.1473959,66317.45360247778,15.470422566666667,16.827259522222224
2024-05-31,67491.414062,18.422333,65500.06080733333,66378.13767365555,15.639687400000001,16.793934355555557
2024-06-01,67706.9375,18.414524,65786.1776042,66428.57730038889,15.800311033333335,16.770617755555556
2024-06-02,67751.601562,18.148577,65948.23645833334,66422.14605038888,15.934947766666665,16.745060199999998
2024-06-03,68804.78125,17.613609,66112.01341146667,66477.74140628889,16.044792333333334,16.729538955555554
2024-06-04,70567.765625,17.722481,66329.90117190001,66527.30763892223,16.15635896666667,16.703389122222223
2024-06-05,71082.820312,17.738054,66593.93020833333,66573.50026044445,16.2642298,16.676840544444445
2024-06-06,70757.164062,17.268896,66874.6751302,66600.8010416889,16.3727982,16.649368811111113
2024-06-07,69342.585938,16.327703,67146.4966146,66610.17552086666,16.45374526666667,16.608248555555555
2024-06-08,69305.773438,15.94452,67355.02369793334,66613.35312504445,16.510629166666668,16.543691977777776
2024-06-09,69647.992188,16.357594,67650.19752606667,66585.8429688,16.603596533333334,16.488891755555557
2024-06-10,69512.28125,15.894799,67940.81653646666,66563.96510422222,16.6900463,16.4358698
2024-06-11,67332.03125,14.99634,68136.93776043333,66500.05989588889,16.7383586,16.37173815555556
2024-06-12,68241.1875,16.001293,68314.92903646667,66464.99982644444,16.825787166666665,16.317238144444445
2024-06-13,66756.398438,15.136269,68488.38268233334,66435.58454866667,16.8978184,16.267581277777776
2024-06-14,66011.09375,14.741475,68479.83606773334,66443.31762157778,16.9262622,16.229972233333335
2024-06-15,66191.0,14.85882,68511.8166667,66418.8773438,16.90456646666667,16.18757581111111
2024-06-16,66639.046875,15.126066,68498.0557292,66408.77126741111,16.867004266666665,16.152039277777778
2024-06-17,66490.296875,14.534426,68483.03880210001,66459.63263893334,16.807784866666665,16.126762944444444
2024-06-18,65140.746094,13.967771,68445.11809896668,66428.82235247777,16.720658633333333,16.077443922222223
2024-06-19,64960.296875,14.334752,68228.85481773334,66422.9213108111,16.622551966666666,16.0319258
2024-06-20,64828.65625,14.259184,68051.92565106667,66434.5868056,16.540018566666667,15.987131566666665
2024-06-21,64096.199219,13.862212,67884.38776043332,66434.96453997778,16.457169166666667,15.940353722222222
2024-06-22,64252.578125,13.480089,67761.82161459999,66401.83572053335,16.352998300000003,15.884213944444445
2024-06-23,63180.796875,13.177006,67583.6447917,66326.52443581112,16.217308199999998,15.815517199999999
2024-06-24,60277.414062,13.614715,67284.02708336667,66218.63085941112,16.089758566666667,15.744450977777776
2024-06-25,61804.640625,14.195657,67060.24531253333,66133.62304691112,15.994731433333333,15.687711822222221
2024-06-26,60811.277344,13.904292,66774.13606773334,66023.24887156667,15.832272466666666,15.629307144444445
2024-06-27,61604.800781,14.387674,66551.0888021,65931.15967885556,15.6942724,15.578131977777778
2024-06-28,60320.136719,13.758755,66309.15690106667,65827.54670142222,15.537827866666667,15.520528777777779
2024-06-29,60887.378906,13.511538,66059.903125,65711.47703995556,15.390047466666665,15.458015555555555
2024-06-30,62678.292969,14.260199,65899.46575523334,65633.4342014111,15.251309666666666,15.412237077777778
2024-07-01,62851.980469,14.327779,65737.6338542,65604.60095488888,15.115084833333333,15.371842033333332
2024-07-02,62029.015625,14.404244,65546.88098963333,65560.69210072221,14.990273733333334,15.335149022222224
2024-07-03,60173.921875,13.620819,65259.18567713333,65468.081857666664,14.857180733333333,15.288781266666668
2024-07-04,56977.703125,12.553676,64806.18359379999,65347.41588544444,14.684887233333333,15.235516577777778
2024-07-05,56662.375,12.305856,64325.5020834,65211.48550349999,14.503813966666666,15.176979133333333
2024-07-06,58303.539062,13.201163,63910.38125006667,65088.6075521,14.368222866666667,15.124523788888887
2024-07-07,55849.109375,12.351335,63460.59869796667,64913.24921876667,14.235677266666666,15.060642522222222
2024-07-08,56705.097656,13.114887,63040.5761719,64775.09457466668,14.141356166666668,15.013444177777776
2024-07-09,58009.226562,12.820454,62652.61731770001,64635.33172744444,14.0234515,14.96227871111111
2024-07-10,57742.496094,12.796518,62260.29114583333,64498.46380209999,13.920175466666667,14.909462022222222
2024-07-11,57344.914062,12.350228,61927.38723956667,64389.00876736667,13.831971733333335,14.878274544444444
2024-07-12,57899.464844,12.738323,61582.66315103334,64323.20868056667,13.723206066666666,14.871524522222222
2024-07-13,59231.953125,13.021287,61331.84830726667,64250.91119793334,13.652706666666667,14.85931937777778
2024-07-14,60787.792969,13.42687,61157.73828123333,64221.59544272222,13.6088865,14.857589344444445
2024-07-15,64870.152344,14.422127,61113.71002603333,64233.35421008889,13.594330066666666,14.86796817777778
2024-07-16,65097.148438,14.221346,61062.31341146667,64275.80373266666,13.564172733333333,14.880036422222222
2024-07-17,64118.792969,13.75462,60983.26328126666,64282.53750003333,13.5381792,14.878498277777778
2024-07-18,63974.066406,13.600838,60944.373958333344,64283.987456633324,13.525948099999999,14.874434266666665
2024-07-19,66710.15625,14.07593,61002.70260416667,64303.0509549,13.517320699999999,14.864560244444444
2024-07-20,67163.648438,14.268175,61080.53567709999,64327.90655386666,13.5176204,14.855535388888889
2024-07-21,68154.523438,14.80657,61215.81315106667,64342.538151088884,13.549099,14.848218422222223
2024-07-22,67585.25,13.929007,61326.902213566675,64355.62677955555,13.564062933333332,14.834133744444443
2024-07-23,65927.671875,13.919931,61418.464713566675,64373.96870663333,13.588827100000001,14.827268000000002
2024-07-24,65372.132812,13.395512,61588.2886719,64383.86232642222,13.581520333333334,14.813891911111112
2024-07-25,65777.226562,12.946199,61720.708203133334,64406.32795142223,13.539871733333333,14.796838877777777
2024-07-26,67912.0625,13.540453,61957.401041666664,64456.2493055889,13.527743766666667,14.788931355555555
2024-07-27,67813.335938,13.567427,62164.352213566664,64508.47269968888,13.5004022,14.786257555555554
2024-07-28,68255.867188,13.293225,62428.87656253333,64557.525434066665,13.484884533333334,14.777584666666666
2024-07-29,66819.914062,13.543047,62626.6277344,64626.22608509999,13.485934833333335,14.782134955555554
2024-07-30,66201.015625,13.140532,62744.05182293333,64714.526128499994,13.448612599999999,14.77986988888889
2024-07-31,64619.25,12.828847,62802.960807300005,64775.59075523334,13.3986482,14.771348022222224
2024-08-01,65357.5,12.899767,62913.91028646667,64803.00924481111,13.348498966666666,14.757906822222221
2024-08-02,61415.066406,11.917962,62955.28177083333,64775.49361981111,13.291737066666666,14.731236711111109
2024-08-03,60680.09375,11.701331,63078.69479166667,64738.25985245556,13.263325566666667,14.70152392222222
2024-08-04,58116.976562,10.871527,63127.181510400005,64682.20460071111,13.2155146,14.66118612222222
2024-08-05,53991.457031,9.50157,62983.445442699995,64589.50060765556,13.092194833333334,14.611071966666668
2024-08-06,56034.316406,10.054565,62989.6190104,64532.23810765555,13.015635833333333,14.568352788888888
2024-08-07,55027.460938,9.485442,62933.69778646667,64443.09921876667,12.894654333333333,14.515546555555556
2024-08-08,61710.136719,10.736471,63057.06145836667,64453.29210071111,12.825188233333334,14.484078755555556
2024-08-09,60880.113281,10.548674,63161.648697933335,64454.25212674444,12.7502601,14.453493955555555
2024-08-10,60945.8125,10.554251,63281.67864586667,64448.66788195556,12.690394199999998,14.42024151111111
2024-08-11,58719.484375,10.008924,63309.01263023333,64402.201605911105,12.599414233333334,14.382802488888888
2024-08-12,59354.515625,10.557687,63313.0980469,64377.776345499995,12.517294233333333,14.355939766666665
2024-08-13,60609.566406,10.576763,63307.15716146667,64314.91050347778,12.422290666666667,14.319146455555554
2024-08-14,58737.269531,10.401407,63102.727734366665,64242.7514757,12.288266666666665,14.262387733333334
2024-08-15,57560.097656,10.173847,62851.4927083,64137.287282988895,12.153350033333334,14.194842344444444
2024-08-16,58894.105469,10.143065,62677.3364583,64047.87951388889,12.032964866666667,14.126309644444445
2024-08-17,59478.972656,10.150434,62527.49999996667,63972.33068575556,11.9179514,14.05485271111111
2024-08-18,58483.964844,10.095947,62253.293619766664,63828.283680555556,11.7852853,13.975052655555555
2024-08-19,59493.453125,10.183764,61997.620442666666,63710.02725694444,11.649138266666665,13.902259077777778
2024-08-20,59012.792969,10.245039,61692.896093699994,63597.69900173334,11.497087233333334,13.8344518
2024-08-21,61175.191406,11.214466,61479.22747389999,63522.65043402222,11.406602533333334,13.77455458888889
2024-08-22,60381.914062,11.467952,61294.368880133334,63432.1594618,11.3248699,13.710335066666667
2024-08-23,64094.355469,12.062475,61251.77630203334,63374.69735243334,11.280435333333333,13.650571411111112
2024-08-24,64178.992188,12.347854,61198.5018229,63326.48511285556,11.260490500000001,13.598364555555557
2024-08-25,64333.542969,12.108485,61079.21783853333,63270.25164931111,11.212758233333334,13.524258155555556
2024-08-26,62880.660156,11.854799,60914.79531246667,63210.07877604445,11.155670633333333,13.45011507777778
2024-08-27,59504.132812,11.170318,60623.07083326667,63120.36809895556,11.084907066666666,13.369206488888889
2024-08-28,59027.625,11.18187,60363.327864533334,63016.61957464445,11.006201166666667,13.294061155555555
2024-08-29,59388.179688,10.937603,60136.2333333,62926.58363715556,10.9327702,13.210897488888888
2024-08-30,59119.476562,11.119161,59952.907552033335,62831.167404511114,10.875780666666666,13.1298379
2024-08-31,58969.898438,11.024574,59739.987499966664,62733.592925355566,10.813274233333333,13.050682311111112
2024-09-01,57325.488281,10.372398,59603.668229133335,62606.0452257,10.761755433333333,12.970224411111111
2024-09-02,59112.480469,10.761755,59551.4144531,62478.76427952223,10.730436233333334,12.892883011111111
2024-09-03,57431.023438,10.314515,59528.54934896667,62327.077647588885,10.711869166666666,12.810399244444445
2024-09-04,57971.539062,10.335188,59661.21875,62185.015147588885,10.739656433333332,12.733358044444445
2024-09-05,56160.488281,10.01602,59665.424479166664,62038.54739584445,10.7383716,12.663228233333335
2024-09-06,53948.753906,9.575072,59629.467578100004,61867.913845488896,10.741359266666667,12.59245658888889
2024-09-07,54139.6875,10.018678,59377.1192708,61695.59934895556,10.717432833333334,12.52202418888889
2024-09-08,54841.566406,10.335867,59175.83437496667,61532.59140624444,10.710339266666665,12.460258277777779
2024-09-09,57019.535156,10.545119,59044.9584635,61418.00811631112,10.710034866666666,12.410800266666666
2024-09-10,57648.710938,10.597156,59009.2660156,61300.3139322889,10.7296426,12.350754299999998
2024-09-11,57343.171875,10.40683,58942.22122393334,61195.722526033336,10.724614033333332,12.298204977777777
2024-09-12,58127.011719,10.786038,58859.46940103333,61108.12161457778,10.731589866666667,12.254255677777776
2024-09-13,60571.300781,11.458701,58920.60377603334,61045.68051214445,10.766833,12.216476577777778
2024-09-14,60005.121094,11.297834,59002.104557299994,60971.970225688885,10.804299233333332,12.173940666666669
2024-09-15,59182.835938,10.823187,59011.72890626667,60890.77621527778,10.826969966666667,12.13270467777778
2024-09-16,58192.507812,10.554821,58968.846744799994,60813.573567700005,10.840449533333333,12.094783011111112
2024-09-17,60308.539062,10.62753,59029.665885400005,60761.88736977778,10.858168966666666,12.053591655555556
2024-09-18,61649.679688,10.853249,59101.54010416667,60726.56540797778,10.880485133333334,12.015747933333333
2024-09-19,62940.457031,11.205125,59232.462239566674,60713.72382811111,10.912488,11.986224744444444
2024-09-20,63192.976562,11.426664,59299.72174476667,60701.95047741111,10.919561266666667,11.96340891111111
2024-09-21,63394.839844,11.513563,59400.152604166666,60704.32873262222,10.921081633333333,11.944926211111111
2024-09-22,63648.710938,11.132943,59385.29778646666,60741.7875868,10.890097233333334,11.917350966666667
2024-09-23,63329.800781,11.398932,59356.991406233334,60758.733810755555,10.858466499999999,11.886276244444444
2024-09-24,64301.96875,12.162094,59355.93893226667,60797.51927082223,10.860253466666668,11.866918488888887
2024-09-25,63143.144531,12.111526,59364.68841143334,60814.611979155554,10.868811033333333,11.841627955555557
2024-09-26,65181.019531,12.551837,59553.91796873333,60868.621788177785,10.914861666666665,11.828217755555556
2024-09-27,65790.664062,12.680975,59779.35260413333,60923.102734355554,10.964831833333333,11.818989277777778
2024-09-28,65887.648438,12.943388,59996.00156246666,60958.76223956667,11.031691333333333,11.804358044444443
2024-09-29,65635.304688,12.482324,60213.19583333333,60989.688064222224,11.0771301,11.783852988888889
2024-09-30,63329.5,11.850573,60358.515885400004,61004.13789061111,11.1046634,11.755478866666666
2024-10-01,60837.007812,11.025396,60475.56653643333,61011.505512133335,11.12643,11.726640833333333
2024-10-02,60632.785156,10.662164,60526.24335933333,61052.117534699995,11.1231103,11.705624033333333
2024-10-03,60759.402344,10.650413,60637.18932286666,61097.640060744445,11.134306900000002,11.687230222222224
2024-10-04,62067.476562,11.068583,60773.72057286667,61139.46158852222,11.1587534,11.663534888888892
2024-10-05,62089.949219,11.261728,60971.3692708,61208.80425345555,11.200277,11.651428144444445
2024-10-06,62818.953125,11.276307,61267.042578099994,61276.73598088888,11.256984833333332,11.630999477777777
2024-10-07,62236.660156,11.160425,61536.941666633335,61323.70746526666,11.295043066666667,11.612554711111109
2024-10-08,62131.96875,10.825778,61779.9550781,61372.479383666665,11.311373433333333,11.590657600000002
2024-10-09,60582.101562,10.529768,61898.707291633335,61408.448133666665,11.310861733333335,11.570430266666666
2024-10-10,60274.5,10.53886,61986.233593699995,61434.837413177775,11.308918533333333,11.54599178888889
2024-10-11,62445.089844,10.898592,62156.297525999995,61470.53893227778,11.3253106,11.52240628888889
2024-10-12,63193.023438,11.016416,62325.1645833,61497.263715266665,11.332989866666669,11.495623466666666
2024-10-13,62851.375,10.731656,62401.16705726666,61474.83285588888,11.308755033333334,11.454618233333333
2024-10-14,66046.125,11.264221,62602.53385413333,61485.37703991111,11.3076346,11.421761288888888
2024-10-15,67041.109375,11.436711,62864.47630203333,61517.8472222,11.328085399999999,11.396006744444446
2024-10-16,67612.71875,11.238663,63178.4833333,61558.27669268889,11.350880133333334,11.369760355555554
2024-10-17,67399.835938,11.021686,63414.85989583333,61565.939800333326,11.364018666666668,11.33582431111111
2024-10-18,68418.789062,11.47706,63640.496874966666,61579.88580726666,11.384812366666667,11.304811922222221
2024-10-19,68362.734375,11.421702,63821.239453099995,61582.19926212222,11.3920316,11.267202277777779
2024-10-20,69001.703125,11.96279,64014.86367186667,61597.937630177774,11.409902466666667,11.245355422222222
2024-10-21,67367.851562,11.709382,64147.2973958,61613.939626700005,11.416429766666669,11.220793766666667
2024-10-22,67361.40625,11.966222,64271.0539062,61636.04266490001,11.444205733333332,11.204912766666666
2024-10-23,66432.195312,11.246938,64374.46705723333,61643.32009545555,11.439139266666666,11.186032088888888
2024-10-24,68161.054688,11.590441,64503.103255166665,61646.08667532223,11.420084166666665,11.16436528888889
2024-10-25,66642.414062,11.093418,64619.74557286666,61633.07643225556,11.386147233333334,11.136876299999999
2024-10-26,67014.695312,11.002805,64680.8680989,61619.285633633335,11.334512833333333,11.111427188888888
2024-10-27,67929.296875,10.980672,64752.15585933333,61631.61210933334,11.277836066666667,11.082956355555554
2024-10-28,69907.757812,11.178171,64886.15950513333,61672.79813363334,11.2189955,11.061152344444444
2024-10-29,72720.492188,11.788102,65122.3324218,61762.81193572223,11.195854766666667,11.04958851111111
2024-10-30,72339.539062,12.394708,65422.66705719999,61840.39014752222,11.213992600000001,11.043976744444445
2024-10-31,70215.1875,11.422246,65735.2730468,61938.16927078889,11.227220933333335,11.038468788888888
2024-11-01,69482.46875,11.265908,66030.26249993333,62035.973437455556,11.247345733333333,11.033630755555555
2024-11-02,69289.273438,11.174642,66314.5915364,62160.110069411116,11.264820033333333,11.0369987
2024-11-03,68741.117188,10.764085,66537.04622393333,62323.99518226666,11.2546701,11.051026644444445
2024-11-04,67811.507812,10.248169,66727.7648437,62454.852864555556,11.220884799999999,11.0531778
2024-11-05,69359.5625,10.842792,66945.7851562,62614.098437466666,11.206434300000002,11.068259466666667
2024-11-06,75639.078125,12.168526,67392.53242183333,62768.864453088885,11.240037666666666,11.084171188888888
2024-11-07,75904.859375,12.606694,67851.628776,62935.806076355555,11.299401533333334,11.107038077777778
2024-11-08,76545.476562,13.718581,68383.741276,63109.13567704445,11.405695299999998,11.142197300000001
2024-11-09,76778.867188,13.762723,68933.88684893334,63309.79548607778,11.5131574,11.183906177777779
2024-11-10,80474.1875,14.289252,69534.8567708,63544.45850691111,11.626179400000002,11.22536801111111
2024-11-11,88701.484375,14.895794,70385.13880203334,63856.590928788886,11.755492,11.273357244444444
2024-11-12,87955.8125,14.004613,71221.95338536667,64181.24140622222,11.864590566666665,11.313392866666668
2024-11-13,90584.164062,13.475764,72039.88802076667,64548.1754774,11.938308666666668,11.350080833333333
2024-11-14,87250.429688,12.971003,72713.5320312,64863.245746500004,11.989451733333334,11.381502366666668
2024-11-15,91066.007812,13.849989,73495.30833326667,65214.21280378888,12.076495933333332,11.422608533333333
2024-11-16,90558.476562,14.526206,74267.26302073333,65570.59626732222,12.193313266666667,11.471833633333333
2024-11-17,89845.851562,13.778284,74981.4984374,65907.84513884444,12.270020733333332,11.511772744444444
2024-11-18,90542.640625,15.220886,75720.82864573335,66258.17677946667,12.396660200000001,11.567059933333333
2024-11-19,92343.789062,14.64631,76498.89817696667,66604.4945312,12.486110866666667,11.605191533333333
2024-11-20,94339.492188,14.247102,77397.95286450001,66981.80095482222,12.570701533333333,11.636070977777779
2024-11-21,98504.726562,14.90804,78436.06354156668,67364.1384114111,12.668762133333333,11.667688366666669
2024-11-22,98997.664062,16.531857,79521.57916656666,67751.01254334443,12.8449261,11.714177288888889
2024-11-23,97777.28125,17.385506,80508.78671863333,68122.60963535555,13.038094933333333,11.772810855555553
2024-11-24,98013.820312,17.944859,81554.50026029999,68512.97808153334,13.266476299999999,11.84047818888889
2024-11-25,93102.296875,17.387096,82424.08697906666,68886.29101556666,13.479286,11.9095535
2024-11-26,91985.320312,17.338844,83225.95442696667,69252.48763014445,13.691225066666666,11.977964322222222
2024-11-27,95962.53125,18.696129,84094.44687490001,69658.86931416666,13.941823666666668,12.064170166666667
2024-11-28,95652.46875,17.960947,84858.84609363334,70064.79144958888,14.147585166666666,12.140190011111113
2024-11-29,97461.523438,18.290644,85696.24557283333,70492.47617181111,14.344116366666666,12.220924122222222
2024-11-30,96449.054688,19.022661,86570.70781243333,70927.18246522221,14.597463533333332,12.317038155555554
2024-12-01,97279.789062,18.889429,87497.28515616666,71351.26367181112,14.8515809,12.407345644444444
2024-12-02,95865.304688,25.091211,88383.15286449999,71778.31124125555,15.315466533333334,12.571531155555554
2024-12-03,96002.164062,24.217163,89291.85442696666,72200.87374125555,15.763902466666666,12.725775322222221
2024-12-04,98768.53125,24.105141,90323.75520823333,72674.29644091112,16.225801533333332,12.88232111111111
2024-12-05,96593.570312,23.400967,91231.55546863333,73148.12773431111,16.644407366666666,13.035942166666668
2024-12-06,99920.710938,25.81105,92040.94322906666,73656.80577251111,17.099158166666665,13.211412966666666
2024-12-07,99923.335938,24.800467,92841.55911449999,74157.71432286667,17.505617266666665,13.372130744444444
2024-12-08,101236.015625,26.144575,93664.57708326666,74649.0085503,17.919817066666667,13.545458033333334
2024-12-09,97432.71875,22.346537,94353.038802,75091.05308154444,18.205944199999998,13.67600671111111
2024-12-10,96675.429688,22.216991,94893.08020826666,75528.07816835555,18.47020216666667,13.807230722222224
2024-12-11,101173.03125,24.09306,95308.79843743333,76006.36727425555,18.776777700000004,13.955086522222222
2024-12-12,100043.0,29.286852,95711.70468743333,76444.94171002222,19.286185666666665,14.153177088888889
2024-12-13,101459.257812,29.024141,96074.20781243333,76905.5432291111,19.804464900000003,14.350136055555554
2024-12-14,101372.96875,29.112492,96544.9591145,77374.32248257777,20.34251453333333,14.553350555555555
2024-12-15,104298.695312,29.223511,96986.04869783334,77886.61345480001,20.854965266666667,14.760780444444446
2024-12-16,106029.71875,28.744183,97501.75677076666,78394.62656244445,21.328897833333333,14.962076588888888
2024-12-17,106140.601562,27.823748,98044.9151041,78888.97013882223,21.79707996666667,15.150637688888889
2024-12-18,100041.539062,24.891148,98361.545052,79301.20438361111,22.11942203333333,15.302704611111112
2024-12-19,97490.953125,22.892488,98533.11718743334,79682.29301208889,22.394294633333335,15.430102655555556
2024-12-20,97755.929688,23.364502,98646.99843743333,80064.08289924444,22.698207966666665,15.561779755555555
2024-12-21,97224.726562,22.126738,98604.33177076667,80437.14973951111,22.938831233333335,15.683933033333334
2024-12-22,95104.9375,22.047066,98474.5742187,80790.20681416667,23.12267153333333,15.802245633333333
2024-12-23,94686.242188,24.479013,98371.53958330001,81127.80985236667,23.359121766666664,15.939100288888891
2024-12-24,98676.09375,25.439577,98393.61536456668,81522.62039924445,23.608945700000003,16.087189744444444
2024-12-25,99299.195312,24.43117,98600.17864580001,81901.71124125556,23.843748166666668,16.219182333333332
2024-12-26,95795.515625,22.65229,98727.18515623333,82235.09848084445,24.020863033333335,16.32997472222222
2024-12-27,94164.859375,21.529095,98667.2627604,82549.28971347777,24.11529523333333,16.425371466666668
2024-12-28,95163.929688,21.966082,98650.978125,82877.38554681111,24.248799733333335,16.530746555555556
2024-12-29,93530.226562,20.938786,98519.9348958,83212.94917527778,24.337071133333332,16.6317267
2024-12-30,92643.210938,20.583473,98393.07343746668,83566.35143223334,24.3890982,16.737927555555558
2024-12-31,93429.203125,20.001366,98264.72057290001,83930.75607633335,24.426162766666668,16.84169646666667
2025-01-01,94419.757812,21.674845,98216.53567703333,84304.76002597778,24.312283900000004,16.964190155555556
2025-01-02,96886.875,22.040438,98246.02604163335,84691.64223084445,24.239726400000002,17.086099655555554
2025-01-03,98107.429688,23.398355,98223.98932290002,85091.83645827779,24.216166866666665,17.220951066666668
2025-01-04,98236.226562,23.613359,98278.74453123333,85485.36171868889,24.2232466,17.358029422222224
2025-01-05,98314.960938,23.635233,98225.21953123335,85886.23172737777,24.150719366666667,17.496638400000002
2025-01-06,102078.085938,23.819811,98297.04453123333,86330.07747391112,24.118030833333332,17.641016544444444
2025-01-07,96922.703125,21.394884,98153.2674479,86733.86193572223,23.9597078,17.761740055555556
2025-01-08,95043.523438,20.45516,98073.62760416667,87120.18441836667,23.8966619,17.871921166666667
2025-01-09,92484.039062,19.64579,97933.9145833,87453.95052078889,23.810955200000002,17.969112255555554
2025-01-10,94701.453125,20.266521,97718.19531246666,87804.04418397779,23.6834039,18.0718912
2025-01-11,94566.59375,20.192392,97535.64843746666,88156.43550342222,23.380255233333333,18.17701048888889
2025-01-12,94488.4375,19.837339,97303.2877604,88472.46119786668,23.0740285,18.272267355555556
2025-01-13,94516.523438,19.361107,97074.73958333333,88777.74357634444,22.748982333333338,18.3603162
2025-01-14,96534.046875,20.310087,96815.91796876668,89099.09166662222,22.4518682,18.4611098
2025-01-15,100504.492188,22.114241,96631.74375003335,89466.92118051111,22.230870133333333,18.58436041111111
2025-01-16,99756.90625,23.005604,96418.9539063,89815.1224826,22.07026533333333,18.712455344444443
2025-01-17,104462.039062,25.112717,96566.3039063,90216.22586801111,22.07765096666667,18.86457773333333
2025-01-18,104408.070312,24.112377,96796.87447919999,90609.62994786668,22.118313933333333,18.999573144444444
2025-01-19,101089.609375,24.249273,96907.99713543332,90984.3161457889,22.1478063,19.138905266666665
2025-01-20,102016.664062,25.068966,97067.72838543334,91369.37456592222,22.245880566666667,19.28449131111111
2025-01-21,106146.265625,26.594463,97435.77265626666,91810.64201384444,22.39746046666667,19.455019366666665
2025-01-22,103653.070312,25.291143,97734.66692706666,92204.997743,22.424531466666668,19.607249388888892
2025-01-23,103960.171875,25.655148,97910.80286456666,92619.63949647777,22.431717166666665,19.76904638888889
2025-01-24,104819.484375,25.189669,98094.8125,93039.69270828889,22.457000466666667,19.926678211111113
2025-01-25,104714.648438,24.924709,98392.11692710001,93448.41883676666,22.532747766666667,20.081611955555555
2025-01-26,102682.5,24.911713,98676.03828126666,93812.58263885554,22.6455017,20.234206866666668
2025-01-27,102087.6875,24.14934,98906.83020833334,94138.88480898889,22.718276966666668,20.371553955555555
2025-01-28,101332.476562,22.615997,99166.90520833334,94461.0285589889,22.774184,20.485123833333333
2025-01-29,103703.210938,23.622232,99535.571875,94833.11770830001,22.875475966666666,20.620679233333334
2025-01-30,104735.304688,24.473808,99912.4419271,95224.81588538889,23.024557366666667,20.767433677777777
2025-01-31,102405.023438,25.148338,100178.61744796667,95592.76866316667,23.140340466666665,20.922696966666667
2025-02-01,100655.90625,23.048159,100304.25182296666,95947.37743052223,23.173931166666662,21.059186677777777
2025-02-02,97688.976562,20.427498,100290.30338543332,96279.34930552222,23.074902599999998,21.172290333333333
2025-02-03,101405.421875,21.643274,100395.9432292,96635.41440968888,23.0092331,21.29229568888889
2025-02-04,97871.820312,20.063238,100381.171875,96882.44487843334,22.8901666,21.38001471111111
2025-02-05,96615.445312,19.20437,100199.08385413334,97112.56249995554,22.736318566666668,21.453322222222223
2025-02-06,96593.296875,18.594286,100188.1036458,97335.31605898889,22.6429653,21.507496722222225
2025-02-07,96529.085938,18.386972,100237.6223958,97554.7629339889,22.5740257,21.558877266666666
2025-02-08,96482.453125,18.464569,100370.90286456668,97732.63255204445,22.534651666666665,21.605269677777777
2025-02-09,96500.09375,18.305155,100430.85755206668,97819.28376732222,22.4692728,21.643151466666666
2025-02-10,97437.554688,18.766146,100526.55625,97924.6364583,22.42173126666667,21.69605738888889
2025-02-11,95747.429688,18.642302,100568.52265626666,97982.00607636668,22.381896700000002,21.75346336666667
2025-02-12,97885.859375,19.180674,100680.83385416666,98100.17751733333,22.375882266666665,21.82245971111111
2025-02-13,96623.867188,18.558941,100683.82786460001,98161.93151040001,22.317510733333332,21.8747814
2025-02-14,97508.96875,19.414375,100583.97708333333,98239.15920137777,22.227515200000003,21.929094388888892
2025-02-15,97580.351562,18.983059,100511.42526039999,98325.09809026666,22.093430366666666,21.986925222222222
2025-02-16,96175.03125,18.705296,100235.19166666667,98387.68020832221,21.879849666666665,22.02564088888889
2025-02-17,95773.382812,19.099895,99947.36875,98425.78680554444,21.712766933333334,22.075125166666666
2025-02-18,95539.546875,17.832607,99762.36666666667,98439.1207465111,21.49887806666667,22.11496411111111
2025-02-19,96635.609375,17.978579,99582.99817709999,98418.35277776666,21.262531833333334,22.14908121111111
2025-02-20,98333.9375,18.298744,99322.58723959999,98410.97803818887,20.986007866666665,22.16871328888889
2025-02-21,96125.546875,17.394213,99071.6697917,98392.62543402221,20.722776866666667,22.168810033333333
2025-02-22,96577.757812,17.764296,98825.58932293333,98376.66918402223,20.459748466666667,22.166803777777776
2025-02-23,96273.921875,17.638788,98540.7372396,98411.90946180001,20.208052433333332,22.169600355555556
2025-02-24,91418.171875,15.247294,98097.52135416666,98405.6078125,19.885471933333335,22.14636091111111
2025-02-25,88736.171875,15.29446,97632.64375,98325.31493055556,19.564896833333332,22.10856458888889
2025-02-26,84347.023438,15.20754,97041.28828126665,98199.69887153333,19.266836833333333,22.077971177777776
2025-02-27,84704.226562,15.106882,96487.01328126667,98057.95112846668,19.016533,22.042596044444444
2025-02-28,84373.007812,14.816688,95842.67317706667,97923.77282984443,18.72301486666667,21.995863011111112
2025-03-01,86031.914062,14.788806,95219.22682286667,97798.79644095556,18.400181466666666,21.950300533333333
2025-03-02,94248.351562,17.413004,94947.33776033334,97780.83029511111,18.142337,21.86498712222222
2025-03-03,86065.671875,14.4502,94460.99661449999,97670.42482636668,17.855738366666667,21.75646531111111
2025-03-04,87222.195312,14.875399,94112.10390616668,97542.13220483334,17.670668400000004,21.653912622222222
2025-03-05,90623.5625,16.462271,93752.70859366668,97475.79878469999,17.497968300000004,21.576816
2025-03-06,89961.726562,17.070051,93489.038802,97365.14340274446,17.398195400000002,21.479693788888888
2025-03-07,86742.671875,15.938859,93159.9463541,97218.69157982222,17.289345033333333,21.381231477777778
2025-03-08,86154.59375,15.251074,92811.98958326667,97051.12022565556,17.177904633333334,21.26019257777778
2025-03-09,80601.039062,13.773411,92281.05468739998,96864.10156245554,17.024119266666666,21.164935622222224
2025-03-10,78532.0,12.693139,91682.70624989999,96662.50789925555,16.83173826666667,21.059115044444443
2025-03-11,82862.210938,13.099883,91228.11015616666,96459.05434023334,16.6582292,20.936968633333336
2025-03-12,83722.359375,13.482376,90770.93697906667,96277.71388884446,16.482103533333333,20.761363344444444
2025-03-13,81066.703125,13.027454,90281.57942696667,96051.12994787778,16.294941933333334,20.58362237777778
2025-03-14,83969.101562,13.679569,89817.68749986666,95857.75364578888,16.111571766666668,20.412145455555557
2025-03-15,84343.109375,14.037821,89408.3289061,95636.02491315556,15.960867766666668,20.243415566666666
2025-03-16,82579.6875,13.371052,88910.68619776666,95375.46901037778,15.759423666666667,20.072603
2025-03-17,84075.6875,14.035404,88460.53072903333,95130.30329857777,15.594501833333334,19.919399177777777
2025-03-18,82718.5,13.923292,88011.97968736666,94937.82508677778,15.4351017,19.79753411111111
2025-03-19,86854.226562,15.012787,87714.67447903333,94819.6392360778,15.298864766666668,19.70998187777778
2025-03-20,84167.195312,14.215102,87335.5960936,94668.65329856666,15.178281266666668,19.608321877777776
2025-03-21,84043.242188,13.959059,86915.8505207,94522.19236107779,15.044297266666666,19.517569888888886
2025-03-22,83832.484375,14.226722,86432.46874986666,94396.94288191112,14.9085632,19.430677177777778
2025-03-23,86054.375,14.43569,86096.7630207,94301.03324648889,14.809945766666667,19.3190847
2025-03-24,87498.914062,15.089212,85794.1348957,94176.84236106665,14.7207763,19.204080644444446
2025-03-25,87471.703125,15.455079,85500.72760403334,94045.42578121112,14.647986,19.1043463
2025-03-26,86900.882812,15.259174,85350.15130193332,93946.59652773332,14.648382,19.022200566666665
2025-03-27,87177.101562,15.507801,85298.1822915,93868.95477425556,14.655493366666667,18.955297299999998
2025-03-28,84353.148438,14.244856,85298.38645816667,93748.83498258889,14.623403900000001,18.8695059
2025-03-29,82597.585938,13.545989,85228.16510403334,93627.36119787778,14.571374133333332,18.787363711111112
2025-03-30,82334.523438,13.387308,85160.2156249,93512.82022565555,14.523728133333332,18.707406322222223
2025-03-31,82548.914062,13.512477,85044.1156249,93391.92812495555,14.481183833333334,18.635307555555556
2025-04-01,85169.171875,14.042898,84741.47630200001,93289.14383676667,14.368846966666668,18.550508144444443
2025-04-02,82485.710938,12.934548,84622.14427076667,93129.13090274445,14.318325233333333,18.44933158888889
2025-04-03,83102.828125,12.879012,84484.83203119999,92962.4131076,14.251779,18.332449999999998
2025-04-04,83843.804688,12.934566,84258.84010413333,92802.497309,14.134188833333333,18.213796744444444
2025-04-05,83504.796875,12.846268,84043.60911456666,92637.93993052222,13.993396066666666,18.093919355555556
2025-04-06,78214.484375,11.253415,83759.33619789999,92372.78880204444,13.837214600000001,17.954292733333332
2025-04-07,79235.335938,11.451341,83528.69427083334,92176.26249996666,13.710556833333333,17.843808922222223
2025-04-08,76271.953125,10.908511,83384.39140626667,91967.68949648889,13.615060166666666,17.73773504444444
2025-04-09,82573.953125,12.657185,83519.1231771,91857.57743052221,13.6138617,17.66008387777778
2025-04-10,79626.140625,12.07532,83411.25416666667,91690.0739583,13.579709600000001,17.569070533333335
2025-04-11,83404.835938,12.661983,83400.6700521,91566.05442705555,13.552363166666668,17.48539932222222
2025-04-12,85287.109375,13.14666,83541.35026043333,91463.81744788888,13.556336700000001,17.411058444444443
2025-04-13,83684.976562,12.623901,83531.87942710001,91343.46692704444,13.521147766666667,17.3362006
2025-04-14,84542.390625,12.622772,83538.52213543333,91210.22630204445,13.473979466666666,17.25078598888889
2025-04-15,83668.992188,12.235985,83574.8322917,91023.16519093333,13.4361439,17.14102758888889
2025-04-16,84033.867188,12.357338,83573.4382813,90848.46475691111,13.380208366666666,17.022713522222222
2025-04-17,84895.75,12.517427,83646.0132813,90631.06154511111,13.3333462,16.882765855555558
2025-04-18,84450.804688,12.562504,83565.89921883334,90409.31414928888,13.2516701,16.754433933333335
2025-04-19,85063.414062,12.937108,83595.77317716666,90231.24531247777,13.2090703,16.62874321111111
2025-04-20,85174.304688,13.275746,83633.47526050001,90044.1079861,13.1862932,16.497707433333332
2025-04-21,87518.90625,13.10667,83756.35598966667,89837.13732637778,13.148958133333334,16.34784306666667
2025-04-22,93441.890625,14.139149,84002.6065105,89723.67977429999,13.139073433333332,16.223932022222222
2025-04-23,93699.109375,15.005441,84209.27968759999,89609.66796874444,13.136281066666667,16.105601944444444
2025-04-24,93943.796875,15.044061,84425.01614593333,89488.82699652223,13.122580466666667,15.992872966666667
2025-04-25,94720.5,14.929083,84685.6700522,89377.78090276667,13.111577433333332,15.881810455555556
2025-04-26,94646.929688,14.875073,84934.66432306667,89288.49678818889,13.0904865,15.77029223333333
2025-04-27,93754.84375,14.58858,85248.05416680001,89195.90963541111,13.101943966666665,15.664061566666666
2025-04-28,94978.75,15.017331,85660.75963553334,89125.31267361112,13.150988700000001,15.579631944444445
2025-04-29,94284.789062,14.613898,86059.101823,89020.66354165555,13.191875033333334,15.479539344444445
2025-04-30,94207.3125,14.292942,86447.71510426667,88903.68585067778,13.217890533333334,15.36641861111111
2025-05-01,96492.335938,14.752078,86825.15390636666,88837.9893229,13.241529866666667,15.25090461111111
2025-05-02,96910.070312,14.661197,87305.9658855,88796.36892358889,13.299084833333334,15.157716144444445
2025-05-03,95891.796875,14.260993,87732.26484383334,88776.4002604,13.345150866666666,15.08919942222222
2025-05-04,94315.976562,13.859743,88081.33723963333,88697.6286458111,13.375990100000001,15.002715744444446
2025-05-05,94748.054688,13.646459,88456.11250006667,88662.92013887777,13.402663133333334,14.9314182
2025-05-06,96802.476562,13.830133,89075.71223963333,88664.99826387777,13.488553733333333,14.871704455555555
2025-05-07,97032.320312,13.819287,89668.94505210001,88669.87630206667,13.567485266666665,14.818648911111111
2025-05-08,103241.460938,15.849825,90567.92864586666,88744.4582465111,13.732195733333333,14.790458388888888
2025-05-09,102970.851562,16.01111,91247.82526043334,88816.55156247778,13.843993233333332,14.763197733333332
2025-05-10,104696.328125,17.340767,92083.4981771,88907.6208333111,14.019508133333334,14.752482311111113
2025-05-11,104106.359375,17.06399,92773.54895833334,88981.71866316666,14.166241699999999,14.733569466666667
2025-05-12,102812.953125,16.732389,93357.74375,89060.22447913334,14.285765999999999,14.712348211111111
2025-05-13,104169.8125,17.432764,94040.5716146,89130.04618052223,14.446061433333334,14.692926988888889
2025-05-14,103539.414062,17.013014,94673.80572916666,89206.88559023333,14.592402833333333,14.675750022222223
2025-05-15,103744.640625,16.003477,95342.9940104,89276.1708332889,14.7179859,14.637851155555555
2025-05-16,103489.289062,15.755204,95991.50807286667,89341.8256944,14.8312481,14.6019861
2025-05-17,103191.085938,15.320247,96601.35260413334,89419.7818576,14.924675433333332,14.564374444444443
2025-05-18,106446.007812,15.922525,97334.5260416,89538.3665798222,15.036676133333334,14.529070333333332
2025-05-19,105606.179688,15.799416,98019.28489580001,89650.21805552221,15.132086399999999,14.506479322222223
2025-05-20,106791.085938,15.691709,98739.84427080001,89763.056684,15.2126185,14.481069655555554
2025-05-21,109678.078125,16.124077,99478.48333330001,89889.10269094443,15.313198733333333,14.456906688888889
2025-05-22,111673.28125,16.736061,100086.19635413334,90061.8552951111,15.399762466666667,14.449593888888888
2025-05-23,107287.796875,15.521186,100539.15260413334,90180.85572914444,15.416953966666666,14.424670444444443
2025-05-24,107791.15625,15.355583,101000.73124996667,90308.82499997778,15.427338033333333,14.399301499999998
2025-05-25,109035.390625,15.52629,101477.89427080001,90504.57187497777,15.447244933333334,14.402401455555555
2025-05-26,109440.367188,15.527998,101971.00885413332,90734.61848956667,15.4690091,14.404996322222221
2025-05-27,108994.640625,15.918099,102479.00208329999,91008.48090275555,15.5133264,14.412891422222222
2025-05-28,107802.328125,15.665417,102906.45468746666,91265.12647567777,15.534929266666666,14.419097366666666
2025-05-29,105641.757812,15.040348,103285.02031246667,91501.44592012222,15.549144266666666,14.421582477777777
2025-05-30,103998.570312,13.899076,103611.39557286668,91701.0754340111,15.5360154,14.41169658888889
2025-05-31,104638.09375,13.976827,103882.92083326666,91816.51701387778,15.5101737,14.373516844444445
2025-06-01,105652.101562,14.062182,104174.32187493333,92034.14401039999,15.490206533333332,14.369205533333332
2025-06-02,105881.53125,14.092877,104507.31302076667,92241.46996526666,15.484602666666666,14.360510844444445
2025-06-03,105432.46875,14.115714,104877.86276036667,92406.01336804444,15.493135033333333,14.334437988888888
2025-06-04,104731.984375,13.850794,105210.6604166,92570.12734374445,15.4999462,14.298668466666665
2025-06-05,101575.953125,12.922352,105369.77630203334,92734.94157985556,15.469686833333332,14.265151722222221
2025-06-06,104390.34375,13.581303,105615.04374996666,92937.5610243,15.461754033333333,14.246598711111108
2025-06-07,105615.625,13.836444,105694.18255203334,93215.50086805556,15.394641333333334,14.247299077777777
2025-06-08,105793.648438,13.71712,105788.27578123333,93518.40807292223,15.318174999999998,14.258676644444444
2025-06-09,110294.101562,14.3616,105974.86822913332,93823.20685763334,15.218869433333333,14.27269572222222
2025-06-10,110257.234375,15.427644,106179.8973958,94118.03880207779,15.164324566666666,14.29430981111111
2025-06-11,108686.625,14.909671,106375.6864583,94424.92682291112,15.1035673,14.315223333333334
2025-06-12,105929.054688,14.025968,106434.32786456666,94668.92630208888,14.990007433333334,14.319072211111113
2025-06-13,106090.96875,13.436464,106519.3796875,94910.56918403333,14.8707891,14.312390466666665
2025-06-14,105472.40625,13.166607,106576.971875,95164.9327257,14.776226766666667,14.310118855555556
2025-06-15,105552.023438,13.29691,106645.72968753334,95403.55868056667,14.694283633333333,14.301913366666668
2025-06-16,106796.757812,13.574794,106765.91875,95671.09487847777,14.636101866666667,14.298041166666668
2025-06-17,104601.117188,13.007806,106704.42239586667,95868.28255210002,14.538944566666666,14.2757636
2025-06-18,104883.328125,13.103867,106680.32734376666,96098.46180557778,14.449092933333333,14.263416544444446
2025-06-19,104684.289062,13.074892,106610.10078123333,96327.80677084444,14.361865700000001,14.253592466666666
2025-06-20,103309.601562,12.514476,106397.81822913332,96544.21918403334,14.241545666666667,14.234567511111111
2025-06-21,102257.40625,11.985239,106083.95572913332,96724.2528645889,14.083184933333333,14.207340277777778
2025-06-22,100987.140625,11.652458,105873.93385413333,96874.12204862223,13.954227333333334,14.169154122222224
2025-06-23,105577.773438,12.874313,105800.15442706666,97075.30060765555,13.871518333333334,14.140478944444446
2025-06-24,106045.632812,13.408499,105700.4958333,97288.02005210001,13.8009253,14.119915888888888
2025-06-25,107361.257812,13.136893,105631.19218743333,97512.28845487777,13.721221799999999,14.093572466666668
2025-06-26,106960.0,12.929869,105563.37083326667,97763.47569445556,13.621614133333333,14.078961499999998
2025-06-27,107088.429688,13.060314,105539.5742187,98035.59618056667,13.534777366666667,14.073565111111112
2025-06-28,107327.703125,13.399173,105595.7723958,98313.2981770889,13.480071533333334,14.073696944444444
2025-06-29,108385.570312,13.72542,105742.00572913332,98600.3721354222,13.474282999999998,14.076062977777777
2025-06-30,107135.335938,13.380764,105825.2471354,98844.44062501112,13.454414233333333,14.068705933333334
2025-07-01,105698.28125,12.896029,105826.78645833333,99102.35807292223,13.415542466666666,14.068277944444445
2025-07-02,108859.320312,13.559239,105926.04609373333,99388.54131944444,13.397754533333334,14.075836022222221
2025-07-03,109647.976562,13.668499,106066.56302080001,99675.25434026666,13.382847366666669,14.083990833333335
2025-07-04,108034.335938,13.169759,106176.64140623334,99947.80477429999,13.3601462,14.087585177777777
2025-07-05,108231.179688,13.229539,106398.48229166666,100281.32361111112,13.370385766666667,14.10954211111111
2025-07-06,109232.070312,13.494132,106559.87317706666,100614.6206597111,13.367480066666667,14.132239788888887
2025-07-07,108299.851562,13.428614,106649.34739580001,100970.48619790001,13.353885733333332,14.160240933333334
2025-07-08,108950.273438,13.96793,106754.56822913332,101263.55642359999,13.362246066666668,14.174804766666668
2025-07-09,111326.554688,14.253815,106788.98333333334,101615.78324652223,13.358653233333333,14.199010266666667
2025-07-10,115987.203125,15.239021,106979.98229166666,101977.8095486,13.352365800000001,14.227644022222222
2025-07-11,117516.992188,15.298432,107274.32786460001,102335.91935763332,13.365324500000002,14.2515526
2025-07-12,117435.226562,15.098609,107657.86692706666,102710.92213541112,13.4010792,14.279049355555554
2025-07-13,119116.117188,15.646005,108092.03854166667,103095.07465277778,13.474730566666667,14.312640833333333
2025-07-14,119849.703125,15.777633,108571.28177083333,103497.08255207777,13.561764766666666,14.351992477777776
2025-07-15,117777.1875,16.092302,108978.78723956666,103872.00833332221,13.654944500000001,14.393492077777776
2025-07-16,118738.507812,16.67417,109376.8455729,104248.03897567779,13.758257033333335,14.439678111111109
2025-07-17,119289.84375,17.997988,109866.46979163332,104635.13940970002,13.924596433333333,14.500072377777776
2025-07-18,118003.226562,17.843006,110303.79973953332,105001.13732636666,14.082567733333333,14.554582355555556
2025-07-19,117939.976562,18.416618,110745.65598953333,105365.2003471889,14.260625266666667,14.611703155555556
2025-07-20,117300.789062,19.305149,111212.02890620001,105696.11015621111,14.486981033333333,14.680575144444445
2025-07-21,117439.539062,19.532303,111718.09999993333,105962.7506944,14.738549833333334,14.740499077777779
2025-07-22,119995.414062,19.663111,112351.7091145,106254.9318575889,15.0055716,14.792250966666668
2025-07-23,118754.960938,18.185083,112790.94869783333,106530.6114582889,15.182597266666667,14.82715121111111
2025-07-24,118368.0,17.907915,113201.69427076666,106793.3614582889,15.3325778,14.860249344444444
2025-07-25,117635.882812,18.291023,113544.18177076666,107048.79427077778,15.504382133333333,14.898204344444444
2025-07-26,117947.367188,18.406492,113910.42734370001,107317.60008675556,15.686936233333334,14.940625588888889
2025-07-27,119448.492188,19.234554,114322.42942703333,107589.48611106665,15.892744233333334,14.987483622222221
2025-07-28,117924.476562,18.037018,114675.65520826666,107852.14930551112,16.047339066666666,15.02551828888889
2025-07-29,117922.148438,17.822281,114993.5411458,108115.6474826,16.1839011,15.064733166666668
2025-07-30,117831.1875,17.715185,115350.0695312,108352.74583328888,16.3283818,15.09765657777778
2025-07-31,115758.203125,16.955446,115685.40026036667,108562.16953121111,16.463695700000002,15.123148233333334
2025-08-01,113320.085938,16.101534,115834.09244790001,108755.81718746667,16.548438866666668,15.14359868888889
2025-08-02,112526.914062,15.651691,115930.05703123333,108958.16093746666,16.614545266666667,15.16350922222222
2025-08-03,114217.671875,16.299955,116136.16822913334,109174.49001732223,16.718885133333334,15.192992511111111
2025-08-04,115071.882812,17.103121,116364.1916666,109377.4834201,16.848004533333334,15.229359044444443
2025-08-05,114141.445312,16.384867,116527.83749993333,109567.58480898889,16.944362366666667,15.257865488888887
2025-08-06,115028.0,16.686306,116752.10911453332,109698.54635412223,17.052952100000002,15.267159722222225
2025-08-07,117496.898438,18.469936,117036.99661453333,109859.94687496666,17.203018966666665,15.29448001111111
2025-08-08,116688.726562,19.895052,117215.73567699999,109993.19574648888,17.391060200000002,15.322860955555557
2025-08-09,116500.359375,21.930365,117232.84088533332,110130.9068576,17.614105,15.37693178888889
2025-08-10,119306.757812,22.102489,117292.49973946667,110314.17135412221,17.8409069,15.436599566666665
2025-08-11,118731.445312,21.119766,117335.70703113334,110475.96727425556,18.041612133333334,15.477566255555555
2025-08-12,120172.90625,23.522558,117370.9333332,110660.78385412223,18.3041639,15.549894522222221
2025-08-13,123344.0625,24.00079,117487.41197903334,110878.5552082889,18.578269133333333,15.638753555555553
2025-08-14,118359.578125,22.479765,117506.82499986667,111043.78064232222,18.79118456666667,15.7134709
2025-08-15,117398.351562,21.753004,117462.15312486667,111201.63914925556,18.960479033333336,15.78494597777778
2025-08-16,117491.351562,22.652239,117402.20338526666,111324.36519092222,19.115620733333333,15.859720577777779
2025-08-17,117453.0625,25.688791,117383.8645832,111455.99722216667,19.3771469,15.969602522222221
2025-08-18,116252.3125,25.759439,117327.60911446666,111561.12196174444,19.6219076,16.08146618888889
2025-08-19,112831.179688,23.518341,117178.62213533332,111596.15642355554,19.76234733333333,16.16362467777778
2025-08-20,114274.742188,26.36775,117073.1289062,111625.06154508889,19.990195566666664,16.270643444444445
2025-08-21,112419.03125,24.785217,116820.58281246667,111682.07526036666,20.160932433333333,16.373577122222223
2025-08-22,116874.085938,26.746483,116757.88697913334,111782.99670134444,20.446312433333333,16.500142677777777
2025-08-23,115374.328125,26.278017,116658.09791663334,111853.42934023333,20.725315833333337,16.619606311111113
2025-08-24,113458.429688,25.821594,116518.84947916666,111898.07447912224,20.97633486666667,16.7339796
2025-08-25,110124.351562,23.395716,116258.08229163334,111910.62682286666,21.142642333333335,16.817064233333333
2025-08-26,111802.65625,24.399843,116003.2210937,111955.07491314445,21.31481863333333,16.91411341111111
2025-08-27,111222.0625,23.757828,115779.80729163335,112017.07829856666,21.5055123,17.0109743
2025-08-28,112544.804688,25.180487,115600.56249996666,112112.03645830002,21.75078583333333,17.13632331111111
2025-08-29,108410.835938,23.433657,115286.55078123332,112153.95581594444,21.941401566666666,17.2413992
2025-08-30,108808.070312,23.497807,115054.87968746666,112189.02213538889,22.159480266666666,17.34623947777778
2025-08-31,108236.710938,23.224033,114885.43385413333,112215.19079858888,22.3968969,17.447696766666667
2025-09-01,109250.59375,22.481396,114776.22317706667,112257.61440969999,22.624553733333336,17.540648788888888
2025-09-02,111200.585938,23.480976,114675.65364583333,112329.48776039999,22.863921100000002,17.647650811111113
2025-09-03,111723.210938,23.692417,114564.03125003334,112442.23506943333,23.0835643,17.7673182
2025-09-04,110723.601562,22.351324,114450.10312503335,112512.60460067776,23.282446199999995,17.86476287777778
2025-09-05,110650.984375,22.291437,114304.2026042,112568.55303817776,23.4692839,17.958707244444444
2025-09-06,110224.695312,22.205257,114061.79583333334,112617.78689233333,23.593794600000003,18.05301987777778
2025-09-07,111167.617188,22.465261,113877.7588542,112627.49262151109,23.679468233333335,18.143060555555557
2025-09-08,112071.429688,23.050865,113730.12786463335,112647.6503472111,23.716818233333335,18.22776301111111
2025-09-09,111530.546875,23.055517,113470.9208334,112679.24947915555,23.748585833333333,18.31827241111111
2025-09-10,113955.359375,23.556967,113311.71796883334,112768.43064234445,23.829825866666667,18.4241724
2025-09-11,115507.539062,24.466789,113156.20572923333,112873.05920136666,23.861300233333335,18.546731566666665
2025-09-12,116101.578125,25.13623,112914.7895834,112991.16111108888,23.89914823333333,18.679727377777777
2025-09-13,115950.507812,24.877197,112834.48723963332,113106.69982635554,23.979062633333335,18.80839723333333
2025-09-14,115407.65625,24.131353,112768.13072923334,113202.37647566666,24.058340933333334,18.925692333333334
2025-09-15,115444.875,23.584925,112699.91484383334,113322.86267357777,24.089430466666666,19.04321587777778
2025-09-16,116843.1875,23.494625,112679.58567716667,113455.74999996666,24.016291600000002,19.158668744444444
2025-09-17,116468.507812,23.987413,112686.79218756667,113586.68576385557,23.957224066666665,19.27991897777778
2025-09-18,117137.203125,24.640253,112830.32630213333,113740.32578122223,23.994621133333336,19.414649833333332
2025-09-19,115688.859375,23.496611,112877.4635417,113889.56414927778,23.898916500000002,19.542553966666667
2025-09-20,115721.960938,23.344814,112987.56119796666,114053.28437497777,23.850903066666667,19.672469033333332
2025-09-21,115306.09375,22.99725,112935.2947917,114161.3768228889,23.725928633333336,19.784946111111108
2025-09-22,112748.507812,21.660231,112847.76744793332,114235.85321177778,23.57200243333333,19.87663202222222
2025-09-23,112014.5,21.54464,112799.63645833333,114287.55590275557,23.4294373,19.97005143333333
2025-09-24,113328.632812,21.620655,112906.44583333333,114358.31848955556,23.370268599999996,20.066615722222224
2025-09-25,109049.289062,20.108458,112814.66692706666,114380.10581593333,23.227222433333335,20.144928433333334
2025-09-26,109712.828125,21.085903,112764.35911456666,114406.60720482223,23.138158266666668,20.230336544444445
2025-09-27,109681.945312,20.928057,112668.9304687,114421.01137148889,22.9964106,20.310365844444444
2025-09-28,112122.640625,21.680927,112792.6572916,114476.4258680111,22.937986266666666,20.40258987777778
2025-09-29,114400.382812,21.749245,112979.06770826667,114573.11588536667,22.879700866666667,20.500958944444445
2025-09-30,114056.085938,21.329388,113173.04687493334,114630.85772565556,22.81654603333333,20.587293933333335
2025-10-01,118648.929688,22.582314,113486.32473953333,114730.86831594445,22.819909966666664,20.68633632222222
2025-10-02,120681.257812,22.774349,113802.34713533333,114871.3896701,22.796355733333332,20.79305398888889
2025-10-03,122266.53125,22.524408,114153.79114573332,115027.33802078888,22.7574221,20.89633031111111
2025-10-04,122425.429688,22.032007,114543.85208326667,115173.93090274445,22.7467782,20.99119558888889
2025-10-05,123513.476562,22.002396,114972.60182283333,115342.97118052222,22.7371435,21.086459833333333
2025-10-06,124752.53125,23.374546,115456.86302076667,115518.55182287778,22.7761198,21.19097778888889
2025-10-07,121451.382812,21.85598,115799.65520823332,115631.04991314444,22.755810433333334,21.27544628888889
2025-10-08,123354.867188,22.620699,116175.76979156666,115712.91284717777,22.741471566666668,21.357464933333333
2025-10-09,121705.585938,22.0123,116514.93776033333,115759.45277773334,22.706697666666667,21.432063466666666
2025-10-10,113214.367188,17.354767,116490.23802076667,115712.55434024443,22.499957666666667,21.457131888888892
2025-10-11,110807.882812,17.213488,116333.58281243333,115620.24062495556,22.258180966666664,21.474548366666667
2025-10-12,115169.765625,19.047707,116302.52239576666,115568.24131940001,22.0552302,21.51088252222222
2025-10-13,115271.078125,19.864935,116279.87473953333,115540.39565967779,21.8881548,21.552800666666666
2025-10-14,113118.664062,19.113392,116203.57499993333,115477.95295134443,21.720889433333333,21.57990313333333
2025-10-15,110783.164062,18.063412,116048.18463533332,115383.43428814445,21.536839,21.580630066666664
2025-10-16,108186.039062,17.405205,115759.61302073333,115274.35442703334,21.333858333333332,21.57576561111111
2025-10-17,106467.789062,16.611237,115426.25572906667,115146.88567703334,21.087985800000002,21.555705822222222
2025-10-18,107198.265625,16.82073,115094.95781240001,115034.63541662223,20.82733503333333,21.528101166666666
2025-10-19,108666.710938,17.27529,114860.88619783334,114937.15954857777,20.619957666666664,21.503023244444442
2025-10-20,110588.929688,18.657476,114689.78515616666,114832.64305553332,20.463713066666667,21.49184952222222
2025-10-21,108476.890625,17.628418,114462.14505199999,114718.44227427778,20.284752,21.485664355555556
2025-10-22,107688.585938,17.207212,114293.48098953333,114599.78211803333,20.136318033333335,21.477878766666667
2025-10-23,110069.726562,17.416077,114228.65520826666,114515.71371525555,19.998699266666666,21.468157144444444
2025-10-24,111033.921875,17.878086,114152.16484369998,114438.89765622222,19.87394696666667,21.462285966666666
2025-10-25,111641.726562,18.016981,114238.57942703334,114352.15581593334,19.804231066666667,21.44875737777778
2025-10-26,114472.445312,18.540293,114397.23333326666,114313.79991315556,19.7193774,21.45434932222222
2025-10-27,114119.328125,18.216867,114545.14609370001,114271.54635412223,19.6290044,21.45873361111111
2025-10-28,112956.164062,17.840239,114572.93020826667,114217.37942703333,19.500981466666666,21.4601231
2025-10-29,110055.304688,18.110287,114428.09427080001,114154.01388884445,19.379682866666666,21.472954666666666
