Date,BTC_Daily_Return,LINK_Daily_Return,Rolling_30_Day_Correlation
2018-01-01,-3.224161,22.175998,
2018-01-02,9.960364,-7.594478,
2018-01-03,1.487494,1.697231,
2018-01-04,2.151178,44.739995,
2018-01-05,12.614037,-5.345378,
2018-01-06,0.371664,10.237814,
2018-01-07,-5.988949,16.735886,
2018-01-08,-7.92719,8.306404,
2018-01-09,-3.493191,-10.885071,
2018-01-10,2.637693,-4.002364,
2018-01-11,-10.438131,-14.646448,
2018-01-12,3.914844,2.117995,
2018-01-13,2.922793,4.534583,
2018-01-14,-4.166781,-8.640314,
2018-01-15,0.381338,-12.836986,
2018-01-16,-16.952752,-14.212178,
2018-01-17,-2.121406,-7.077637,
2018-01-18,2.465448,5.947151,
2018-01-19,1.553838,9.975377,
2018-01-20,10.663853,48.573006,
2018-01-21,-10.001401,-25.744537,
2018-01-22,-6.03192,-11.364176,
2018-01-23,-0.695323,-0.039638,
2018-01-24,4.182182,-0.749199,
2018-01-25,-1.420978,-4.990856,
2018-01-26,-0.751596,-6.204723,
2018-01-27,2.378543,9.805603,
2018-01-28,2.710169,-3.663962,
2018-01-29,-3.905403,-7.807487,
2018-01-30,-10.617505,-14.746612,0.4297590038307652
2018-01-31,1.116909,3.55234,0.4631419283718379
2018-02-01,-10.420324,-16.067514,0.5427254224477424
2018-02-02,-3.407577,-4.603425,0.5442767521212918
2018-02-03,3.646472,3.687341,0.5801015161643979
2018-02-04,-9.794244,-16.243556,0.6771184387605738
2018-02-05,-15.903073,-20.609169,0.6966203779084741
2018-02-06,9.958521,23.723987,0.7807507042810455
2018-02-07,-1.730264,-11.517259,0.8161430951519454
2018-02-08,8.218663,9.468366,0.8199401562727597
2018-02-09,5.623182,5.622426,0.8278892599902807
2018-02-10,-1.125904,-3.588722,0.8235504264907956
2018-02-11,-5.642437,-0.847953,0.8181441953750694
2018-02-12,9.643762,17.421284,0.8289539677010856
2018-02-13,-3.678957,16.736345,0.7922375537083457
2018-02-14,10.403701,0.717468,0.7787558535900505
2018-02-15,7.146471,-0.526886,0.768833552220649
2018-02-16,0.968855,13.852723,0.7621414747339461
2018-02-17,8.867991,4.368507,0.7504263836676793
2018-02-18,-5.138722,12.575963,0.716846398877243
2018-02-19,6.374734,1.88116,0.7111012078441842
2018-02-20,1.530479,-9.248902,0.67058791007802
2018-02-21,-5.99532,-5.99614,0.6640726890635327
2018-02-22,-6.14799,-8.074446,0.6713599638840405
2018-02-23,3.663346,12.23807,0.6800429801066461
2018-02-24,-4.613566,-3.708139,0.6813094910439315
2018-02-25,-1.344261,4.597741,0.679555633979612
2018-02-26,7.211082,2.778888,0.6734899508298495
2018-02-27,3.191287,4.639231,0.6838746114913192
2018-02-28,-2.706975,-8.657964,0.6808465965278855
2018-03-01,5.450169,0.116565,0.6468861123371699
2018-03-02,0.992949,-1.348265,0.6458544633332234
2018-03-03,3.493094,-3.595328,0.5993920492872764
2018-03-04,0.132197,-5.784952,0.5922924242486811
2018-03-05,0.354648,-1.253482,0.5912257559606469
2018-03-06,-6.262548,-8.535354,0.5636556268074399
2018-03-07,-7.759513,-2.376571,0.44971367805011137
2018-03-08,-5.591459,-6.000503,0.3940462222090315
2018-03-09,-0.819364,-0.937315,0.3884742536704677
2018-03-10,-5.182452,-2.296007,0.36319702875004056
2018-03-11,8.199115,10.27661,0.3886038235590899
2018-03-12,-4.142585,-0.155185,0.38533185403520037
2018-03-13,0.237757,11.100577,0.37041697352020686
2018-03-14,-10.253681,-21.651399,0.40504921331998583
2018-03-15,0.121829,-5.173326,0.4879765505316992
2018-03-16,0.185505,1.536128,0.5105441040636941
2018-03-17,-4.867035,-11.823986,0.5470202092990438
2018-03-18,4.222278,0.270191,0.5595191496251398
2018-03-19,3.433918,2.84073,0.5563302672878924
2018-03-20,3.408481,1.109141,0.6713624411591089
2018-03-21,-0.091751,13.494914,0.6327066551717353
2018-03-22,-2.359999,-5.702064,0.6675867555702552
2018-03-23,1.641094,-2.559965,0.655445538999199
2018-03-24,-2.626729,1.144709,0.633195919278932
2018-03-25,-1.358782,-1.033516,0.6192874987057783
2018-03-26,-3.401428,-8.441018,0.6260697195394129
2018-03-27,-4.475121,-7.704973,0.6501611249531226
2018-03-28,1.501244,2.250657,0.6548903765948537
2018-03-29,-10.19379,-20.572402,0.7018051986868076
2018-03-30,-3.917341,2.509854,0.6791959154217181
2018-03-31,1.175916,-2.301831,0.6877794049861584
2018-04-01,-2.26801,-6.607591,0.6884834516330651
2018-04-02,3.490794,4.102329,0.7210735401649139
2018-04-03,4.982218,7.853398,0.7486414855377223
2018-04-04,-8.081239,-1.748581,0.7221862821513808
2018-04-05,-0.542876,-0.739638,0.7140860907845938
2018-04-06,-2.635581,-3.567891,0.7360436612740906
2018-04-07,4.231652,10.566817,0.7489672076552695
2018-04-08,1.496248,6.809691,0.7515860207259162
2018-04-09,-3.883836,-5.035562,0.761144247242676
2018-04-10,0.578621,11.759298,0.7321214053939133
2018-04-11,1.824361,0.786854,0.7401308066610656
2018-04-12,13.426587,8.015478,0.7313038040888422
2018-04-13,-0.064926,-1.484664,0.675065856841497
2018-04-14,1.416825,3.675142,0.6839671910460668
2018-04-15,4.122599,7.460042,0.6942558443966261
2018-04-16,-3.345104,-3.474589,0.6824171067300278
2018-04-17,-2.100811,1.758091,0.6885449517727039
2018-04-18,2.756519,6.744442,0.6943116585222306
2018-04-19,1.655045,8.141858,0.7012395912571837
2018-04-20,6.745002,-0.349617,0.7052193553455472
2018-04-21,0.528773,1.858481,0.7022155814802743
2018-04-22,-1.373656,1.541286,0.7100683482886982
2018-04-23,1.552015,-1.441985,0.7092196822452638
2018-04-24,8.541875,9.061354,0.7253507699291967
2018-04-25,-8.816487,-18.512742,0.7569762699751211
2018-04-26,4.670965,11.952459,0.753590570887743
2018-04-27,-3.267594,-7.827069,0.7586208105193083
2018-04-28,4.577678,7.152953,0.7096473734237867
2018-04-29,0.777517,6.54389,0.719791906687553
2018-04-30,-1.96858,4.981257,0.7094915862178068
2018-05-01,-1.431772,0.67015,0.70556758229166
2018-05-02,1.442351,2.896099,0.7054850012408141
2018-05-03,5.521901,0.280523,0.6727975472341065
2018-05-04,0.05425,2.54667,0.6815268423116075
2018-05-05,1.62748,-1.871286,0.6719579169082291
2018-05-06,-1.935031,-5.514703,0.6705315785433524
2018-05-07,-2.826762,6.281543,0.6277755933316891
2018-05-08,-1.55689,-3.91747,0.6372635694552797
2018-05-09,1.099872,-2.516801,0.6155691252768248
2018-05-10,-3.024027,-2.659787,0.6591921073659983
2018-05-11,-6.754362,-11.485887,0.6987363519433846
2018-05-12,0.75164,-0.176764,0.7135682904492431
2018-05-13,2.447894,8.546943,0.7156476709994033
2018-05-14,0.042355,2.65131,0.7131832162580014
2018-05-15,-2.237867,-2.535794,0.7059346031069864
2018-05-16,-1.594233,-4.598177,0.7033450614883162
2018-05-17,-3.294245,-7.591113,0.7228359605867143
2018-05-18,1.966671,3.078307,0.719067317236549
2018-05-19,-0.103574,-0.832152,0.7224626785127647
2018-05-20,3.228569,-0.195783,0.759121847028818
2018-05-21,-1.212577,-6.380217,0.7562001064264174
2018-05-22,-4.490453,-11.199549,0.7764482947489747
2018-05-23,-5.963114,-7.458961,0.788497172212146
2018-05-24,0.34677,3.748186,0.7741264573141237
2018-05-25,-1.477282,-5.250299,0.7093770008546247
2018-05-26,-1.744479,6.332653,0.6281474068444376
2018-05-27,0.083402,-5.310836,0.598341250515394
2018-05-28,-3.192375,-8.569597,0.5738449222838302
2018-05-29,4.812845,11.155522,0.6323247012949103
2018-05-30,-0.846215,-4.513136,0.663394834543444
2018-05-31,1.188472,2.607653,0.6748902912647904
2018-06-01,0.543283,1.484366,0.6708413945691183
2018-06-02,1.416133,4.607379,0.7194131281154141
2018-06-03,1.155125,-1.647028,0.7115427288087344
2018-06-04,-2.694189,-5.627555,0.7293309852910363
2018-06-05,1.771252,-0.925934,0.7186210741769428
2018-06-06,0.367294,-1.826487,0.7900187158927522
2018-06-07,0.358398,-7.088946,0.7623031326223499
2018-06-08,-0.783593,-4.435855,0.7690679176556554
2018-06-09,-1.317259,0.772997,0.7678517521572938
2018-06-10,-9.514302,-18.553947,0.8115852932102771
2018-06-11,1.582958,8.610808,0.8093227019684435
2018-06-12,-4.683875,-13.693929,0.8146857186648885
2018-06-13,-3.743891,-6.127037,0.816933077510232
2018-06-14,5.243784,11.826488,0.8448256841709091
2018-06-15,-3.258876,-6.845044,0.846897800618057
2018-06-16,1.467132,-0.66708,0.8410612085850779
2018-06-17,-0.706738,-3.743186,0.8368662896169231
2018-06-18,3.452344,-1.89046,0.8149758052361639
2018-06-19,0.408606,5.228912,0.8196425787708069
2018-06-20,0.085515,1.331891,0.8218699866770901
2018-06-21,-0.74261,-5.158606,0.8084542987722917
2018-06-22,-9.709136,-12.333826,0.8134678104136537
2018-06-23,1.188484,4.223069,0.8171305128076907
2018-06-24,0.145195,-3.556582,0.8135600097538584
2018-06-25,1.250978,-3.785974,0.8411967432598942
2018-06-26,-2.556626,-4.855534,0.8484619845848231
2018-06-27,1.195352,0.748606,0.8456985591808173
2018-06-28,-4.058406,-3.412657,0.8197810241537646
2018-06-29,5.428329,8.939728,0.839154356110806
2018-06-30,3.05396,25.214245,0.7690924632379486
2018-07-01,-0.403332,-2.211726,0.7680499920250631
2018-07-02,3.664363,11.842252,0.7777759789658554
2018-07-03,-1.016731,-5.255993,0.7807810222979659
2018-07-04,0.712572,-1.458484,0.7762809536587925
2018-07-05,0.597453,-5.467056,0.7712930082543935
2018-07-06,0.524351,5.246561,0.7714427837713177
2018-07-07,2.822438,8.162545,0.7916386736713212
2018-07-08,-1.223715,-0.542139,0.7922330134419032
2018-07-09,-0.491951,-5.126908,0.7914683112254449
2018-07-10,-6.072815,-10.18871,0.7618222796652848
2018-07-11,1.009987,-1.888805,0.7562434584441163
2018-07-12,-2.625848,-1.136051,0.7318931672942163
2018-07-13,0.048436,-2.032145,0.7234199000396142
2018-07-14,0.458105,-3.140732,0.6898804819730447
2018-07-15,1.386005,1.872251,0.6807976620388565
2018-07-16,6.05222,11.173329,0.7143166745821885
2018-07-17,8.626415,11.756564,0.7359613816958938
2018-07-18,0.758134,-3.59673,0.7516108632260534
2018-07-19,1.201644,-5.417414,0.7413227021530994
2018-07-20,-1.51686,-5.272276,0.745087019752891
2018-07-21,0.905377,2.493969,0.7451829166885385
2018-07-22,0.009308,-9.866602,0.7109745544437335
2018-07-23,3.997458,-2.649047,0.679791327522255
2018-07-24,9.172019,3.599473,0.6371638285780993
2018-07-25,-2.366087,21.389685,0.4788042865592947
2018-07-26,-2.754973,2.778514,0.4489278847851028
2018-07-27,2.699359,5.67168,0.4538470946468197
2018-07-28,0.282656,4.945903,0.43713117855736144
2018-07-29,0.154033,16.801759,0.3787030491599344
2018-07-30,-0.499905,-3.377074,0.3744705564700304
2018-07-31,-4.898551,-6.307797,0.40359153511014717
2018-08-01,-1.855183,-3.307239,0.3862795247475112
2018-08-02,-0.878155,7.367046,0.35973286056916814
2018-08-03,-1.689337,-8.191768,0.37670181848451617
2018-08-04,-5.455543,-9.503267,0.42910995685989417
2018-08-05,0.531923,-1.129079,0.42918998354049004
2018-08-06,-1.573568,-6.992361,0.4224094654864745
2018-08-07,-2.948984,-0.367453,0.41850289738889207
2018-08-08,-6.537129,-2.686744,0.41677857803262225
2018-08-09,4.165687,21.01217,0.41595454917458696
2018-08-10,-5.884725,-0.539076,0.41292203451600756
2018-08-11,1.777298,-1.383053,0.40316596876442723
2018-08-12,0.621296,4.425608,0.4046160039718009
2018-08-13,-0.690547,-8.763602,0.406780506893259
2018-08-14,-1.398775,5.303319,0.3979067369714758
2018-08-15,1.400004,-6.276681,0.3381575065450984
2018-08-16,0.643446,4.433202,0.2648361648516607
2018-08-17,3.780526,8.130926,0.3009572162724807
2018-08-18,-2.425338,-6.542887,0.33062211965094296
2018-08-19,1.300103,9.695696,0.3363292052810717
2018-08-20,-2.953307,-3.965257,0.34598753353250405
2018-08-21,2.9787,7.228993,0.3785689781628157
2018-08-22,-1.688804,0.330043,0.41863861186212825
2018-08-23,2.566808,2.09422,0.46694123074464816
2018-08-24,2.571006,4.713431,0.5849501705323202
2018-08-25,0.643453,-4.70618,0.5782113807619287
2018-08-26,-0.701449,3.410345,0.5680639823288272
2018-08-27,2.590456,2.236149,0.5606487607578076
2018-08-28,2.977758,0.163455,0.5794403886502987
2018-08-29,-0.628196,-8.109167,0.5695707133403176
2018-08-30,-0.930324,-1.028638,0.5509882083602043
2018-08-31,0.912104,7.363995,0.5495982497449273
2018-09-01,2.107082,0.08476,0.5609029730350812
2018-09-02,1.156398,-5.260754,0.5322413125522742
2018-09-03,-0.260608,-2.246207,0.4797886880863996
2018-09-04,1.358394,-2.269155,0.4710635877876844
2018-09-05,-7.724417,-10.361964,0.5336980780882089
2018-09-06,-3.34516,1.985494,0.5177187098489396
2018-09-07,-0.947325,-4.262369,0.5312193025878875
2018-09-08,-3.625136,-7.570652,0.503991926992008
2018-09-09,1.244982,-0.698351,0.5458876898731803
2018-09-10,0.446403,3.330842,0.5542989288906124
2018-09-11,-0.168665,5.46844,0.5413983694546917
2018-09-12,0.550736,-2.854636,0.5429043976527683
2018-09-13,2.566315,6.932749,0.5958479395844917
2018-09-14,-0.041443,-1.28705,0.6343001384107565
2018-09-15,0.519254,-0.176077,0.6360109785795165
2018-09-16,-0.298317,1.003908,0.6017155916570027
2018-09-17,-3.574727,-2.246658,0.5814011336573028
2018-09-18,1.439117,8.301128,0.5898491968975592
2018-09-19,0.418873,13.111645,0.5252117755760564
2018-09-20,1.888149,7.993371,0.5134596578354766
2018-09-21,3.39399,-0.216067,0.49454462529825527
2018-09-22,-0.194057,-4.501053,0.4907821999057166
2018-09-23,-0.069839,1.012455,0.4744466507104387
2018-09-24,-1.631076,-2.367741,0.4968006004072993
2018-09-25,-2.38005,-2.094882,0.5114022021094978
2018-09-26,0.654135,6.970872,0.5078314516107845
2018-09-27,2.793716,0.251795,0.5104740594195641
2018-09-28,-0.518362,-3.222706,0.5213568960000243
2018-09-29,-0.619291,-1.652655,0.52095195698156
2018-09-30,0.315685,0.908458,0.5183645143824922
2018-10-01,-0.456657,-2.280497,0.5277133872317873
2018-10-02,-0.563306,-1.066348,0.5669782434589088
2018-10-03,-0.782287,-3.177017,0.5697708630064976
2018-10-04,1.212386,3.312072,0.5975453789106925
2018-10-05,0.735153,11.098502,0.47420153531080966
2018-10-06,-0.515521,-6.023587,0.5226202310912172
2018-10-07,0.186172,0.131382,0.5123412641866306
2018-10-08,0.788463,1.671923,0.4352739863298093
2018-10-09,-0.156919,-1.138171,0.45295929498988213
2018-10-10,-0.824667,2.519512,0.4407602095398321
2018-10-11,-5.017657,-12.736869,0.597116001383805
2018-10-12,0.566255,2.702521,0.6122316422543129
2018-10-13,0.125996,2.220795,0.5879160157613392
2018-10-14,0.0388,1.745367,0.5898253724824744
2018-10-15,4.82945,4.108388,0.5735638053554217
2018-10-16,-0.08029,5.505098,0.5640990407639317
2018-10-17,-0.699335,4.718278,0.5454071797253434
2018-10-18,-1.003008,0.200987,0.5322052388859378
2018-10-19,-0.195423,-3.680594,0.5745058437587934
2018-10-20,0.437554,2.554421,0.5517718695475711
2018-10-21,-0.119255,0.496819,0.6033416562118948
2018-10-22,0.017119,5.831664,0.6017532362021628
2018-10-23,0.052228,12.162653,0.5499962625512868
2018-10-24,0.261614,-5.273377,0.5161583268867316
2018-10-25,-0.128918,6.064751,0.4952155261254791
2018-10-26,0.097551,-1.473149,0.4887785980056138
2018-10-27,-0.007097,2.585388,0.5308915987352213
2018-10-28,0.057538,-0.887288,0.5262940627777085
2018-10-29,-2.460129,-4.537652,0.5503611436738146
2018-10-30,-0.043712,7.719058,0.5373584979346394
2018-10-31,-0.305829,11.751177,0.49347419109800256
2018-11-01,0.943943,0.655015,0.4817295498788519
2018-11-02,0.149242,-2.904999,0.46469091242190314
2018-11-03,-0.406756,8.179968,0.44205705634844783
2018-11-04,0.167461,-6.871086,0.404331082088643
2018-11-05,0.880631,-4.284233,0.3691017145108555
2018-11-06,0.429477,0.507817,0.36823995245001023
2018-11-07,0.952928,-0.467174,0.35742253521153267
2018-11-08,-1.051011,3.358066,0.3452377811502578
2018-11-09,-0.884425,-0.487584,0.35488206542635536
2018-11-10,0.36157,5.715169,0.06526104263876961
2018-11-11,-0.036795,-2.076126,0.0653044503679546
2018-11-12,-0.631492,9.911805,0.02769526428602933
2018-11-13,-0.214958,3.340277,0.0255431600686964
2018-11-14,-9.649928,-6.273279,0.24876010210110103
2018-11-15,-1.536224,-1.063284,0.2537319799018069
2018-11-16,-1.235891,-4.755773,0.267101045322705
2018-11-17,-0.434698,-5.613533,0.25755102846881484
2018-11-18,1.147532,7.842161,0.29102581909996045
2018-11-19,-13.330705,-21.77051,0.6178165852285191
2018-11-20,-8.471751,-16.333451,0.6831738974465852
2018-11-21,3.05965,7.54435,0.6948266716776843
2018-11-22,-5.326383,-6.396594,0.7175786241965926
2018-11-23,-0.311655,-3.288868,0.7287331414079897
2018-11-24,-10.739725,-13.656069,0.7596626133949047
2018-11-25,3.328968,-8.809132,0.6881800947506199
2018-11-26,-5.876365,9.209887,0.6041887191799361
2018-11-27,1.454348,1.400151,0.6068453213274652
2018-11-28,11.378767,14.966532,0.6650973176451221
2018-11-29,0.230552,3.927322,0.6697537312824188
2018-11-30,-6.337484,-6.536383,0.6932794693073601
2018-12-01,4.726282,3.062843,0.6933357316571304
2018-12-02,-1.448687,-4.989276,0.6949756354730954
2018-12-03,-6.10497,-9.163269,0.7133923864369803
2018-12-04,1.816611,0.076145,0.7263402665403889
2018-12-05,-5.175684,-10.168068,0.7418849613761637
2018-12-06,-6.205861,-13.247107,0.7485066160012729
2018-12-07,-2.637742,-2.584041,0.749184244024476
2018-12-08,1.584038,5.454189,0.7560041298820778
2018-12-09,4.059821,5.225032,0.7627523422497212
2018-12-10,-3.028488,-8.598895,0.7609609440744395
2018-12-11,-2.086216,1.782867,0.7584912256661605
2018-12-12,1.914153,2.339612,0.7784557848712381
2018-12-13,-4.9945,-9.380232,0.7818328921410805
2018-12-14,-2.091554,-1.451525,0.793291974308754
2018-12-15,-0.223053,-0.211006,0.7943070809663949
2018-12-16,0.511837,1.627959,0.7975010196256239
2018-12-17,8.99879,14.034604,0.8273633026180992
2018-12-18,4.268203,15.667118,0.82972751752994
2018-12-19,1.055505,8.819114,0.789734803810745
2018-12-20,10.481718,14.684825,0.7940229876547028
2018-12-21,-5.737226,-12.225336,0.799355201993704
2018-12-22,2.978358,4.407638,0.7973925371586149
2018-12-23,-0.547487,0.064849,0.7990551677424382
2018-12-24,1.956521,-1.983242,0.7691440068313767
2018-12-25,-6.506685,3.122954,0.7809344720248459
2018-12-26,0.985187,-2.753775,0.8554032494184274
2018-12-27,-5.184725,-10.285921,0.8616954141864228
2018-12-28,7.412458,6.126535,0.8392772989483362
2018-12-29,-2.850178,0.346901,0.8356902515186927
2018-12-30,1.139809,-0.298464,0.8316987530948872
2018-12-31,-3.21034,-3.492613,0.8364837543474939
2019-01-01,2.583775,3.424676,0.8386585729384737
2019-01-02,2.447073,5.226251,0.8310630063791615
2019-01-03,-2.399039,15.620643,0.7435407645489723
2019-01-04,0.670074,18.561403,0.6827375116587253
2019-01-05,-0.175995,-9.951651,0.6309209734547291
2019-01-06,6.25863,0.191547,0.5930007910043202
2019-01-07,-1.307725,-5.187471,0.5958881735620757
2019-01-08,0.058974,12.300125,0.5726520405732423
2019-01-09,0.092877,-6.204478,0.5514725138200534
2019-01-10,-8.811368,-11.563013,0.6017854803948728
2019-01-11,0.363365,25.132893,0.5415151603594924
2019-01-12,-0.696293,-7.319871,0.5152412720892178
2019-01-13,-2.894749,8.210391,0.48807553037091533
2019-01-14,4.181282,9.980092,0.49803275214021764
2019-01-15,-1.985333,6.449839,0.4883148350759433
2019-01-16,0.647033,-4.363111,0.44505136266217643
2019-01-17,0.730937,-2.61423,0.4127876020235419
2019-01-18,-0.547884,3.78274,0.40930591008131856
2019-01-19,2.08605,-1.873006,0.32203082248499043
2019-01-20,-3.340066,-0.161737,0.2628758463708617
2019-01-21,-0.67605,2.682241,0.2567663286667205
2019-01-22,0.82504,7.640741,0.2616052207862783
2019-01-23,-0.566739,-5.602645,0.2739880199571863
2019-01-24,0.456556,-1.124753,0.298952146783503
2019-01-25,-0.211358,-5.728638,0.3041607804599139
2019-01-26,0.076259,-1.480661,0.24471171056564184
2019-01-27,-0.574847,-7.667601,0.2284840739222882
2019-01-28,-3.175886,-4.75653,0.2482284898407369
2019-01-29,-0.598269,10.104295,0.24542644290416357
2019-01-30,1.227815,-5.847471,0.2088626271230248
2019-01-31,-0.792345,-9.725744,0.2083509730459674
2019-02-01,0.79173,8.113758,0.20540930612037991
2019-02-02,1.045588,-0.766505,0.2615836850654728
2019-02-03,-1.482484,-4.804909,0.2629224941168133
2019-02-04,-0.232395,-0.708087,0.27213662596327076
2019-02-05,0.330149,7.226917,0.32047424376765726
2019-02-06,-1.594768,-5.357589,0.32323249662755504
2019-02-07,-0.452653,0.441574,0.3227239746886487
2019-02-08,7.802835,8.606265,0.3815413463926676
2019-02-09,-0.010413,5.856208,0.2646709417429646
2019-02-10,0.462453,-2.722023,0.30450430927892524
2019-02-11,-1.276713,-5.133745,0.3116788089353039
2019-02-12,0.295837,-0.599818,0.4031779059537286
2019-02-13,-0.589376,4.198503,0.3068721816407895
2019-02-14,-0.393518,-3.365482,0.3697170579910764
2019-02-15,0.095163,1.145149,0.3828285870668597
2019-02-16,0.401556,1.669596,0.3929244389280613
2019-02-17,1.114033,4.005646,0.41459402776670995
2019-02-18,6.655404,2.977521,0.42105619374681647
2019-02-19,0.905826,-3.176548,0.4315286565969278
2019-02-20,1.346332,1.721877,0.4476177002848967
2019-02-21,-1.153393,-4.427793,0.46520449765672095
2019-02-22,1.343994,1.652646,0.4631067716172481
2019-02-23,3.591238,2.297148,0.46949287549113855
2019-02-24,-8.08187,-11.343705,0.5737608227549774
2019-02-25,1.988279,15.0828,0.5596070861010557
2019-02-26,-0.627514,-7.473495,0.5607462143859956
2019-02-27,-0.166751,-1.60361,0.5472781293172906
2019-02-28,0.169516,-0.868806,0.6000075648060382
2019-03-01,0.151194,1.070898,0.6222519273270373
2019-03-02,0.235958,-0.762285,0.6317662617292076
2019-03-03,-0.390712,-0.631347,0.6495681216347245
2019-03-04,-2.172495,-3.544493,0.6595891270593793
2019-03-05,3.631611,6.130614,0.6687687342852554
2019-03-06,0.17607,-0.234041,0.6682969415044009
2019-03-07,0.207502,5.269822,0.6773339413076106
2019-03-08,-0.309061,2.22876,0.6631535273961412
2019-03-09,1.765575,2.538021,0.6661124784375451
2019-03-10,-0.367469,5.026652,0.606580709676463
2019-03-11,-1.227014,-6.930681,0.6301748101488838
2019-03-12,0.138276,4.171311,0.6278863496205824
2019-03-13,-0.161769,-0.81638,0.6210500712822241
2019-03-14,0.481164,1.367467,0.6217718495160401
2019-03-15,0.872186,-0.103137,0.63816280673818
2019-03-16,2.139955,-0.923032,0.622337994900027
2019-03-17,-0.555633,-0.402972,0.6238339900223463
2019-03-18,0.062998,-0.726105,0.6248927604389384
2019-03-19,0.954655,0.985317,0.6243951497453519
2019-03-20,0.409806,0.196236,0.6649260976546778
2019-03-21,-1.3376,-5.092424,0.6889786238465558
2019-03-22,-0.112855,1.295829,0.6860757041989367
2019-03-23,0.325975,-0.674347,0.679733383839616
2019-03-24,-0.322053,-1.463562,0.67926652193104
2019-03-25,-1.516912,4.208643,0.6549332082234062
2019-03-26,0.399374,-2.441076,0.5260751343283973
2019-03-27,2.580697,7.70366,0.5394836491792274
2019-03-28,-0.452035,0.68817,0.5348113194861694
2019-03-29,0.739245,-0.785957,0.5226332264201009
2019-03-30,0.354923,-0.941128,0.5198499441456551
2019-03-31,-0.001261,2.697872,0.511858924754061
2019-04-01,1.286629,9.299117,0.5264964051910026
2019-04-02,17.391689,5.131527,0.3768860695738752
2019-04-03,1.907065,-3.109828,0.3299249919358824
2019-04-04,-0.975775,-3.938375,0.31900025570571056
2019-04-05,2.313213,6.550001,0.32668004473291135
2019-04-06,0.457124,-1.29555,0.3440489685454745
2019-04-07,2.688299,1.313827,0.3517722064610543
2019-04-08,1.729584,-1.495666,0.34261347717464485
2019-04-09,-1.606064,-6.014946,0.39435286440843503
2019-04-10,2.314448,-2.654357,0.3600887861096619
2019-04-11,-4.893704,-6.690127,0.44590244427734854
2019-04-12,0.559914,2.050905,0.44038297095960355
2019-04-13,0.152025,8.85768,0.3901722668947877
2019-04-14,1.412221,-1.961004,0.3851518035752689
2019-04-15,-1.939368,-6.90812,0.4130943314267214
2019-04-16,3.335228,2.267124,0.41896234818930966
2019-04-17,0.301801,-0.551266,0.41851386493742354
2019-04-18,0.893182,4.905977,0.41008890552935656
2019-04-19,0.106796,-1.841883,0.41200099961677783
2019-04-20,0.635833,0.232085,0.397579942486753
2019-04-21,-0.400078,-3.109615,0.40634645611135234
2019-04-22,1.635213,-0.537702,0.4036736006656187
2019-04-23,3.204017,-2.8614,0.37896418794507086
2019-04-24,-1.914053,-0.658385,0.41344667337617236
2019-04-25,-4.683209,-6.852274,0.4613570201956438
2019-04-26,1.325133,-1.930079,0.45849228310793766
2019-04-27,-0.211767,1.006702,0.4582504248311475
2019-04-28,0.254044,1.516569,0.4537615360229115
2019-04-29,-0.709685,-3.395735,0.4586778121942886
2019-04-30,1.962764,9.062289,0.4535650920602252
2019-05-01,0.967736,0.520736,0.48471677784881667
2019-05-02,1.903976,-2.65308,0.5101966091564545
2019-05-03,4.772224,10.506136,0.6112981784568382
2019-05-04,1.074063,-3.352438,0.5918334576885405
2019-05-05,-0.606405,2.391041,0.5599816438307411
2019-05-06,-0.77501,14.160918,0.4204591997642265
2019-05-07,1.460289,-5.885401,0.389539149541249
2019-05-08,2.273297,8.703254,0.42514325730739366
2019-05-09,3.21301,8.1672,0.43707460511389906
2019-05-10,3.287438,5.002246,0.478661489192062
2019-05-11,12.933347,1.084069,0.2643385581456537
2019-05-12,-3.208656,-3.306446,0.2944445789467018
2019-05-13,12.103217,-1.716287,0.2185173363440438
2019-05-14,2.389018,27.25467,0.19121273304919814
2019-05-15,2.701006,2.481272,0.15685183921468868
2019-05-16,-3.778043,9.663143,0.09503708313403887
2019-05-17,-6.885196,-4.179903,0.14728397218866152
2019-05-18,-0.959681,5.229395,0.139470616961876
2019-05-19,12.79212,6.27201,0.16668018427896678
2019-05-20,-2.667034,13.583133,0.10983483555534208
2019-05-21,-0.183525,6.115452,0.09402369893246794
2019-05-22,-3.471788,3.04905,0.09464308126557587
2019-05-23,2.664719,9.981653,0.11630618936667142
2019-05-24,1.340781,-0.548087,0.10271421486303212
2019-05-25,0.759004,-15.531349,0.048598750369086265
2019-05-26,7.672178,-3.551609,0.005735020985916242
2019-05-27,1.518388,11.358976,-0.0011437445470740978
2019-05-28,-0.940568,5.267281,-0.008182826460315816
2019-05-29,-0.677913,-7.234202,0.0003877102740598174
2019-05-30,-3.951715,-13.478001,0.07853228631873774
2019-05-31,3.055374,-0.315289,0.07309053360063542
2019-06-01,-0.114572,-5.594409,0.08573263464886462
2019-06-02,2.072091,4.901092,0.06739488558924892
2019-06-03,-6.094342,-10.046851,0.13555035995866893
2019-06-04,-6.12855,-2.771711,0.158540837474594
2019-06-05,1.556112,21.949396,0.17338291349445298
2019-06-06,0.030566,3.889231,0.17681715080175142
2019-06-07,2.773126,6.01648,0.1764212913350045
2019-06-08,-1.02836,-2.119525,0.17516207706283662
2019-06-09,-3.290671,-6.914137,0.19374797778905983
2019-06-10,4.004596,11.10079,0.2455469729996872
2019-06-11,-0.956109,-4.680547,0.2386311379149611
2019-06-12,2.781215,0.305369,0.30808471459611986
2019-06-13,1.048161,61.654408,0.2118358174031058
2019-06-14,5.62435,-9.197171,0.16498980573837588
2019-06-15,1.710394,2.633232,0.1847457258669354
2019-06-16,1.731028,-2.812765,0.1579066926757574
2019-06-17,3.687079,17.730141,0.18278297849400346
2019-06-18,-2.717637,-7.515717,0.2171432866755975
2019-06-19,2.145608,1.190159,0.24645195731382022
2019-06-20,2.740191,-3.893208,0.23636559041682517
2019-06-21,6.503702,-3.669441,0.20924492135294878
2019-06-22,5.16678,8.630064,0.21551017923141091
2019-06-23,1.483446,-1.993451,0.21462088631863666
2019-06-24,1.449808,3.273,0.21659736636062482
2019-06-25,7.120019,17.725125,0.31397191424676935
2019-06-26,10.507636,3.281158,0.2798291294629001
2019-06-27,-14.091578,0.480776,0.24521979601555585
2019-06-28,11.155217,30.447615,0.334970488587482
2019-06-29,-3.559398,25.152824,0.24164232052343892
2019-06-30,-9.343251,-7.004338,0.28337278287605605
2019-07-01,-1.980154,4.146043,0.2812942698692733
2019-07-02,2.011526,1.539657,0.2793461448620882
2019-07-03,10.566618,-3.222222,0.19394274476458995
2019-07-04,-6.325057,-1.312963,0.1897936648647542
2019-07-05,-2.005182,4.099214,0.19323605259949866
2019-07-06,2.057873,-4.106174,0.18871917699572496
2019-07-07,2.079145,-4.71079,0.18376291539324235
2019-07-08,7.332846,0.692068,0.16514809873049663
2019-07-09,2.35655,-6.836181,0.13972201412568086
2019-07-10,-3.301302,0.324364,0.14019035772349325
2019-07-11,-6.433856,-9.338209,0.1697115909900521
2019-07-12,4.066182,12.16508,0.17950045497897327
2019-07-13,-3.561699,-0.181345,0.2862886913626373
2019-07-14,-9.884543,-11.996771,0.38815081758067543
2019-07-15,6.212332,-2.082562,0.36918807990130426
2019-07-16,-13.022454,-19.471477,0.461624926236167
2019-07-17,2.350162,8.578838,0.4590177829092134
2019-07-18,9.98071,12.648351,0.4792784610524092
2019-07-19,-1.1566,-2.621786,0.48193902587530424
2019-07-20,2.292651,1.27354,0.4900275513197689
2019-07-21,-1.655517,-3.517784,0.5178330756143827
2019-07-22,-2.395424,-4.847213,0.5132950715913531
2019-07-23,-4.310344,-2.15386,0.5200401067871646
2019-07-24,-0.766654,1.451081,0.5192559548353636
2019-07-25,1.047447,-0.941662,0.4891838355950565
2019-07-26,-0.431985,0.855412,0.49875173106743437
2019-07-27,-3.98623,-6.036124,0.5490676625339788
2019-07-28,0.645131,-1.921858,0.439946081348372
2019-07-29,-0.304071,-3.461273,0.6279291640955383
2019-07-30,0.893634,-2.445562,0.6143918050020579
2019-07-31,5.014313,5.268301,0.6478055650295532
2019-08-01,3.197503,-0.854933,0.6434303329807445
2019-08-02,1.116433,10.149643,0.6967562982301846
2019-08-03,2.875181,1.117359,0.7155282060099594
2019-08-04,1.37273,3.013719,0.7365997725746567
2019-08-05,7.708588,-0.698564,0.7194880194088425
2019-08-06,-2.822459,-0.859668,0.7283736502302565
2019-08-07,4.058623,-2.853608,0.7268504649982418
2019-08-08,0.103456,-4.618843,0.7509595900992522
2019-08-09,-0.75738,-4.647228,0.7604606343167495
2019-08-10,-4.2788,6.581164,0.6826106393456983
2019-08-11,1.531655,3.248663,0.6804631147452326
2019-08-12,-1.262759,-1.076369,0.6898384533207412
2019-08-13,-4.297061,1.227823,0.6166525829104256
2019-08-14,-7.693505,-5.881899,0.6667887961542921
2019-08-15,2.720786,5.900233,0.5091452760147476
2019-08-16,0.53219,-3.807528,0.497659157977491
2019-08-17,-1.225812,3.071485,0.30368439435379857
2019-08-18,1.102361,4.494887,0.3055125567196902
2019-08-19,5.466232,0.302051,0.29192429296854516
2019-08-20,-1.402614,-4.888961,0.2920375374123881
2019-08-21,-5.820226,-6.912561,0.340502455917506
2019-08-22,-0.113047,0.598608,0.3298623536398063
2019-08-23,2.680021,1.063921,0.33894382441262794
2019-08-24,-2.379824,-3.074117,0.3528625353773598
2019-08-25,-0.218682,-4.573089,0.35260929609548336
2019-08-26,2.414707,-0.470037,0.3098756739995178
2019-08-27,-1.805932,1.407843,0.3009207126173841
2019-08-28,-4.400521,-9.933495,0.3660262681319765
2019-08-29,-2.527327,-6.196967,0.3902149097230091
2019-08-30,0.87578,1.28668,0.351474955647378
2019-08-31,0.345141,-0.706337,0.35941375071863924
2019-09-01,1.322639,-0.839101,0.3656841701338136
2019-09-02,6.039341,3.328275,0.3947732469881876
2019-09-03,2.685307,1.142368,0.39650560171496224
2019-09-04,-0.251267,-3.728879,0.4272980144479639
2019-09-05,-0.119476,0.727155,0.4325627695925119
2019-09-06,-2.126028,-3.692564,0.479754448273145
2019-09-07,1.577403,2.772372,0.5023351917001311
2019-09-08,-0.730529,3.017496,0.49587666781526424
2019-09-09,-1.036594,-1.977,0.6309801197737503
2019-09-10,-2.132584,0.432633,0.6121187949011688
2019-09-11,0.546644,-3.767849,0.5978005537189688
2019-09-12,2.29254,-1.581258,0.6385948236197715
2019-09-13,-0.526294,-7.433833,0.5978001223610002
2019-09-14,0.122233,-0.967421,0.5771275071430255
2019-09-15,-0.084517,3.233012,0.5701636081905325
2019-09-16,-0.680653,-2.239768,0.6090889728554886
2019-09-17,-0.391394,2.978629,0.5918068112255229
2019-09-18,-0.483498,11.265074,0.4956572093377367
2019-09-19,0.646233,3.686431,0.49048911097598014
2019-09-20,-0.824802,-2.643426,0.4273270166945023
2019-09-21,-1.609754,3.512365,0.38947817371029975
2019-09-22,0.46166,-3.569114,0.3736439119676977
2019-09-23,-3.363527,-0.661268,0.3444404385197847
2019-09-24,-11.396015,-3.949997,0.3542283659461184
2019-09-25,-1.353362,1.261377,0.3551012166714388
2019-09-26,-4.343974,-5.750127,0.3987431843008224
2019-09-27,1.710131,0.694184,0.3416763712371284
2019-09-28,-0.06494,0.898506,0.31998590933658344
2019-09-29,-1.720239,1.773728,0.3053807800114838
2019-09-30,2.340033,2.736381,0.3253135468881656
2019-10-01,0.524785,4.215993,0.3389525240880905
2019-10-02,0.585185,9.729958,0.31279150126422484
2019-10-03,-1.558643,-3.218626,0.3188605015307116
2019-10-04,-0.648402,1.420483,0.33232676806540945
2019-10-05,-0.714347,-0.55544,0.33138046405748767
2019-10-06,-1.984339,11.311241,0.24802901867494762
2019-10-07,3.210647,9.691313,0.31422364791129465
2019-10-08,-0.21907,7.331038,0.3151282883896911
2019-10-09,4.446008,8.552981,0.3759753199422837
2019-10-10,0.0139,-6.252195,0.34893832178237894
2019-10-11,-3.069281,5.175505,0.34037109773344626
2019-10-12,0.25122,-6.093616,0.3419255866892884
2019-10-13,-0.190676,-4.113278,0.34897052853634625
2019-10-14,0.647225,1.667034,0.3548078189271162
2019-10-15,-2.007401,-5.686401,0.36308199671854197
2019-10-16,-1.915346,-0.206043,0.36969045613183665
2019-10-17,0.697067,1.333026,0.3667373436919349
2019-10-18,-1.576683,-2.703918,0.38889867502458353
2019-10-19,0.185066,0.042569,0.37959984525224194
2019-10-20,2.804156,3.525956,0.39240846738700674
2019-10-21,0.226203,7.765367,0.4017422677516261
2019-10-22,-2.004017,-0.980674,0.4267372854935496
2019-10-23,-6.953204,-0.013705,0.4076584130324934
2019-10-24,-0.216243,5.106324,0.3749255328484066
2019-10-25,15.619322,3.173404,0.2724558467088411
2019-10-26,6.661556,-3.024977,0.14921789036330618
2019-10-27,3.354443,-2.639383,0.12545571682266515
2019-10-28,-3.230004,-0.209819,0.13508721717368513
2019-10-29,1.938133,-0.066774,0.13166587217719086
2019-10-30,-2.300209,-1.649815,0.14197675963103953
2019-10-31,-0.03122,4.318432,0.1389992873111726
2019-11-01,0.729958,-0.749231,0.1420112524497088
2019-11-02,0.701254,-0.335759,0.1270169708409204
2019-11-03,-0.959085,-1.445999,0.1339736975925808
2019-11-04,1.916548,0.561505,0.1288199773970894
2019-11-05,-0.748725,-0.084244,0.20173733304056113
2019-11-06,0.21428,2.127708,0.1636327506238221
2019-11-07,-0.907062,-1.779131,0.19172031855785665
2019-11-08,-4.969984,0.976889,0.10200780995420762
2019-11-09,0.046692,3.276094,0.10338332438660024
2019-11-10,2.757871,-0.744286,0.15159017728218974
2019-11-11,-3.302778,-1.145503,0.17429678948138988
2019-11-12,0.638262,2.453073,0.17656070358393913
2019-11-13,-0.042788,7.241751,0.15375614778952423
2019-11-14,-1.178422,1.459635,0.1176069108859186
2019-11-15,-2.454893,-0.959584,0.12506078763628653
2019-11-16,0.701844,-0.79422,0.12140587381587262
2019-11-17,0.333411,-2.567309,0.10093039291623879
2019-11-18,-3.087181,-3.58826,0.1395241910845095
2019-11-19,-1.191904,-2.412729,0.1281243909079654
2019-11-20,-2.149604,-1.636248,0.153593192435471
2019-11-21,-4.747151,-5.986218,0.21984159502706913
2019-11-22,-4.539655,-7.748795,0.3022251538797399
2019-11-23,1.392955,4.066919,0.32832676868879146
2019-11-24,-4.740291,-7.875876,0.34512074227098233
2019-11-25,1.507913,0.63471,0.4928410803624431
2019-11-26,1.024637,0.244837,0.5701956810564406
2019-11-27,4.303945,-1.487476,0.5141465250313888
2019-11-28,-0.978056,1.744808,0.5131753041836035
2019-11-29,3.944387,2.902148,0.5335403070329336
2019-11-30,-2.504196,-4.25132,0.5558354135518967
2019-12-01,-1.945737,-3.366026,0.5652630697952236
2019-12-02,-1.37456,-3.300251,0.5668164638282001
2019-12-03,-0.052295,1.6711,0.5679650490706829
2019-12-04,-0.93018,-3.823362,0.5604774449066219
2019-12-05,2.689362,-1.008296,0.5392965586742474
2019-12-06,1.294333,3.279322,0.5502208134856742
2019-12-07,0.11888,-1.513052,0.5466113370860503
2019-12-08,0.172239,-0.089139,0.6155588168444677
2019-12-09,-2.127749,1.594787,0.594538596284392
2019-12-10,-1.608929,8.575204,0.5104371466314896
2019-12-11,-0.82134,-4.066509,0.5122457483331028
2019-12-12,0.365754,-2.70784,0.4935161566587296
2019-12-13,0.345392,-1.96378,0.5125874212334545
2019-12-14,-1.984192,-3.166956,0.5305309090145779
2019-12-15,0.393895,3.794011,0.5400072193571347
2019-12-16,-3.091879,-5.047672,0.5587264474062785
2019-12-17,-4.195456,-11.375746,0.6090876576805826
2019-12-18,9.463494,7.102864,0.6655493313566143
2019-12-19,-1.027079,-3.225698,0.6651839093918724
2019-12-20,0.141215,5.65451,0.649467632999008
2019-12-21,-0.407654,-2.606475,0.6294557459060226
2019-12-22,4.455458,3.347676,0.6108327813158395
2019-12-23,-2.041229,-3.021308,0.6132430563961485
2019-12-24,-0.433222,-0.747837,0.5709823228664905
2019-12-25,-0.690715,-3.132488,0.5708433930376261
2019-12-26,-0.492557,3.112649,0.5552045074882099
2019-12-27,0.717688,1.388584,0.5971187833400864
2019-12-28,0.397295,-0.627931,0.6076442694469816
2019-12-29,1.434961,1.499928,0.5991090465717772
2019-12-30,-1.715272,-3.347869,0.5931836682571437
2019-12-31,-1.382421,-3.794821,0.5911204029889283
2020-01-01,0.073416,2.132028,0.5830287598335735
2020-01-02,-3.013947,-3.65308,0.596843689012244
2020-01-03,5.160845,3.9485,0.6150975256241282
2020-01-04,0.888739,1.679694,0.6339095123648001
2020-01-05,0.011682,-1.690815,0.628650084403771
2020-01-06,4.841366,7.141469,0.6677146081498374
2020-01-07,5.084649,9.264973,0.7044929971880761
2020-01-08,-1.005555,3.335687,0.7043074254472994
2020-01-09,-2.514442,0.173723,0.7842414039705816
2020-01-10,3.658737,1.591137,0.7801469637232595
2020-01-11,-1.527204,2.620607,0.7641051386933725
2020-01-12,1.982164,-1.646028,0.7527421829549445
2020-01-13,-0.556519,-2.292403,0.7478051403113056
2020-01-14,8.436767,9.026184,0.7911242171496232
2020-01-15,-0.207731,0.900736,0.7780792457349626
2020-01-16,-1.006474,3.183668,0.7446159723663481
2020-01-17,2.336083,9.626102,0.7071421546099989
2020-01-18,0.174709,2.060411,0.700413200667746
2020-01-19,-2.630449,-5.671212,0.7416508979367165
2020-01-20,-0.539819,2.886299,0.7312779455516769
2020-01-21,1.003619,-0.866624,0.7277385923490094
2020-01-22,-0.724307,-1.211753,0.7203500259102716
2020-01-23,-3.157998,-6.958947,0.7402602292787537
2020-01-24,0.474295,1.579386,0.740091878169093
2020-01-25,-0.856285,-1.928979,0.7542696110574475
2020-01-26,2.778677,4.668603,0.7601727203614047
2020-01-27,3.634983,1.46376,0.7486710576614134
2020-01-28,5.004928,1.703462,0.7264278472852271
2020-01-29,-0.436451,4.884528,0.6923228600964466
2020-01-30,2.071449,4.693172,0.6857303575486812
2020-01-31,-1.659434,-3.213125,0.698949458611351
2020-02-01,0.497708,0.499178,0.6797402621506922
2020-02-02,-0.484089,-0.251749,0.6838768881611013
2020-02-03,-0.5475,-2.007836,0.6872206818575085
2020-02-04,-1.203926,-1.209365,0.6928039329980993
2020-02-05,4.682439,3.852343,0.6704830734750266
2020-02-06,1.164302,1.385891,0.6300355751020714
2020-02-07,0.719108,14.713846,0.5386744626290734
2020-02-08,0.735712,3.480689,0.5395158390847822
2020-02-09,2.562672,1.885071,0.5490714348850573
2020-02-10,-2.5599,-2.072239,0.5794154274012718
2020-02-11,3.574966,16.556766,0.6086268377930005
2020-02-12,1.212138,1.255734,0.6019132405559703
2020-02-13,-1.061425,-3.556054,0.5872347111941483
2020-02-14,0.98482,13.916126,0.5525712294118237
2020-02-15,-4.115159,-2.485339,0.5721985782839175
2020-02-16,0.45761,4.455873,0.5550514260703097
2020-02-17,-2.479912,-4.292849,0.5757782611360825
2020-02-18,4.651273,5.748415,0.5564350294597272
2020-02-19,-5.031765,-3.206372,0.5755489529419152
2020-02-20,-0.216522,-2.885694,0.5816122375971053
2020-02-21,0.776746,0.516154,0.5763933213046194
2020-02-22,-0.25316,-4.451379,0.5388085306055876
2020-02-23,2.702977,3.295998,0.5389108479246306
2020-02-24,-2.735533,-7.725341,0.5663727951065084
2020-02-25,-3.207931,-10.22677,0.5977752537001205
2020-02-26,-5.544565,2.524058,0.5511314096700879
2020-02-27,-0.460047,9.737212,0.5585959225213569
2020-02-28,-1.322984,5.463224,0.5479217552813079
2020-02-29,-0.826921,-1.313075,0.5430202227116939
2020-03-01,-0.433788,-5.510497,0.5282618995459736
2020-03-02,3.578136,8.627111,0.5559039420668271
2020-03-03,-0.875332,8.769721,0.5334778494235551
2020-03-04,-0.378856,1.350149,0.5340640997973274
2020-03-05,3.63547,1.6924,0.5106492184340228
2020-03-06,0.487286,-0.882854,0.517082889974376
2020-03-07,-2.320278,-7.0692,0.5364806318087013
2020-03-08,-8.981492,-5.914779,0.5647974918665943
2020-03-09,-2.311658,-0.489517,0.562608173523683
2020-03-10,-0.156744,-0.240795,0.5663435594332393
2020-03-11,0.016945,-6.608173,0.5399073811479556
2020-03-12,-37.186895,-45.909111,0.8670726405233075
2020-03-13,10.878724,17.335965,0.8804563387515676
2020-03-14,-6.687713,-11.63957,0.8830134204635705
2020-03-15,3.677093,-1.593757,0.8901897547039207
2020-03-16,-6.884563,-15.725285,0.8880144395946644
2020-03-17,4.458726,3.618893,0.8894484300806091
2020-03-18,0.216653,2.509158,0.8894681052992587
2020-03-19,18.030529,18.742231,0.8993294048612205
2020-03-20,0.115066,-0.040871,0.9006174013641295
2020-03-21,-0.345686,1.025594,0.9013042213409149
2020-03-22,-5.744077,-12.493087,0.9002229892452545
2020-03-23,10.030919,12.47084,0.9072278438160566
2020-03-24,4.632246,3.320465,0.9065505550346529
2020-03-25,-0.855561,-2.157603,0.9079315095344285
2020-03-26,0.618254,1.587,0.9116306201938644
2020-03-27,-3.714487,-5.242404,0.9235059744306057
2020-03-28,-3.479994,-1.779291,0.9356676483931139
2020-03-29,-5.180932,-5.259023,0.9427528100985365
2020-03-30,8.510673,6.364891,0.9421789328980135
2020-03-31,0.124997,5.608599,0.9404231003521472
2020-04-01,2.632416,0.348668,0.9413590983763896
2020-04-02,2.828129,1.190611,0.9555981631629746
2020-04-03,-0.941673,0.144289,0.9559138224202135
2020-04-04,1.916551,0.917362,0.9562356480767153
2020-04-05,-1.040551,-2.109949,0.9562672481294409
2020-04-06,7.126221,10.350804,0.9581691100619849
2020-04-07,-1.336737,7.665949,0.9494976714983607
2020-04-08,2.156419,15.376052,0.9311203706697059
2020-04-09,-0.488922,5.764101,0.926130483299342
2020-04-10,-6.001278,-3.164009,0.9293327482832257
2020-04-11,-0.121696,2.02708,0.8380136648682351
2020-04-12,1.648043,5.342461,0.815555243016581
2020-04-13,-1.731061,-2.813468,0.801898909638851
2020-04-14,-0.012479,-4.050268,0.8127700241992155
2020-04-15,-2.972023,-3.446118,0.8049491376476762
2020-04-16,7.173457,10.819031,0.8170413918507708
2020-04-17,-0.286208,0.063741,0.8182639767910208
2020-04-18,2.331736,8.756117,0.7611550032780655
2020-04-19,-0.98469,-3.802499,0.7606319415027619
2020-04-20,-4.242666,-4.89748,0.7704462549877102
2020-04-21,0.007835,0.621219,0.7482607750938801
2020-04-22,3.456198,5.876083,0.713454490469301
2020-04-23,4.330925,1.218857,0.700851176640122
2020-04-24,1.570035,1.868048,0.6986321336496895
2020-04-25,0.257641,-0.038772,0.6979346223500458
2020-04-26,1.449485,-2.252072,0.6651537585207662
2020-04-27,1.512903,-2.104826,0.6446529525320904
2020-04-28,0.129388,0.887451,0.6140687624361432
2020-04-29,12.736804,6.179308,0.5732255103577687
2020-04-30,-1.581285,-4.775094,0.5966153352605099
2020-05-01,2.213642,1.685454,0.6023127508167408
2020-05-02,1.347821,1.067821,0.6063822181323852
2020-05-03,-0.958918,-2.655515,0.6100204481414424
2020-05-04,0.190082,1.262316,0.6124152551923345
2020-05-05,1.012454,-2.168128,0.6010647948723096
2020-05-06,2.90116,-1.236537,0.5384437639842988
2020-05-07,7.445809,3.187783,0.5806529948489763
2020-05-08,-0.940968,1.786515,0.6531301496409736
2020-05-09,-2.510031,5.746939,0.6204495564020106
2020-05-10,-8.703197,-6.836926,0.6604317670965532
2020-05-11,-1.755909,-4.734212,0.6722087949607023
2020-05-12,2.254159,2.897075,0.6822383134008221
2020-05-13,5.276311,1.894587,0.6745512778334674
2020-05-14,4.987339,1.128696,0.6719749601116363
2020-05-15,-4.171786,-3.25983,0.6726735191746751
2020-05-16,0.469006,2.366034,0.6319377078976468
2020-05-17,3.155326,0.689172,0.6308977085867772
2020-05-18,0.525852,2.659907,0.6621364027867467
2020-05-19,0.0203,0.969679,0.6564308003244628
2020-05-20,-2.080625,3.794938,0.5765519213073985
2020-05-21,-4.630794,-5.555784,0.6149035961160494
2020-05-22,1.125974,5.82862,0.5856756642407636
2020-05-23,0.263739,-2.768537,0.5823713941506441
2020-05-24,-4.579918,-2.963852,0.5972362227203329
2020-05-25,1.375207,1.112597,0.5979107351337367
2020-05-26,-0.836551,-0.828833,0.6102969450695073
2020-05-27,3.888445,0.558509,0.6168577104034684
2020-05-28,3.710481,4.34128,0.6277961313318856
2020-05-29,-0.936483,-1.038672,0.5750165864084298
2020-05-30,2.770446,4.521469,0.5817450777270307
2020-05-31,-2.464374,-0.912983,0.5818995061787701
2020-06-01,7.435465,6.009729,0.626184679548159
2020-06-02,-6.230164,0.183818,0.5988008760410399
2020-06-03,1.289701,2.320539,0.6005172220297829
2020-06-04,1.499424,-1.255318,0.6030273445303476
2020-06-05,-1.374282,-1.260319,0.628323806552679
2020-06-06,-0.116138,-0.795303,0.6235214453477522
2020-06-07,1.096546,0.149954,0.6268690834459755
2020-06-08,0.117067,2.4853,0.7003974312535767
2020-06-09,0.218325,-0.203931,0.6247035207626253
2020-06-10,0.775727,-0.684204,0.6182335979493734
2020-06-11,-5.555142,-10.157843,0.663957349123254
2020-06-12,1.718256,2.882223,0.6734994811634977
2020-06-13,-0.057569,0.570682,0.6918097730205811
2020-06-14,-0.95769,-3.871361,0.6712086389834852
2020-06-15,0.68897,-0.533754,0.6699495236431493
2020-06-16,0.885926,2.949178,0.6789446656809951
2020-06-17,-0.56147,2.832089,0.6685237602190335
2020-06-18,-0.735391,0.127556,0.6684948182449105
2020-06-19,-1.299379,-2.08283,0.7175311281600915
2020-06-20,0.445388,2.225717,0.685116381806397
2020-06-21,-0.292542,0.39752,0.7012083577840607
2020-06-22,3.739446,6.650409,0.7350291702107683
2020-06-23,-0.149501,7.660467,0.6539061963708671
2020-06-24,-3.30704,-1.864812,0.6630571356665996
2020-06-25,-0.529448,2.121659,0.6547834019234176
2020-06-26,-1.059035,-2.707142,0.6827811440685096
2020-06-27,-1.335471,-5.404829,0.6598340318962046
2020-06-28,1.051241,3.093411,0.6614441251853774
2020-06-29,0.556073,1.097906,0.6461397888896071
2020-06-30,-0.518072,-0.987205,0.6458228489903536
2020-07-01,0.900284,2.833566,0.61377475244953
2020-07-02,-1.167023,2.915976,0.7116953753706026
2020-07-03,-0.411394,-2.144353,0.7048131009073203
2020-07-04,0.531194,1.335999,0.7388150391709465
2020-07-05,-0.571421,-1.378737,0.7368273132173742
2020-07-06,3.335501,13.134985,0.778248242296113
2020-07-07,-1.036283,6.662086,0.7357712087184943
2020-07-08,1.894652,13.33125,0.7358700566769553
2020-07-09,-1.591286,-5.735484,0.7458135050845375
2020-07-10,0.058773,0.605109,0.7574359798152498
2020-07-11,-0.400593,-0.29881,0.6913604869074863
2020-07-12,0.383563,19.53391,0.5972900234724952
2020-07-13,-0.362079,-1.736064,0.5979115040456675
2020-07-14,0.048824,12.956935,0.5591278249781451
2020-07-15,-0.530849,6.652825,0.5612836876098981
2020-07-16,-0.650055,-3.497993,0.5675827785724422
2020-07-17,0.214416,-0.807138,0.5611117611332073
2020-07-18,0.085852,-3.811419,0.5438593764836215
2020-07-19,0.303685,1.335873,0.5307761997044231
2020-07-20,-0.250231,-9.840502,0.5092461928930136
2020-07-21,2.317847,0.270345,0.4678444884336013
2020-07-22,1.603007,2.59099,0.4567415215904744
2020-07-23,0.566074,5.468776,0.4715113753661906
2020-07-24,-0.507245,-5.619451,0.49040243690037066
2020-07-25,1.442719,2.966605,0.4902806389057349
2020-07-26,2.323628,-2.05307,0.4108953965790214
2020-07-27,10.960438,-5.27775,0.0067556863953018515
2020-07-28,-0.949771,1.85712,0.005107126994211782
2020-07-29,1.718276,-1.481796,-0.003126693353457388
2020-07-30,0.102532,4.25054,-0.01413470601187379
2020-07-31,1.919458,4.850593,-0.005940771815912736
2020-08-01,3.859746,6.838449,0.03244118577031013
2020-08-02,-5.996807,-0.439115,0.052773128704223314
2020-08-03,1.834338,10.79846,0.06949087011469195
2020-08-04,-0.358437,7.172547,0.04943382149312151
2020-08-05,4.848338,-2.780321,-0.046117297141061234
2020-08-06,0.254491,6.135188,-0.034363334303766126
2020-08-07,-1.506269,-0.833194,-0.04933673626480252
2020-08-08,1.28822,25.889065,-0.05280161130296351
2020-08-09,-0.524702,8.985182,-0.0691311685168872
2020-08-10,1.850881,-2.906833,-0.08579315837568054
2020-08-11,-3.965124,-2.598003,-0.03268625335320831
2020-08-12,1.581274,26.903536,-0.005307455838425881
2020-08-13,1.689037,4.104212,0.007886523486345843
2020-08-14,-0.032177,-2.433971,0.02333150155376373
2020-08-15,0.824229,12.905658,0.007293712255110742
2020-08-16,0.220097,-1.611864,0.00809575411292186
2020-08-17,3.015757,-11.160496,-0.04260908811110816
2020-08-18,-2.127525,-3.231211,-0.016751581863068805
2020-08-19,-1.93982,0.165452,-0.02733046271216597
2020-08-20,0.993683,-0.766172,-0.022442716141543004
2020-08-21,-2.40391,-14.229251,0.05046709594705508
2020-08-22,0.831624,15.364257,0.05142395583485564
2020-08-23,-0.127132,-4.623144,0.046502723019479934
2020-08-24,0.950868,0.171843,0.045467652389827216
2020-08-25,-3.460747,-6.064926,0.09737216074868672
2020-08-26,1.068619,7.146282,0.27475952298762013
2020-08-27,-1.412297,-4.803118,0.2883040188644967
2020-08-28,1.917867,4.515465,0.30422344072330765
2020-08-29,-0.296242,9.225853,0.2972397281515937
2020-08-30,1.762073,-0.315585,0.2834825731418104
2020-08-31,-0.277345,-4.820387,0.27361776659082465
2020-09-01,2.492972,2.849699,0.27819547688332125
2020-09-02,-4.603403,-7.576506,0.31261174775607525
2020-09-03,-10.185632,-19.66559,0.47739896143903704
2020-09-04,2.751106,4.007817,0.5333566873342804
2020-09-05,-3.26242,-15.161901,0.555810788647965
2020-09-06,1.112741,21.695921,0.5533591946711793
2020-09-07,0.861448,-3.562769,0.551103915559128
2020-09-08,-2.293211,-5.300373,0.565273452936213
2020-09-09,1.06764,5.016913,0.5849814001831088
2020-09-10,1.179503,1.397054,0.5894219302752592
2020-09-11,0.307519,-0.3969,0.60910762542432
2020-09-12,0.310375,2.176481,0.6051122879161893
2020-09-13,-1.230756,-6.073171,0.60836625220265
2020-09-14,3.408971,1.211733,0.604046329296912
2020-09-15,1.116305,-9.365871,0.575988324338043
2020-09-16,1.640558,-1.946186,0.6474937547198576
2020-09-17,-0.221099,2.166155,0.64599449003063
2020-09-18,-0.066056,-8.255964,0.6440220873959028
2020-09-19,1.468789,0.810544,0.6456015779198717
2020-09-20,-1.420336,-3.698372,0.6369786176476306
2020-09-21,-4.322535,-10.20648,0.677955122576873
2020-09-22,0.753717,0.182991,0.6814014387544209
2020-09-23,-2.74601,-11.860865,0.6907298402809194
2020-09-24,4.988691,27.983034,0.724528102089549
2020-09-25,-0.635553,8.786262,0.7050434179513102
2020-09-26,0.515619,-3.521985,0.6990125228740522
2020-09-27,0.264048,4.201377,0.6946029920148802
2020-09-28,-0.621354,-4.146298,0.7096588954683538
2020-09-29,1.260454,-1.775764,0.7090293027543292
2020-09-30,-0.547589,-2.759661,0.7107801601875944
2020-10-01,-1.628519,-2.24604,0.7093407645730756
2020-10-02,-0.412876,-4.276312,0.7075430859095513
2020-10-03,-0.2437,0.943313,0.6717352306419594
2020-10-04,1.129266,0.981155,0.6719561018689284
2020-10-05,1.094087,2.301296,0.6339193259072661
2020-10-06,-1.777463,-8.809065,0.6915019221389781
2020-10-07,0.618797,2.072056,0.7016745373699149
2020-10-08,2.308613,5.750235,0.7088084164443379
2020-10-09,1.249506,8.640426,0.7078865084420927
2020-10-10,2.145001,1.273335,0.7015044688882448
2020-10-11,0.779913,3.132726,0.7023327986405704
2020-10-12,1.428357,5.668396,0.7080723116021505
2020-10-13,-1.063497,-3.816655,0.7040764138528202
2020-10-14,0.004016,-0.396333,0.7327996479780987
2020-10-15,0.601641,-1.706392,0.777272092116614
2020-10-16,-1.570962,-1.195846,0.7895406397924903
2020-10-17,0.317772,0.435903,0.7929184516643166
2020-10-18,1.121673,2.302192,0.807638600879467
2020-10-19,2.148745,-0.040491,0.7933798187426413
2020-10-20,1.450372,-9.205506,0.7291091636643112
2020-10-21,7.643804,9.384231,0.668441768157574
2020-10-22,1.283085,10.628171,0.6614904392415834
2020-10-23,-0.308442,1.730379,0.6162123400116402
2020-10-24,1.364786,4.667424,0.5038766937800031
2020-10-25,-0.586583,-4.488765,0.5886953417196962
2020-10-26,0.338011,-3.389479,0.5916835538831736
2020-10-27,4.428037,1.923261,0.5828234358889812
2020-10-28,-2.80448,-4.27684,0.5921071444221271
2020-10-29,1.25522,-1.715419,0.5924027692178472
2020-10-30,0.808524,-1.478898,0.5838212835731409
2020-10-31,1.730796,1.101766,0.5771384849647595
2020-11-01,-0.318451,2.814327,0.5519051283927605
2020-11-02,-1.357957,-6.405753,0.5812797686815757
2020-11-03,2.950821,-3.802371,0.5299572065828672
2020-11-04,1.31335,0.824292,0.5303259204085521
2020-11-05,10.231658,4.946548,0.4693575562822381
2020-11-06,-0.088889,10.259124,0.4048684123343256
2020-11-07,-4.703408,-2.977763,0.4205512222750266
2020-11-08,4.353675,7.644758,0.46833936164398277
2020-11-09,-0.951448,-1.069075,0.472164209993366
2020-11-10,-0.270332,3.851545,0.4605583643584644
2020-11-11,2.684148,-1.506633,0.45169739452104096
2020-11-12,3.662404,-3.000069,0.4063402799678555
2020-11-13,0.25416,3.741433,0.39342054190719333
2020-11-14,-1.530046,-2.413241,0.40369754426455723
2020-11-15,-0.700465,-3.618894,0.40997059833102406
2020-11-16,4.766573,3.868893,0.42425578756487076
2020-11-17,5.751724,3.439637,0.4362486303542625
2020-11-18,0.900044,2.630153,0.4342596091034685
2020-11-19,0.074301,0.213307,0.47125187680777864
2020-11-20,4.513816,3.349885,0.4034468023995845
2020-11-21,0.112323,9.075412,0.38615732857940255
2020-11-22,-1.460289,-5.933425,0.41945714463998873
2020-11-23,-0.032098,5.718528,0.39628566140404625
2020-11-24,4.042737,2.290037,0.38752171152781484
2020-11-25,-1.948707,-8.725866,0.42344859032217286
2020-11-26,-8.431555,-11.788782,0.5510441625465102
2020-11-27,-0.265314,-0.767133,0.5371053568350593
2020-11-28,3.532302,4.696982,0.5501347822487476
2020-11-29,2.583855,2.222085,0.5529439955898496
2020-11-30,7.962856,6.402201,0.5776952224092583
2020-12-01,-4.23134,-5.900094,0.6117613185637774
2020-12-02,2.123993,4.459531,0.6045529927147899
2020-12-03,1.246869,-0.106979,0.630331022747118
2020-12-04,-3.84225,-8.82682,0.6565454174752297
2020-12-05,2.437888,3.405821,0.671960276572934
2020-12-06,0.996865,2.419213,0.728921705850209
2020-12-07,-0.783214,-3.035537,0.7333795115618402
2020-12-08,-4.535255,-7.154402,0.7414917136143533
2020-12-09,1.271943,4.03527,0.7381201207593776
2020-12-10,-1.553937,-5.622111,0.7576458742232689
2020-12-11,-1.12257,-2.203599,0.7700473700676939
2020-12-12,4.167761,4.739865,0.8101492803986658
2020-12-13,1.784556,5.89841,0.8140042541653881
2020-12-14,0.533586,-0.831595,0.8121241411755634
2020-12-15,0.88407,-0.977953,0.8103741661027998
2020-12-16,9.74199,5.884041,0.7962391320590758
2020-12-17,7.024525,0.100658,0.75906579417206
2020-12-18,1.452041,0.321226,0.7619881448151231
2020-12-19,3.1858,-0.127774,0.7576012029953221
2020-12-20,-1.611242,-3.122126,0.7570720798901222
2020-12-21,-2.860015,-5.584619,0.821307774544627
2020-12-22,4.338811,3.705605,0.8251545246898714
2020-12-23,-2.273272,-15.322654,0.8166336084846475
2020-12-24,2.13314,6.484049,0.8042760012826531
2020-12-25,3.923644,-0.208442,0.7972325316995129
2020-12-26,7.13223,-5.053513,0.6609346932606132
2020-12-27,-0.631929,10.638729,0.5735461864100612
2020-12-28,3.059213,3.941577,0.5710436201640955
2020-12-29,1.036219,-6.761332,0.5601716243563603
2020-12-30,5.412494,-4.370259,0.482140254818563
2020-12-31,0.555263,0.174368,0.4543150211706977
2021-01-01,1.311107,5.376816,0.44410027895214416
2021-01-02,9.364004,2.920192,0.44855877938855904
2021-01-03,2.031208,11.672788,0.3696095757806169
2021-01-04,-2.55718,-0.697573,0.36578779480255014
2021-01-05,6.302612,7.149111,0.4016690379833354
2021-01-06,8.263603,17.904056,0.47362249770146597
2021-01-07,6.888138,-6.566462,0.35950728181011543
2021-01-08,3.595176,-4.562943,0.355908141524932
2021-01-09,-1.309418,15.236174,0.21954932535476107
2021-01-10,-4.714481,-7.679431,0.27182323246855183
2021-01-11,-7.249352,-10.399226,0.353236502020032
2021-01-12,-4.486379,-4.359275,0.37639613012376266
2021-01-13,10.028678,14.572257,0.4398843343759095
2021-01-14,4.989185,11.922206,0.44808756642053976
2021-01-15,-5.953871,15.916161,0.29341199677568575
2021-01-16,-1.747634,-2.39688,0.3164630424622359
2021-01-17,-1.029683,14.580995,0.2749083918867757
2021-01-18,2.340831,-5.018588,0.27098241723076355
2021-01-19,-1.562213,-5.843846,0.2758768724735431
2021-01-20,-1.393514,5.431585,0.24382450009793868
2021-01-21,-13.287705,-15.673412,0.37200558079719626
2021-01-22,7.100277,17.471774,0.3931126141028941
2021-01-23,-2.783369,14.582861,0.3466032554534324
2021-01-24,0.701719,-0.279483,0.35514862111243634
2021-01-25,0.249626,-4.693676,0.4019109844206478
2021-01-26,0.652798,-2.108471,0.41397230318706
2021-01-27,-6.545512,-8.522727,0.44326909851097585
2021-01-28,9.937428,9.73394,0.469482843883807
2021-01-29,-0.006659,-2.272441,0.5010112946615306
2021-01-30,-0.077007,3.605147,0.5009731144040065
2021-01-31,-3.374642,-4.228451,0.5091682102168209
2021-02-01,1.276168,1.078444,0.5296902539904078
2021-02-02,5.895918,3.827164,0.5237480279466856
2021-02-03,5.52302,5.763021,0.5238489261322268
2021-02-04,-1.465077,-2.300242,0.5204106961105099
2021-02-05,3.28381,7.590039,0.48262242443208236
2021-02-06,2.956667,-4.932519,0.5250206386011262
2021-02-07,-0.883435,-1.034356,0.5527131883846178
2021-02-08,18.797205,2.722044,0.5015989004918062
2021-02-09,0.641146,8.395448,0.4798551928875983
2021-02-10,-3.338898,-2.654739,0.45003183084515136
2021-02-11,6.705362,3.786719,0.4330853368454735
2021-02-12,-0.777374,9.989293,0.3690478423899316
2021-02-13,-0.812124,11.271859,0.33193061155423725
2021-02-14,3.401885,-2.439336,0.42362270694975207
2021-02-15,-1.543183,-2.080222,0.4228283930011145
2021-02-16,2.618476,-1.706452,0.4643656929342886
2021-02-17,5.978243,0.878471,0.4693280937762613
2021-02-18,-0.884479,0.586165,0.462414207156424
2021-02-19,8.151084,6.963726,0.4903381831125127
2021-02-20,0.379663,-1.73276,0.34047447594401636
2021-02-21,2.624249,0.233417,0.28721979047467155
2021-02-22,-5.780045,-7.669938,0.46857719054245695
2021-02-23,-9.926226,-18.153581,0.5771637138018386
2021-02-24,1.78201,8.746709,0.5639304006231626
2021-02-25,-5.261072,-12.130095,0.592854596696615
2021-02-26,-1.781888,1.831798,0.5566106528345027
2021-02-27,-0.337299,4.116843,0.5114366958846063
2021-02-28,-2.286543,-5.983257,0.5202177260078895
2021-03-01,9.902098,11.892913,0.5699596658582738
2021-03-02,-2.485517,3.261074,0.5451515619863209
2021-03-03,4.383745,5.201155,0.5502450849141541
2021-03-04,-3.881725,-7.487493,0.5639399960466045
2021-03-05,0.824846,0.5992,0.5549004004830911
2021-03-06,0.026897,1.109397,0.5509791551585441
2021-03-07,4.677174,1.341926,0.5464090176676032
2021-03-08,2.095603,10.977152,0.5517955795896977
2021-03-09,4.880435,-0.643457,0.5394432416072619
2021-03-10,2.160621,-4.915278,0.6274354881467107
2021-03-11,3.291345,0.555637,0.6383907747572646
2021-03-12,-0.845933,-5.395872,0.6377859317556235
2021-03-13,6.800638,4.636818,0.6418519170474561
2021-03-14,-3.134239,-3.297617,0.6895657835916024
2021-03-15,-5.669607,-4.443861,0.7516165156550002
2021-03-16,1.726547,1.553121,0.7650799430117364
2021-03-17,3.598833,11.069791,0.7588177296822607
2021-03-18,-1.755989,-4.825786,0.7686623697305167
2021-03-19,0.857748,1.410116,0.783199173094438
2021-03-20,-0.031916,-0.75072,0.7857412872908474
2021-03-21,-1.348814,-1.373525,0.7789646507764768
2021-03-22,-5.196203,-6.423535,0.7866598211892956
2021-03-23,0.416948,-1.719972,0.7885368501972038
2021-03-24,-3.539034,-6.882306,0.7848945016943853
2021-03-25,-1.939406,2.678915,0.7072643280161145
2021-03-26,6.683629,6.66831,0.7314523935052174
2021-03-27,1.516108,-1.900329,0.6978648819047867
2021-03-28,-0.043225,-0.683716,0.7107841131197771
2021-03-29,3.221391,5.073445,0.7304147961929129
2021-03-30,2.021742,-0.526565,0.7184470986072915
2021-03-31,-0.019422,5.188971,0.6341432172255995
2021-04-01,0.287215,2.889984,0.6639796971492778
2021-04-02,0.482976,7.659678,0.6219711899455475
2021-04-03,-3.019525,-9.21359,0.6155345172894136
2021-04-04,2.002809,4.842506,0.6184612804094343
2021-04-05,0.505445,4.641693,0.611469117400936
2021-04-06,-1.655471,7.329191,0.5703555788569312
2021-04-07,-3.673653,-10.393121,0.6082397558787446
2021-04-08,3.964425,4.950566,0.6530915160818925
2021-04-09,-0.139831,-3.39243,0.6870995294155683
2021-04-10,2.642673,0.857066,0.6929410670737293
2021-04-11,0.599427,6.312969,0.6869999234534949
2021-04-12,-0.469444,-2.472171,0.6968347343275841
2021-04-13,6.033455,7.162713,0.706901683804494
2021-04-14,-0.651817,16.709971,0.5786367699380778
2021-04-15,0.378622,3.410842,0.580028876192709
2021-04-16,-2.664804,-1.207583,0.554410220908098
2021-04-17,-1.375106,-4.064939,0.5508431492247224
2021-04-18,-7.389726,-3.311326,0.5497466312500179
2021-04-19,-0.831655,-8.279785,0.5406468243391745
2021-04-20,1.421,9.067201,0.5420167494448282
2021-04-21,-4.542213,-6.567744,0.5401574080482693
2021-04-22,-3.889611,-2.857524,0.5538967567293342
2021-04-23,-1.248857,-0.409766,0.5320071396615099
2021-04-24,-2.135883,-11.444213,0.5478277571587896
2021-04-25,-2.094943,1.027931,0.5286468465245725
2021-04-26,10.073723,10.974003,0.5885562457900009
2021-04-27,1.856019,4.755711,0.5936481385500457
2021-04-28,-0.385077,-1.545725,0.5867042913843695
2021-04-29,-2.375184,0.556067,0.5949752281911777
2021-04-30,7.805891,4.595122,0.5828450927738901
2021-05-01,0.196461,7.848314,0.5748995418190102
2021-05-02,-2.066178,-4.196285,0.5854416470148325
2021-05-03,1.024403,6.553493,0.5727212092523467
2021-05-04,-6.782655,8.637314,0.45892311807862146
2021-05-05,7.83413,8.613084,0.48943710302886173
2021-05-06,-1.818888,-4.882524,0.5147949026913492
2021-05-07,1.670596,4.608902,0.49600895136480866
2021-05-08,2.529977,-1.1171,0.4751742247412536
2021-05-09,-1.095623,7.360074,0.4625469963072687
2021-05-10,-4.104787,-11.060761,0.49787359783430785
2021-05-11,1.535138,5.266553,0.5018685312412259
2021-05-12,-13.336963,-15.984628,0.6108345292437958
2021-05-13,-0.038689,3.394428,0.5984183816765006
2021-05-14,0.397631,7.666967,0.6483643641229289
2021-05-15,-6.20856,-10.848211,0.6674948891097441
2021-05-16,-0.557784,-1.659712,0.6657829905579902
2021-05-17,-6.201295,-8.60352,0.6827692673083459
2021-05-18,-1.33061,14.671119,0.6372375061956308
2021-05-19,-13.837556,-37.374955,0.7386157648621329
2021-05-20,10.962362,16.918,0.7642591977534113
2021-05-21,-8.109619,-16.639707,0.7756630019696699
2021-05-22,0.443128,-9.029235,0.76098913999512
2021-05-23,-7.356143,-14.219939,0.7715265556651543
2021-05-24,11.543445,32.646963,0.8112799116555134
2021-05-25,-1.014437,4.775626,0.8100684219178895
2021-05-26,2.348301,23.366877,0.7990878869641155
2021-05-27,-2.238025,-7.250455,0.7974306282322693
2021-05-28,-7.296,-11.706197,0.8044779212436836
2021-05-29,-2.993177,-9.001847,0.8046618307068005
2021-05-30,3.093912,5.938146,0.82200590338579
2021-05-31,4.695254,19.581326,0.8290212700116599
2021-06-01,-1.632623,-4.414626,0.8283289576041836
2021-06-02,2.384904,-0.208322,0.8216315266907338
2021-06-03,4.280268,4.880053,0.8589850172258657
2021-06-04,-5.98351,-10.335168,0.8681517999300952
2021-06-05,-3.601393,-5.978701,0.8693446170171607
2021-06-06,0.911036,1.542837,0.8682477483580281
2021-06-07,-6.347263,-10.955292,0.8780466879303113
2021-06-08,-0.347986,-1.700643,0.8809560055721195
2021-06-09,11.754937,6.066455,0.8452639875848997
2021-06-10,-1.837194,-9.725394,0.8408084166938313
2021-06-11,1.736836,-7.094675,0.83058350366218
2021-06-12,-4.787418,0.948454,0.8204095579941427
2021-06-13,9.962007,7.558247,0.8119840196594297
2021-06-14,3.079449,2.329525,0.807740199102996
2021-06-15,-0.051694,2.418114,0.8072356563497517
2021-06-16,-4.534947,-6.076621,0.8061400569623255
2021-06-17,-0.750932,1.398266,0.8317038664588704
2021-06-18,-6.06893,-9.321709,0.7958813200258368
2021-06-19,-0.665624,-3.883586,0.7758443957735227
2021-06-20,0.380046,6.934919,0.7537550578101586
2021-06-21,-11.123243,-19.582808,0.7933207213265884
2021-06-22,2.793222,-3.325073,0.7699080839590624
2021-06-23,3.713012,9.181224,0.7224750125963686
2021-06-24,2.908418,3.511413,0.7329631262697945
2021-06-25,-8.717265,-11.130486,0.8022126909936614
2021-06-26,1.87251,0.34125,0.8025118749209021
2021-06-27,7.315894,8.098304,0.8012559798109953
2021-06-28,-0.705857,2.134367,0.7951889221276162
2021-06-29,4.038278,3.450097,0.7948849718505689
2021-06-30,-2.416012,-0.135697,0.8222617896116398
2021-07-01,-4.178182,-6.285848,0.8249594340508518
2021-07-02,1.035617,0.345173,0.8261814301918345
2021-07-03,2.404782,1.385586,0.8224523900709899
2021-07-04,1.794907,3.849483,0.8130463191585754
2021-07-05,-4.359837,-4.547755,0.8108398925371614
2021-07-06,1.517302,9.419135,0.7937890978692551
2021-07-07,-1.082087,-1.629254,0.7802253089294638
2021-07-08,-2.986858,-7.001165,0.783324411247446
2021-07-09,2.849337,1.470929,0.7964396664015104
2021-07-10,-0.85984,-2.380809,0.806972849574917
2021-07-11,2.181825,0.869321,0.839376248702427
2021-07-12,-3.205954,-4.440575,0.8660869353804966
2021-07-13,-1.278301,-3.815561,0.8711832982651032
2021-07-14,0.30101,0.452354,0.8717202492512446
2021-07-15,-3.189803,-7.421147,0.8748000614514142
2021-07-16,-1.319068,-3.073553,0.8721870631551505
2021-07-17,0.432393,0.774237,0.8757527523319815
2021-07-18,0.833788,0.904264,0.8676315169752461
2021-07-19,-3.088614,-6.314445,0.8724830276326329
2021-07-20,-3.343044,-5.194843,0.8919728423596756
2021-07-21,7.767439,11.06038,0.8722505131931517
2021-07-22,0.542124,5.198032,0.8914845613048231
2021-07-23,3.948472,2.624174,0.8892686286650947
2021-07-24,2.079897,1.244702,0.8864135390384005
2021-07-25,3.090946,0.368365,0.8537944890164922
2021-07-26,5.520863,7.944177,0.8685297926808362
2021-07-27,5.716558,8.026046,0.8691192723605297
2021-07-28,1.247289,-2.522154,0.8685349270916666
2021-07-29,0.032426,1.385966,0.8656612553937642
2021-07-30,5.516366,15.163286,0.8736582103727166
2021-07-31,-1.351088,2.196688,0.8518820841372725
2021-08-01,-3.583982,-2.437196,0.847986926162288
2021-08-02,-1.767389,6.308052,0.805026688895526
2021-08-03,-2.617314,1.628376,0.7867999404357942
2021-08-04,4.014756,1.02051,0.7620724450936699
2021-08-05,2.830678,-0.600995,0.766855700316781
2021-08-06,4.773257,-0.839889,0.7299473862351101
2021-08-07,4.022628,3.127423,0.7136458724474326
2021-08-08,-1.741627,-6.639224,0.7231645328513537
2021-08-09,5.876601,5.402425,0.7267847968672586
2021-08-10,-1.503465,1.416769,0.7194832479772516
2021-08-11,-0.013304,5.701684,0.6858083794972222
2021-08-12,-2.520115,-3.949503,0.6911306849102974
2021-08-13,7.546472,11.056499,0.7236661078895391
2021-08-14,-1.492851,-2.109418,0.7096580656203914
2021-08-15,-0.105451,2.736181,0.6976220131923779
2021-08-16,-2.159671,0.593026,0.6938117846348184
2021-08-17,-2.701771,-6.467247,0.709585842209706
2021-08-18,0.256088,-2.442499,0.6897380681667616
2021-08-19,4.415763,6.672031,0.675902021343332
2021-08-20,5.599058,6.065581,0.6462732338546464
2021-08-21,-0.854667,-2.923268,0.6653402478860581
2021-08-22,0.926039,0.56437,0.669084850602566
2021-08-23,0.516259,1.93934,0.6702276046659279
2021-08-24,-3.745243,-9.941804,0.7090825582597757
2021-08-25,2.584542,2.958993,0.6935679597127483
2021-08-26,-4.204716,-8.263303,0.7016233123356052
2021-08-27,4.61485,6.558125,0.7221907626199374
2021-08-28,-0.3468,-1.256212,0.7243522658209023
2021-08-29,-0.166461,0.286176,0.7057037563314408
2021-08-30,-3.644666,-3.193057,0.7244956513393703
2021-08-31,0.302711,6.895602,0.6981426178237476
2021-09-01,3.709686,11.20765,0.7505257635041115
2021-09-02,1.065146,0.775672,0.7712470396123802
2021-09-03,1.495539,2.716827,0.7837938201908321
2021-09-04,-0.129374,-2.789142,0.7963019325984646
2021-09-05,3.63562,12.044286,0.8336980955341885
2021-09-06,1.669979,3.65766,0.8410595643232361
2021-09-07,-11.107668,-19.222062,0.894022251609988
2021-09-08,-1.57251,-3.505825,0.9026078519234652
2021-09-09,1.347205,4.996542,0.9071748780447805
2021-09-10,-3.26048,-5.752341,0.9201772281897178
2021-09-11,0.739065,2.542406,0.9187878512471875
2021-09-12,1.894945,8.652786,0.9080308237981239
2021-09-13,-2.375612,-8.621674,0.9041981662524173
2021-09-14,4.742969,14.028562,0.9103183740802001
2021-09-15,2.289583,-0.14102,0.9092491030563054
2021-09-16,-0.779808,-2.809292,0.9067138746337533
2021-09-17,-1.053954,-7.12583,0.9035023363850961
2021-09-18,2.125579,2.510583,0.9014978881577227
2021-09-19,-2.089622,-3.440749,0.9100007907997042
2021-09-20,-9.347173,-14.53823,0.9179304057020843
2021-09-21,-5.390463,-9.035924,0.9221112814801602
2021-09-22,7.120699,14.433081,0.9310395767924229
2021-09-23,3.06426,4.001827,0.9293972828608004
2021-09-24,-4.576418,-8.467611,0.9334925908160555
2021-09-25,-0.290136,5.379195,0.9242316954306464
2021-09-26,1.139728,0.244693,0.9230295758113254
2021-09-27,-2.309407,-6.4558,0.9230743526932939
2021-09-28,-2.763817,-4.026204,0.9236360789339426
2021-09-29,1.21607,3.396148,0.9265204148303915
2021-09-30,5.390028,4.835682,0.9253738995280872
2021-10-01,9.814055,9.548558,0.9119789526282994
2021-10-02,-0.884925,2.390593,0.9078378912544188
2021-10-03,1.090448,2.359953,0.907670674985686
2021-10-04,1.875164,-3.65585,0.8963846986031592
2021-10-05,4.758217,2.426903,0.8931922434256406
2021-10-06,7.525803,-1.487284,0.8448749264399124
2021-10-07,-2.769568,0.108158,0.7924224007749058
2021-10-08,0.307986,-1.579868,0.790043862346872
2021-10-09,1.925544,4.026988,0.7935720045127667
2021-10-10,-0.329814,-6.504706,0.7820955444814397
2021-10-11,5.025501,-1.310951,0.762015546078923
2021-10-12,-2.582749,-2.486106,0.7734348091416572
2021-10-13,2.431981,3.928796,0.7704066920832134
2021-10-14,-0.08943,3.927267,0.7647056296426246
2021-10-15,7.40776,0.834574,0.7429555094690065
2021-10-16,-1.164345,0.912011,0.7346571531823471
2021-10-17,1.09376,-2.486344,0.7336311142528735
2021-10-18,0.775439,-3.185289,0.7298724112973275
2021-10-19,3.576265,0.831272,0.7246494781534004
2021-10-20,2.657324,5.755012,0.6430996113845667
2021-10-21,-5.745355,2.887564,0.5220772389729016
2021-10-22,-2.483415,1.356333,0.44056543060721304
2021-10-23,1.151648,9.762815,0.3996291921386313
2021-10-24,-0.712921,-5.307246,0.3361861339051486
2021-10-25,3.523994,9.216542,0.37760562865830233
2021-10-26,-4.234256,0.407618,0.3693641720800494
2021-10-27,-3.097848,-11.205196,0.3912839247002982
2021-10-28,3.679458,4.684149,0.37710662147466883
2021-10-29,2.644284,2.368555,0.3814026253014774
2021-10-30,-0.563199,-3.667588,0.3716647417645812
2021-10-31,-0.859381,0.640334,0.25198140989779255
2021-11-01,-0.515396,5.208474,0.2406196154398646
2021-11-02,3.712316,1.832076,0.24524385468936769
2021-11-03,-0.449438,-0.851214,0.26339024460317734
2021-11-04,-2.36659,-2.97254,0.27361757578786317
2021-11-05,-0.544097,6.092183,0.31686432944367265
2021-11-06,0.750964,-2.563951,0.3128566916257099
2021-11-07,2.878838,0.811809,0.3098081263162721
2021-11-08,6.666389,6.544672,0.35778852309299847
2021-11-09,-0.855527,-1.765247,0.3623894660540674
2021-11-10,-2.924582,1.536388,0.39140869749897994
2021-11-11,-0.044522,1.448033,0.37300657692990763
2021-11-12,-1.091575,-1.394387,0.3706407502883113
2021-11-13,0.485373,-0.641565,0.37676309227066224
2021-11-14,1.569254,-0.757094,0.41184599367507047
2021-11-15,-2.996611,-5.195263,0.44546224135589246
2021-11-16,-5.586758,-8.965953,0.5299489128715855
2021-11-17,0.379767,-0.057567,0.542596747465947
2021-11-18,-5.662678,-9.159884,0.6065461212594074
2021-11-19,2.150321,6.655505,0.6042044254621538
2021-11-20,2.72238,0.129179,0.668651647119748
2021-11-21,-1.674239,2.346444,0.6702589270550724
2021-11-22,-4.118018,-7.935888,0.7104335873793581
2021-11-23,2.245857,0.551499,0.713525617633296
2021-11-24,-2.232966,-2.594985,0.6967523198076664
2021-11-25,0.191133,2.261151,0.7296057603565766
2021-11-26,-9.142628,-9.602341,0.7761586193747662
2021-11-27,2.007295,0.701377,0.7629788968401952
2021-11-28,4.443166,2.838406,0.7615357729423977
2021-11-29,0.898312,0.680437,0.7674919549713811
2021-11-30,-1.426052,1.318111,0.7616944193726821
2021-12-01,0.565586,0.255973,0.7884938604260824
2021-12-02,-1.292535,-3.264645,0.7889520089956975
2021-12-03,-5.151232,-5.191761,0.7970219682575066
2021-12-04,-8.42612,-11.609181,0.8293352650576064
2021-12-05,0.340087,-5.755162,0.837976936423575
2021-12-06,2.366044,1.982684,0.8480970016455299
2021-12-07,0.233795,6.079133,0.8284229571883307
2021-12-08,-0.321411,8.505728,0.7660999910268348
2021-12-09,-5.506356,-11.109072,0.7813693372007655
2021-12-10,-0.837158,-8.453472,0.7741020741990168
2021-12-11,4.438573,7.307217,0.7937783821528236
2021-12-12,1.506398,2.562243,0.7975332445168632
2021-12-13,-6.739058,-13.110072,0.8164480026034688
2021-12-14,-0.208075,-1.123279,0.8198866258088752
2021-12-15,1.068564,6.782813,0.8148012097966928
2021-12-16,-2.525618,-4.614533,0.8059958505035488
2021-12-17,-3.046112,-2.510568,0.8043262600622199
2021-12-18,1.362037,6.702401,0.792643319444865
2021-12-19,-0.313425,-3.543818,0.7815806989392381
2021-12-20,0.370854,-0.673914,0.7883979105425282
2021-12-21,4.373441,3.715782,0.8016943188971974
2021-12-22,-0.630577,2.447873,0.7901807413094544
2021-12-23,4.438325,11.086519,0.8103446442273858
2021-12-24,0.031777,-3.111689,0.8044697119245259
2021-12-25,-0.835826,2.927039,0.7986838992556532
2021-12-26,0.755174,4.060849,0.7875151602407319
2021-12-27,-0.319258,-0.028475,0.7916238107610928
2021-12-28,-6.099078,-11.395089,0.8227285767474898
2021-12-29,-2.475986,-3.406145,0.8245651898464049
2021-12-30,1.478835,1.121216,0.8279645779927204
2021-12-31,-1.82942,-1.854161,0.8283112755911829
2022-01-01,2.969153,5.468496,0.8345152861546008
2022-01-02,-0.70407,5.640677,0.8213863925127042
2022-01-03,-1.870214,7.97832,0.750243629640637
2022-01-04,-1.208117,-0.284659,0.7723979708606955
2022-01-05,-5.077098,8.170319,0.6607877222921489
2022-01-06,-0.928675,-0.233494,0.6615808769275509
2022-01-07,-3.69765,2.314716,0.6512967956707558
2022-01-08,0.414992,-1.876869,0.5995081160736786
2022-01-09,0.423808,8.205585,0.6191303350915603
2022-01-10,-0.212284,1.165172,0.5970987472640352
2022-01-11,2.191197,-4.300824,0.5404461608480998
2022-01-12,2.823726,0.336027,0.3984855843437641
2022-01-13,-3.083669,-7.115407,0.4356897552398587
2022-01-14,1.175684,3.646327,0.4310704443996661
2022-01-15,0.175166,-2.025417,0.4040296474883737
2022-01-16,-0.134717,1.199165,0.38742681623912023
2022-01-17,-2.012078,-6.700314,0.39145755914977537
2022-01-18,0.29718,-3.506345,0.3836541896301963
2022-01-19,-1.486077,-5.868087,0.39581044734911586
2022-01-20,-2.547932,-6.735925,0.4060954357631162
2022-01-21,-10.423416,-13.758107,0.5578930366788836
2022-01-22,-3.951952,-9.212947,0.5168935043294771
2022-01-23,3.507954,4.608017,0.546899519098478
2022-01-24,1.043656,-5.976538,0.5148828306033795
2022-01-25,0.816262,-0.366107,0.5054429547113823
2022-01-26,-0.266287,-1.631287,0.5032712367734987
2022-01-27,0.804398,-0.57237,0.4394658369812865
2022-01-28,1.766534,6.235743,0.45425800612749234
2022-01-29,0.946157,0.5079,0.4524604787419445
2022-01-30,-0.614167,9.619835,0.4271776229541767
2022-01-31,1.484282,-2.982102,0.3821581007469259
2022-02-01,0.679563,-1.241077,0.3872251307959939
2022-02-02,-4.62199,-7.071079,0.46273691318527554
2022-02-03,0.567866,2.311091,0.46912188665357035
2022-02-04,11.71385,7.842091,0.65400131769978
2022-02-05,-0.145336,2.013584,0.6522761534859752
2022-02-06,2.343837,1.327898,0.6952729726717007
2022-02-07,3.380365,4.623569,0.7056140733858316
2022-02-08,0.601516,-2.419947,0.7365058921692137
2022-02-09,0.549006,1.217185,0.7398840685101108
2022-02-10,-1.764885,-5.999699,0.7626258382374904
2022-02-11,-2.669638,-7.658716,0.7687386463783669
2022-02-12,-0.395715,-1.442277,0.7614744860297639
2022-02-13,-0.092457,-1.349158,0.76381478431123
2022-02-14,1.018847,1.365311,0.7647350424596184
2022-02-15,4.669883,8.666482,0.7834426681093319
2022-02-16,-1.382777,-0.854206,0.7777408504255897
2022-02-17,-7.736198,-9.269575,0.7987377968212639
2022-02-18,-1.285151,-2.232211,0.8000359201862887
2022-02-19,0.240176,1.919237,0.794934123431677
2022-02-20,-4.204393,-5.622093,0.7480186435566287
2022-02-21,-3.508113,-7.584052,0.7448341575226247
2022-02-22,3.283783,3.662849,0.742615384285494
2022-02-23,-2.582483,-4.414209,0.7762449601463702
2022-02-24,2.827477,-1.008987,0.7647428112230801
2022-02-25,2.29686,8.066717,0.7581425859993396
2022-02-26,-0.275249,2.456556,0.7532229846033762
2022-02-27,-3.552328,-7.042804,0.7673983111228831
2022-02-28,14.552682,10.718529,0.7907482035204908
2022-03-01,2.685834,1.437924,0.8569835114671795
2022-03-02,-0.977284,-0.263453,0.8631980862842443
2022-03-03,-3.354353,-2.603,0.8632151087895626
2022-03-04,-7.820727,-7.943119,0.8675746437394911
2022-03-05,0.644053,2.214684,0.8680546762882633
2022-03-06,-2.497741,-4.884219,0.8659855796777323
2022-03-07,-0.955692,-4.692459,0.8665427859227501
2022-03-08,1.77974,2.871649,0.8663603279114666
2022-03-09,8.363123,7.150169,0.8738928012275087
2022-03-10,-6.043277,-5.844284,0.8801552188256899
2022-03-11,-1.635387,-0.89477,0.8790463930649363
2022-03-12,0.282378,0.827509,0.8835493904943484
2022-03-13,-2.661874,-3.344874,0.8917427333206763
2022-03-14,4.810078,5.197099,0.896491659883571
2022-03-15,-0.82055,2.340548,0.8896908606318493
2022-03-16,4.597262,7.166143,0.8925923385112726
2022-03-17,-0.460527,-1.850752,0.8922778409436978
2022-03-18,2.09139,4.211832,0.8918065166739354
2022-03-19,0.947499,-0.351947,0.8784456426129491
2022-03-20,-2.236432,-2.845113,0.8793138745465665
2022-03-21,-0.407642,3.139441,0.8720331420507748
2022-03-22,3.127769,2.963765,0.8684048253739106
2022-03-23,1.247695,2.259182,0.8694380948019765
2022-03-24,2.504931,2.344224,0.8681955205442914
2022-03-25,0.873849,-3.63238,0.8512238785331208
2022-03-26,0.340404,1.517996,0.8628354883369171
2022-03-27,5.201928,6.480916,0.8884590450053924
2022-03-28,0.653866,-1.980608,0.8905885358286346
2022-03-29,0.775562,2.795131,0.8878256280779193
2022-03-30,-0.830721,1.394576,0.8699568948793166
2022-03-31,-3.237151,-1.733909,0.8716800830250059
2022-04-01,1.596957,2.353761,0.8727145124564073
2022-04-02,-0.89996,0.53151,0.8681574357846098
2022-04-03,1.296225,3.977231,0.8333759803866535
2022-04-04,0.38196,-3.412129,0.8179141184686882
2022-04-05,-2.291747,-4.028686,0.8175305503168132
2022-04-06,-5.132617,-8.019632,0.8502639463603785
2022-04-07,0.685871,2.24026,0.8478065267937781
2022-04-08,-2.798457,-4.04925,0.8450985720267691
2022-04-09,1.182673,1.978802,0.8292622012990886
2022-04-10,-1.340354,-0.545585,0.8288073050973132
2022-04-11,-6.348509,-10.351341,0.8663941574324486
2022-04-12,1.501171,1.58894,0.8624734143064645
2022-04-13,2.599869,1.508323,0.8515507469223292
2022-04-14,-2.975453,-3.785711,0.8704532181187911
2022-04-15,1.537485,3.47323,0.8558076853275665
2022-04-16,-0.315227,0.223962,0.8561629202834238
2022-04-17,-1.73395,-2.718033,0.8546077405733427
2022-04-18,2.781919,1.975744,0.8563764523299875
2022-04-19,1.652227,1.567559,0.8540825843871016
2022-04-20,-0.306896,-1.636286,0.8707665779952871
2022-04-21,-2.040419,-3.09395,0.8708686076199049
2022-04-22,-1.938374,0.161348,0.857340648176215
2022-04-23,-0.634123,-1.950216,0.8540037106430624
2022-04-24,-0.023005,-0.408769,0.8844435224105852
2022-04-25,2.497183,1.285818,0.880687177303612
2022-04-26,-5.762798,-8.192038,0.8813745988597699
2022-04-27,2.940219,3.046412,0.8965177342462803
2022-04-28,1.356725,-0.556506,0.8911013410370815
2022-04-29,-2.913838,-5.463778,0.9029496528670866
2022-04-30,-2.307899,-8.129088,0.8980552482686404
2022-05-01,2.004144,2.881709,0.8991496129324602
2022-05-02,0.148525,-1.176352,0.9046429903778246
2022-05-03,-2.018413,-0.513833,0.8976526580889204
2022-05-04,5.166787,9.211085,0.9247995189692427
2022-05-05,-7.86131,-10.173187,0.9334220234603163
2022-05-06,-1.455333,-1.069324,0.9261502355499981
2022-05-07,-1.499759,-5.184883,0.9220865232901866
2022-05-08,-4.066355,-2.446768,0.9090238671749296
2022-05-09,-11.048329,-17.194226,0.9354506097003141
2022-05-10,2.474931,3.91196,0.9395582171717338
2022-05-11,-6.705622,-19.403113,0.9102434492292627
2022-05-12,0.383656,-5.015205,0.8966698101024391
2022-05-13,0.868706,8.884228,0.875887010794475
2022-05-14,2.785061,1.913903,0.8761556855254454
2022-05-15,4.008585,9.031374,0.882007025550025
2022-05-16,-4.60465,-6.589127,0.8839811604653534
2022-05-17,1.886818,4.133679,0.8862517935775046
2022-05-18,-5.601434,-11.626197,0.8930068128241097
2022-05-19,5.549981,5.800154,0.8941911825628689
2022-05-20,-3.663273,-4.54695,0.8937630762621138
2022-05-21,0.795782,2.43733,0.8943696698423467
2022-05-22,3.028118,4.236806,0.9019198434671755
2022-05-23,-3.993766,-4.421633,0.9004304240068778
2022-05-24,1.90529,2.909881,0.901817111753149
2022-05-25,-0.306118,-3.556258,0.9006269727029177
2022-05-26,-1.006443,-5.294257,0.8954497659806551
2022-05-27,-2.131768,-5.015806,0.8943957565895676
2022-05-28,0.67176,2.691778,0.8964642679411334
2022-05-29,1.468269,2.140581,0.8967006895043289
2022-05-30,7.753955,11.103378,0.9096538752155708
2022-05-31,0.215753,1.838234,0.9081905632724715
2022-06-01,-6.270256,-8.79523,0.9114435852145016
2022-06-02,2.257426,3.984284,0.9155929841603092
2022-06-03,-2.505648,-4.70672,0.9101306019474101
2022-06-04,0.426765,7.770988,0.894579670518977
2022-06-05,0.239801,3.262249,0.8935602619934531
2022-06-06,4.882564,4.251164,0.8916822684906441
2022-06-07,-0.689358,9.613902,0.8654269224601376
2022-06-08,-3.008284,-0.138372,0.8246930399531895
2022-06-09,-0.341818,6.416562,0.8094246850645173
2022-06-10,-3.409213,-13.246743,0.7811399712024525
2022-06-11,-2.488787,-12.812324,0.7837061487234955
2022-06-12,-5.677355,-9.652379,0.8101341205902218
2022-06-13,-15.89594,-7.078481,0.7309196406123771
2022-06-14,-1.250416,14.798626,0.6561394708842848
2022-06-15,1.694436,8.420673,0.6522684759489756
2022-06-16,-9.721052,-13.500672,0.6869606897736118
2022-06-17,0.420705,0.378977,0.6734884648068638
2022-06-18,-7.110599,-6.72349,0.6760145311115138
2022-06-19,8.113077,11.202209,0.7021883621478906
2022-06-20,0.224615,6.127619,0.7002133941825152
2022-06-21,0.564733,-2.315493,0.6902213432198283
2022-06-22,-3.534775,-3.031082,0.688524925257719
2022-06-23,5.500031,5.555068,0.6919502831006475
2022-06-24,0.697227,4.13884,0.699135473338422
2022-06-25,1.265581,-0.246935,0.7015064425013229
2022-06-26,-2.182678,-7.209977,0.6983604251343661
2022-06-27,-1.392222,-2.777677,0.6965060104984441
2022-06-28,-2.174995,-3.579009,0.6964178602184625
2022-06-29,-0.873453,-1.767009,0.6667846413182158
2022-06-30,-1.609215,0.657488,0.6652273143024512
2022-07-01,-2.780476,-3.034286,0.6519746705883204
2022-07-02,-0.169029,2.543415,0.6481713871141644
2022-07-03,0.28573,-0.318278,0.6458583370929074
2022-07-04,4.839778,3.643315,0.647497344132512
2022-07-05,-0.174228,-1.692283,0.6434673876786031
2022-07-06,1.751095,0.253142,0.6349864990750396
2022-07-07,5.303598,4.769709,0.6614549343808621
2022-07-08,0.434266,-3.953587,0.6560858119138033
2022-07-09,-0.573846,1.965241,0.6631767477149896
2022-07-10,-3.383948,-4.637943,0.6763415281953395
2022-07-11,-4.247132,-2.500548,0.7028316276784284
2022-07-12,-3.237582,-1.268333,0.6897602967820575
2022-07-13,4.58503,3.501236,0.716106381958569
2022-07-14,1.773514,1.463155,0.8458698529042359
2022-07-15,1.2792,0.939528,0.865715210708998
2022-07-16,1.709759,3.971108,0.8207027251782928
2022-07-17,-1.961295,-3.496732,0.8233315154646936
2022-07-18,8.198367,11.184969,0.8413039123487689
2022-07-19,4.10179,2.804868,0.8037621488477574
2022-07-20,-0.690196,-5.29072,0.8283834477618196
2022-07-21,-0.295148,1.833298,0.827374169913087
2022-07-22,-1.937395,-2.676782,0.827787075695933
2022-07-23,-1.063575,0.715764,0.8071027344218422
2022-07-24,0.639444,3.623662,0.8097303638622946
2022-07-25,-5.509119,-9.007787,0.8364565525383623
2022-07-26,-0.568169,-1.924684,0.8440674610588448
2022-07-27,7.938079,8.101895,0.8646005892710468
2022-07-28,3.969043,5.313798,0.8668451150907872
2022-07-29,-0.170181,9.588731,0.7883686599674289
2022-07-30,-0.590883,-1.380311,0.7945001559678748
2022-07-31,-1.332542,-1.763497,0.7909518300844267
2022-08-01,-0.096498,-1.030103,0.7977701414998192
2022-08-02,-1.417154,-4.976576,0.7979536822247689
2022-08-03,-0.586542,1.091551,0.7939849278161082
2022-08-04,-0.950874,0.957465,0.7905908059891995
2022-08-05,2.927853,6.919029,0.7968746716124052
2022-08-06,-1.417451,-0.792438,0.7942245074001295
2022-08-07,0.92488,6.464855,0.7986728723467272
2022-08-08,2.717739,4.06338,0.8055367330424942
2022-08-09,-2.717873,1.294953,0.7806696080289786
2022-08-10,3.387936,3.39684,0.7772013100678897
2022-08-11,0.038348,-1.005363,0.7772269475383511
2022-08-12,1.860047,4.099929,0.7840501398003907
2022-08-13,0.089668,-2.146657,0.7823325170395374
2022-08-14,-0.449148,-3.933216,0.7788245604533145
2022-08-15,-0.745708,-1.316228,0.779081732623804
2022-08-16,-1.006567,-2.19179,0.7752687242166495
2022-08-17,-2.283452,-4.922092,0.7317473982683947
2022-08-18,-0.549679,-4.708475,0.7303536845711247
2022-08-19,-10.062156,-9.960562,0.783835947928517
2022-08-20,1.404786,-0.032602,0.7811020586658822
2022-08-21,1.76617,2.662067,0.780956970026676
2022-08-22,-0.615633,-0.738432,0.7837602689825319
2022-08-23,0.59363,2.980959,0.7848657962216068
2022-08-24,-0.610577,-1.499615,0.7553307342876824
2022-08-25,0.960229,-0.028767,0.7531055046664741
2022-08-26,-6.186614,-9.067862,0.7630074923996799
2022-08-27,-1.089413,0.757539,0.7442694742200932
2022-08-28,-2.11676,-4.181945,0.814776331470719
2022-08-29,3.481185,7.014233,0.8308075448776893
2022-08-30,-2.472104,-2.174885,0.8306132407571735
2022-08-31,1.26357,1.113523,0.8322057736795184
2022-09-01,0.382248,3.994324,0.8330907220872713
2022-09-02,-0.776608,0.403046,0.8339324073333464
2022-09-03,-0.689198,-1.200673,0.837074444602111
2022-09-04,0.777726,4.45223,0.8241657613162992
2022-09-05,-0.882585,3.038587,0.8109147514223163
2022-09-06,-4.945354,-9.440964,0.8395561836311813
2022-09-07,2.402847,6.145883,0.8387747107400726
2022-09-08,0.206805,4.587572,0.8515564430791628
2022-09-09,10.621879,4.585605,0.7847565138059024
2022-09-10,1.42035,2.143961,0.787747046647254
2022-09-11,0.418446,1.295637,0.7849963688599916
2022-09-12,2.757449,-3.338668,0.7516500658383223
2022-09-13,-9.274189,-7.991902,0.7826493152485373
2022-09-14,0.280091,5.604393,0.7688855166614065
2022-09-15,-2.673009,1.216734,0.7575455303214077
2022-09-16,0.348042,1.277347,0.7580028329046731
2022-09-17,1.772475,6.011573,0.7708947781003603
2022-09-18,-3.516273,-7.365468,0.7262509676977134
2022-09-19,0.64658,-2.595202,0.7189369519358177
2022-09-20,-3.35013,-5.828938,0.7251818500411621
2022-09-21,-1.820325,-2.534887,0.727155345239475
2022-09-22,4.741931,6.097823,0.7439000442253496
2022-09-23,-0.591177,4.631131,0.7305081073540278
2022-09-24,-1.865465,2.536465,0.7212341694244215
2022-09-25,-0.708759,2.997401,0.6808635083228055
2022-09-26,2.227046,0.771021,0.6761498964806766
2022-09-27,-0.578992,1.83235,0.669422444084418
2022-09-28,1.685977,-3.195875,0.6245152617328349
2022-09-29,0.747751,1.101669,0.6183014135524603
2022-09-30,-0.723647,-4.0385,0.6139528450028762
2022-10-01,-0.61247,-2.552898,0.6160879734757572
2022-10-02,-1.386414,-3.439266,0.6190614336761503
2022-10-03,3.043004,2.820037,0.6238379896348257
2022-10-04,3.634707,5.274635,0.64140600169633
2022-10-05,-0.86145,1.977873,0.646448591023646
2022-10-06,-1.019767,-3.028678,0.6090580365940812
2022-10-07,-2.057912,-0.405748,0.6013635133541501
2022-10-08,-0.663858,-2.076548,0.6132867650951939
2022-10-09,0.149078,2.383991,0.6214706437837312
2022-10-10,-1.568061,-3.209715,0.6206587364810426
2022-10-11,-0.45761,-3.407261,0.6129642338952597
2022-10-12,0.550049,0.305723,0.6708034597108142
2022-10-13,1.179401,-1.553689,0.5862720805117366
2022-10-14,-1.015744,-2.020436,0.6045632580885502
2022-10-15,-0.614022,-0.137049,0.6435301935127484
2022-10-16,1.044526,4.18106,0.6470788606520755
2022-10-17,1.464537,2.207404,0.639865153712642
2022-10-18,-1.105093,-2.93849,0.5916689387216953
2022-10-19,-1.011078,-4.77071,0.6116811214246299
2022-10-20,-0.440722,-1.648594,0.5636123456421487
2022-10-21,0.625961,2.201672,0.5521234588489206
2022-10-22,0.186772,0.838409,0.4528886434753966
2022-10-23,1.870462,2.836969,0.5269217342881317
2022-10-24,-1.135527,-2.156316,0.6103984706358613
2022-10-25,3.881592,2.404796,0.6604400079188427
2022-10-26,3.375458,1.126509,0.651622175027673
2022-10-27,-2.344252,-3.502968,0.6938650062634639
2022-10-28,1.515158,3.01597,0.7536136651997893
2022-10-29,1.084593,6.986049,0.7168987517986888
2022-10-30,-0.876064,2.279609,0.6883496904130696
2022-10-31,-0.66843,0.95108,0.6770623324650358
2022-11-01,-0.046963,-2.128483,0.6608839132127258
2022-11-02,-1.579142,-3.45663,0.6662230984189493
2022-11-03,0.234586,3.835599,0.6041379836057941
2022-11-04,4.64383,13.314507,0.7380500126689937
2022-11-05,0.651977,-0.84956,0.7266440241143906
2022-11-06,-1.684611,-6.289602,0.755087597850455
2022-11-07,-1.537924,9.537955,0.5992593414904172
2022-11-08,-9.996763,-13.654583,0.7331859937178613
2022-11-09,-14.360525,-18.995568,0.8305774648978343
2022-11-10,10.72591,15.892509,0.8692525419764752
2022-11-11,-3.122056,-2.806412,0.8702176218233655
2022-11-12,-1.395147,-10.726821,0.8521270643452078
2022-11-13,-2.656933,-2.991531,0.85299042532695
2022-11-14,1.627755,3.161527,0.8541608814202957
2022-11-15,1.607517,2.472144,0.8549810417785231
2022-11-16,-1.272791,-3.616309,0.853738649409829
2022-11-17,0.102528,0.753868,0.8542146184707632
2022-11-18,0.059116,-0.783718,0.8569967941382787
2022-11-19,0.091794,-0.564031,0.8571045768592891
2022-11-20,-2.519535,-6.15369,0.8571119730668121
2022-11-21,-3.093319,1.697355,0.8443806002971265
2022-11-22,2.581808,9.009859,0.8440174111639682
2022-11-23,2.563156,4.732693,0.8464902910841036
2022-11-24,-0.043174,1.925022,0.8520745363356959
2022-11-25,-0.484438,0.166136,0.8611399156634191
2022-11-26,-0.346788,4.462965,0.8566043975302253
2022-11-27,-0.116958,-3.424118,0.8497012181049438
2022-11-28,-1.355823,4.429172,0.842608259139335
2022-11-29,1.401824,1.569198,0.8437167985233642
2022-11-30,4.396892,4.907083,0.8442232131844915
2022-12-01,-1.17002,0.091949,0.8469046028108651
2022-12-02,0.707047,-0.92848,0.8439653980660943
2022-12-03,-1.064133,-4.857432,0.841082525205904
2022-12-04,1.314846,2.80269,0.835404565236143
2022-12-05,-0.899465,-2.294519,0.8370832344927677
2022-12-06,0.673131,-1.954512,0.8365628997576452
2022-12-07,-1.412439,-3.456485,0.8821936211192111
2022-12-08,2.291904,1.732756,0.8601856524220094
2022-12-09,-0.574485,-2.097334,0.7769438572162621
2022-12-10,-0.032077,-0.097064,0.621877709846111
2022-12-11,-0.148967,-2.013739,0.6170298982019502
2022-12-12,0.607733,-0.338839,0.6282045670255656
2022-12-13,3.341057,3.286834,0.6212458028480782
2022-12-14,0.188864,-2.644554,0.6051344389453066
2022-12-15,-2.519301,-4.118123,0.6236462820093883
2022-12-16,-4.129463,-8.545459,0.6822470005739335
2022-12-17,0.889707,2.216061,0.6853390664837377
2022-12-18,-0.224063,-1.116363,0.6860573979638603
2022-12-19,-1.905606,-2.900273,0.693748137439578
2022-12-20,2.825226,3.945802,0.6854240679350369
2022-12-21,-0.514609,-0.644264,0.7513796335456928
2022-12-22,0.071118,0.352777,0.7415536115985439
2022-12-23,-0.194249,-0.997832,0.7216075019017477
2022-12-24,0.302312,-0.379588,0.7298926849231632
2022-12-25,-0.032762,1.114139,0.7296168884917563
2022-12-26,0.460477,0.860941,0.7791533717476833
2022-12-27,-1.194596,-2.294793,0.7916191220976754
2022-12-28,-0.980044,-3.766815,0.8962975673057126
2022-12-29,0.543848,-1.303352,0.8905473091066295
2022-12-30,-0.232819,-2.415115,0.869223258905702
2022-12-31,-0.338345,1.843626,0.866068804874539
2023-01-01,0.466319,0.959997,0.8690530400723666
2023-01-02,0.378701,1.153591,0.8722444457958589
2023-01-03,-0.05387,-1.156614,0.8694057302503079
2023-01-04,1.097308,3.238895,0.8643453251766721
2023-01-05,-0.158546,-2.697441,0.8727606390372638
2023-01-06,0.685987,1.095347,0.8690822780162644
2023-01-07,0.017466,2.070746,0.8559565111711506
2023-01-08,0.80805,1.779679,0.8569331999988633
2023-01-09,0.599991,2.346945,0.854075523576122
2023-01-10,1.473533,1.354989,0.8579022058531458
2023-01-11,2.800224,2.130833,0.8534478298137295
2023-01-12,4.150629,0.296236,0.7634818852681166
2023-01-13,5.515253,3.444135,0.7670230202899863
2023-01-14,5.352752,3.926667,0.7603406023694183
2023-01-15,-0.460902,-2.437993,0.688059256846436
2023-01-16,1.376329,-0.403013,0.6872119940360517
2023-01-17,-0.067598,2.293707,0.6565122835715248
2023-01-18,-2.231787,-6.876542,0.6695094124391644
2023-01-19,1.933832,2.5868,0.6565113608503489
2023-01-20,7.546367,6.710053,0.7342722663642245
2023-01-21,0.441837,-1.164476,0.7359265245719975
2023-01-22,-0.252745,1.652899,0.7174144359481383
2023-01-23,0.938968,0.590959,0.7162532158512382
2023-01-24,-1.278513,-5.195798,0.73260034043768
2023-01-25,2.11399,4.508153,0.7317161468375492
2023-01-26,-0.329646,3.083835,0.6889876661597827
2023-01-27,0.208468,2.749523,0.6588367789827829
2023-01-28,-0.211764,-2.223846,0.6646842801798812
2023-01-29,3.226532,2.499457,0.6632942344384739
2023-01-30,-3.930699,-6.515206,0.7348844449919932
2023-01-31,1.306812,0.65357,0.7363703726105905
2023-02-01,2.532361,3.812819,0.7428472986847742
2023-02-02,-1.049513,-1.569851,0.7458112003364997
2023-02-03,-0.0856,2.654631,0.735557396570126
2023-02-04,-0.488233,-0.719797,0.736974096376907
2023-02-05,-1.613998,-3.503653,0.7504688277872313
2023-02-06,-0.844785,-2.196723,0.7667915800794378
2023-02-07,2.227963,5.365097,0.7637975922046183
2023-02-08,-1.39282,-1.074859,0.7714740921630184
2023-02-09,-4.913708,-1.956793,0.7545413034443977
2023-02-10,-0.769156,-1.154697,0.7540333238380504
2023-02-11,1.011615,1.503093,0.7787944847020415
2023-02-12,-0.378124,-2.829096,0.7776164838852476
2023-02-13,0.096854,-1.996544,0.7686629411774388
2023-02-14,1.921777,2.026044,0.7728743081485905
2023-02-15,9.393343,6.82167,0.7925834617473554
2023-02-16,-2.813449,-3.333383,0.8088382717182943
2023-02-17,3.997744,9.099529,0.8114476192056976
2023-02-18,0.3093,4.46624,0.7923942032621935
2023-02-19,-1.267794,-0.133067,0.7707250823645613
2023-02-20,2.023803,0.052044,0.7654386258822801
2023-02-21,-1.597449,-4.62813,0.7717976124093131
2023-02-22,-1.017187,0.933983,0.7663023670881751
2023-02-23,-1.005454,2.962938,0.7525146203367973
2023-02-24,-3.123196,-6.043898,0.7615616609640624
2023-02-25,-0.10668,-1.073413,0.7727533898733037
2023-02-26,1.670234,1.567145,0.7797928106105158
2023-02-27,-0.163742,-2.830924,0.7767684581236501
2023-02-28,-1.592071,-1.193815,0.7747105366629562
2023-03-01,2.140826,4.663158,0.7586452890701667
2023-03-02,-0.725473,-3.467019,0.7558035500795633
2023-03-03,-4.744944,-4.388413,0.7619042054939197
2023-03-04,-0.042813,-1.389111,0.7585085688777228
2023-03-05,0.364,1.331671,0.7658351258747123
2023-03-06,-0.03146,-1.182168,0.7641534730730464
2023-03-07,-0.929863,0.13434,0.7596817750056273
2023-03-08,-2.24321,-4.172241,0.7656928128189265
2023-03-09,-6.247945,-6.46619,0.787073811672546
2023-03-10,-0.882593,1.078849,0.7818182093766218
2023-03-11,2.201981,-0.269582,0.7864526230978243
2023-03-12,7.445791,6.162488,0.8073650957733097
2023-03-13,9.212356,2.83873,0.7702687841738279
2023-03-14,2.249045,2.942088,0.7748198820713162
2023-03-15,-1.594469,-6.098853,0.770603817713522
2023-03-16,2.78718,1.844112,0.7709248800386205
2023-03-17,9.45438,8.24876,0.7839921966972533
2023-03-18,-1.756908,-4.041826,0.7811912248635668
2023-03-19,3.964374,2.427393,0.7920466820046623
2023-03-20,-0.978422,-0.629203,0.8160361977745083
2023-03-21,1.467222,4.934486,0.8046972971853684
2023-03-22,-3.02316,-3.054005,0.8103869977230422
2023-03-23,3.780006,6.148601,0.8138531356977211
2023-03-24,-2.933282,-5.427956,0.8265004611772894
2023-03-25,0.026809,-1.684366,0.8491648193986678
2023-03-26,1.814138,2.49121,0.8437012041204981
2023-03-27,-3.051288,-5.368067,0.8491626387927736
2023-03-28,0.498444,1.198405,0.8467588714369544
2023-03-29,3.965999,6.15822,0.8510521087968647
2023-03-30,-1.116672,-2.029042,0.8526762866059067
2023-03-31,1.591818,5.005677,0.8462325928081922
2023-04-01,-0.21879,-1.59625,0.8481291564948967
2023-04-02,-0.925899,-3.859885,0.8397210988187833
2023-04-03,-1.393955,-0.269906,0.8363066310210518
2023-04-04,1.341294,1.932035,0.8380565232257934
2023-04-05,0.029314,-0.723846,0.8380730970770931
2023-04-06,-0.465252,-1.708954,0.8419788190106313
2023-04-07,-0.403394,1.077125,0.832398544373969
2023-04-08,0.09771,-1.912542,0.8100496858374314
2023-04-09,1.361901,1.042987,0.8190049365432931
2023-04-10,4.647628,1.840294,0.818237635995146
2023-04-11,1.960562,-0.426182,0.797254350522325
2023-04-12,-0.306068,-0.868322,0.8545767001805329
2023-04-13,1.69381,3.182788,0.851353809968335
2023-04-14,0.250371,3.845773,0.8346277147917118
2023-04-15,-0.564938,3.363527,0.8095751123037578
2023-04-16,-0.002049,1.53956,0.7751610104248795
2023-04-17,-2.876595,0.340688,0.7344753328262994
2023-04-18,3.22068,5.033131,0.761386462052929
2023-04-19,-5.170422,-9.389309,0.812673519509333
2023-04-20,-2.004238,-3.220771,0.8202135822403273
2023-04-21,-3.441936,-5.337331,0.8304422416229323
2023-04-22,2.02306,0.87304,0.8084700680424657
2023-04-23,-0.808019,-1.391977,0.7956694794215362
2023-04-24,-0.240618,-0.0472,0.7986352511276934
2023-04-25,2.881077,2.757587,0.7985768179664962
2023-04-26,0.433365,-3.673809,0.7582980856876521
2023-04-27,3.677027,2.369685,0.7568303743905398
2023-04-28,-0.477433,-1.681395,0.7289500837648596
2023-04-29,-0.300233,1.954186,0.7144571843884814
2023-04-30,0.07964,-1.87862,0.7114250372540485
2023-05-01,-3.885213,-2.125901,0.7050095960506876
2023-05-02,2.11257,1.237539,0.7086998811001374
2023-05-03,1.136014,1.956126,0.7152522135808854
2023-05-04,-0.632399,-1.764794,0.7134728204077816
2023-05-05,2.366964,3.404539,0.7243501228292937
2023-05-06,-2.147125,-4.039996,0.735365309816045
2023-05-07,-1.545396,-0.485187,0.737048397761592
2023-05-08,-2.657896,-4.593561,0.7550218558396636
2023-05-09,-0.131045,-1.022969,0.7531204827846556
2023-05-10,-0.118898,1.09787,0.7662256461170361
2023-05-11,-2.245737,-3.472059,0.7880368514973164
2023-05-12,-0.676872,4.002535,0.7576660602174069
2023-05-13,-0.088375,-1.843758,0.7440035455228619
2023-05-14,0.528815,0.670623,0.755486414725907
2023-05-15,0.970275,1.435582,0.7831938551913998
2023-05-16,-0.496341,0.317668,0.7841689435606348
2023-05-17,1.343909,1.430262,0.822122362796292
2023-05-18,-2.078128,-3.237856,0.8065726122888649
2023-05-19,0.236238,-0.407051,0.750777868160315
2023-05-20,0.895331,0.05869,0.7405294492636297
2023-05-21,-1.344465,-1.270006,0.7032206340471969
2023-05-22,0.37901,1.570026,0.7016030629130025
2023-05-23,1.376847,-0.332863,0.6895836470439809
2023-05-24,-3.268313,-2.785406,0.7039687479619031
2023-05-25,0.557346,-0.760322,0.6750582317851923
2023-05-26,0.925843,1.159765,0.7270366328328184
2023-05-27,0.554532,1.395414,0.7181799458106775
2023-05-28,4.519672,3.085224,0.7389085052760389
2023-05-29,-1.174355,0.024069,0.7478511824913444
2023-05-30,-0.154166,-0.395278,0.7590623433675531
2023-05-31,-1.735964,-2.015328,0.7713661468181742
2023-06-01,-1.46386,-2.063631,0.7755921120778849
2023-06-02,1.584493,1.728606,0.7772941553687485
2023-06-03,-0.650203,-0.612855,0.7783496600828113
2023-06-04,0.162302,0.609643,0.7560633106543702
2023-06-05,-5.025278,-6.03889,0.8037851519126337
2023-06-06,5.855229,3.209938,0.8086432754373845
2023-06-07,-3.266499,-5.53054,0.8138421559544481
2023-06-08,0.6094,1.376929,0.8148666536152417
2023-06-09,-0.096389,-0.152351,0.8196799576135841
2023-06-10,-2.380965,-12.449804,0.7088614790795525
2023-06-11,0.333166,-1.292254,0.7496100886278125
2023-06-12,-0.12256,-0.18727,0.7506701977232426
2023-06-13,0.060947,2.518037,0.7385260780344062
2023-06-14,-3.069345,-0.963027,0.7164318938216013
2023-06-15,1.810073,1.207633,0.7240707777215096
2023-06-16,2.941041,0.244038,0.7099075432673707
2023-06-17,0.691247,-0.66902,0.7012025783898143
2023-06-18,-0.657266,-2.307278,0.7019103219913919
2023-06-19,1.957772,-0.814602,0.6909995632410487
2023-06-20,5.535515,2.798371,0.7024831267462105
2023-06-21,6.061134,5.705636,0.7473652449278558
2023-06-22,-0.278885,0.088388,0.7460044662871623
2023-06-23,2.672852,8.818775,0.723345914886598
2023-06-24,-0.521164,1.254769,0.7153949466154541
2023-06-25,-0.212435,0.234395,0.7135711111706384
2023-06-26,-0.686972,-1.358187,0.7164759717636499
2023-06-27,1.366979,2.184877,0.7104896654769312
2023-06-28,-1.988218,-6.089838,0.7250303748665697
2023-06-29,1.193784,1.36962,0.726658386209269
2023-06-30,0.117927,6.915137,0.6783514425900578
2023-07-01,0.387999,2.996357,0.6677783829154839
2023-07-02,0.109523,0.502067,0.665036536224974
2023-07-03,1.736922,1.378416,0.6661278162950649
2023-07-04,-1.217334,-1.421274,0.6690187530350062
2023-07-05,-0.85955,-3.40056,0.6378134365586049
2023-07-06,-1.959582,-3.375252,0.6556678316519159
2023-07-07,1.452012,1.010412,0.6257210011081855
2023-07-08,-0.179197,0.640552,0.6235050930409067
2023-07-09,-0.397394,-0.724106,0.6245029497242902
2023-07-10,0.802212,0.322871,0.6091008047320837
2023-07-11,0.668423,0.574083,0.610818083772052
2023-07-12,-0.753046,0.726159,0.6042437584678936
2023-07-13,3.582266,13.4927,0.6301902570982739
2023-07-14,-3.624027,-2.067033,0.6402853642747556
2023-07-15,-0.11861,-0.43974,0.6444008477225631
2023-07-16,-0.159551,-4.335763,0.6607902572828867
2023-07-17,-0.342941,8.698761,0.5960185626258125
2023-07-18,-0.963635,-3.730753,0.5995696525423699
2023-07-19,0.173722,-0.068199,0.6197259222676746
2023-07-20,-0.411945,20.600579,0.46471142512567226
2023-07-21,0.347701,-2.392214,0.4784611794995337
2023-07-22,-0.457708,-3.342872,0.4803641886453751
2023-07-23,0.98834,0.318831,0.4213422827496086
2023-07-24,-3.007633,-3.853785,0.44773150591986394
2023-07-25,0.165941,-2.482455,0.4400450195587206
2023-07-26,0.44212,4.734441,0.44153657250977324
2023-07-27,-0.487533,3.050753,0.4375425063850352
2023-07-28,0.366567,-2.336593,0.3902621470315811
2023-07-29,0.127808,0.653206,0.39420908903885854
2023-07-30,-0.278587,-3.767672,0.3942300875534903
2023-07-31,-0.164638,-0.152324,0.39057457167068016
2023-08-01,1.521882,1.11022,0.3845466139264888
2023-08-02,-1.858958,-3.646122,0.4097936209953226
2023-08-03,0.05784,-3.040651,0.39815556206612657
2023-08-04,-0.343764,0.102561,0.39081297847017515
2023-08-05,-0.114398,1.229033,0.3712769905571779
2023-08-06,-0.006355,-1.638742,0.3757568403640688
2023-08-07,0.489228,2.747095,0.3798999404077844
2023-08-08,2.006416,2.09932,0.3752259803406855
2023-08-09,-0.689365,3.275607,0.3700280922090727
2023-08-10,-0.454543,-1.108408,0.3753593613677087
2023-08-11,-0.092396,-1.6217,0.37511537866667516
2023-08-12,0.055027,-0.606378,0.17758077074218306
2023-08-13,-0.454436,-0.949006,0.15684434454161594
2023-08-14,0.427479,0.619898,0.15716725242009333
2023-08-15,-0.808286,-5.061978,0.1824513778928511
2023-08-16,-1.602022,-4.058452,0.24358449466249632
2023-08-17,-7.091519,-8.064487,0.3733686877914009
2023-08-18,-2.201981,-0.631944,0.3685377850681896
2023-08-19,0.185709,0.022168,0.6340317927118457
2023-08-20,0.355302,0.696547,0.6519944903018925
2023-08-21,-0.246483,-0.598653,0.6609224399531672
2023-08-22,-0.379215,-1.151933,0.6590524253400629
2023-08-23,1.502146,3.881455,0.6610562088330995
2023-08-24,-1.018279,-4.223097,0.6731321363644475
2023-08-25,-0.443408,-1.163998,0.6857260915827456
2023-08-26,-0.148851,-0.082425,0.7159877613070783
2023-08-27,0.313174,0.341594,0.7342306428736182
2023-08-28,0.063378,-0.740062,0.7326504117219643
2023-08-29,6.225101,3.572414,0.7508347258870973
2023-08-30,-1.546624,-4.114226,0.754329153707696
2023-08-31,-5.019634,-1.044112,0.6907377584597253
2023-09-01,-0.513985,0.994675,0.6783215383981122
2023-09-02,0.263125,0.55448,0.6965766248196743
2023-09-03,0.386918,0.969394,0.6987557105622422
2023-09-04,-0.599788,-0.232982,0.7009572362258155
2023-09-05,-0.135482,2.06072,0.6980699548239583
2023-09-06,-0.119048,2.584571,0.6894093712776207
2023-09-07,1.91035,1.443142,0.6847439607262221
2023-09-08,-1.293778,-1.680001,0.7204927924855257
2023-09-09,-0.037629,-1.748037,0.7154975002331756
2023-09-10,-0.243228,-2.42797,0.7116680007400447
2023-09-11,-2.590074,-3.223139,0.7213861054035892
2023-09-12,2.673561,2.328785,0.7360701341529435
2023-09-13,1.512409,1.043046,0.7390872810595205
2023-09-14,1.187255,2.187118,0.7696226075680334
2023-09-15,0.282187,3.392409,0.7565349674047543
2023-09-16,-0.142516,-1.23619,0.6328218966754192
2023-09-17,-0.126996,-2.220547,0.6282552373277241
2023-09-18,0.834007,6.866656,0.5802712897960899
2023-09-19,1.682553,4.526009,0.5938583001492246
2023-09-20,-0.287468,0.712604,0.5912804576823514
2023-09-21,-2.072283,-3.31045,0.6122795421275059
2023-09-22,0.058394,3.885517,0.58302493789584
2023-09-23,0.003138,3.645822,0.5666233083721869
2023-09-24,-1.213523,-2.828988,0.5750096553278446
2023-09-25,0.170281,7.099913,0.5291009316468498
2023-09-26,-0.294765,-1.611732,0.5290105058478901
2023-09-27,0.546438,3.785637,0.531118065524668
2023-09-28,2.525949,2.363181,0.5521011919906426
2023-09-29,-0.418582,1.689602,0.5267424500069655
2023-09-30,0.20893,2.848188,0.5671794445034783
2023-10-01,3.768823,-1.636097,0.39913683547970064
2023-10-02,-1.594227,-7.145488,0.4579013861354242
2023-10-03,-0.284545,-0.6926,0.46075110093558935
2023-10-04,1.350101,3.501543,0.4701721589918958
2023-10-05,-1.376809,-2.668302,0.4971158322237432
2023-10-06,1.949775,2.374914,0.5117157167518637
2023-10-07,0.078931,-1.557732,0.5133096154300261
2023-10-08,-0.130803,2.128783,0.49496887384789384
2023-10-09,-1.255778,-5.334092,0.5225374785952808
2023-10-10,-0.71833,-0.228374,0.5220069499900293
2023-10-11,-1.893817,1.741876,0.4513391158687665
2023-10-12,-0.433494,-2.595451,0.4565554940243892
2023-10-13,0.409287,0.811582,0.4617955504670144
2023-10-14,-0.016735,0.866325,0.45564505264744454
2023-10-15,1.123094,1.356353,0.457085349876068
2023-10-16,4.995238,1.578576,0.40347507214072237
2023-10-17,-0.372867,-2.736098,0.4075250952728907
2023-10-18,-0.29982,0.398706,0.4090199733402201
2023-10-19,1.367305,-0.689116,0.3700053237322505
2023-10-20,3.3068,3.696678,0.4121204390073146
2023-10-21,0.791794,17.449026,0.2936819719283202
2023-10-22,0.251489,13.790991,0.25510479853367823
2023-10-23,9.772667,1.717329,0.18920620608125513
2023-10-24,2.491807,-1.43855,0.1511377610976021
2023-10-25,1.730088,6.091676,0.17735438412994617
2023-10-26,-1.007529,-0.879228,0.17876873618179387
2023-10-27,-0.722261,2.517774,0.17469494713452252
2023-10-28,0.536313,-2.49011,0.17191010198267626
2023-10-29,1.317447,1.624941,0.17540296030839786
2023-10-30,-0.085078,1.230521,0.17857539940109388
2023-10-31,0.486095,1.228165,0.21120817741016398
2023-11-01,2.250553,2.205347,0.16155061129340073
2023-11-02,-1.420185,-5.340462,0.19611382629147198
2023-11-03,-0.601413,4.359641,0.17707135978991426
2023-11-04,0.995704,0.114045,0.15174540638934286
2023-11-05,-0.115863,6.352795,0.13181464414851593
2023-11-06,-0.021167,6.398608,0.11161546726875046
2023-11-07,1.129228,0.481528,0.11105825368373552
2023-11-08,0.665738,14.320066,0.05132308176175348
2023-11-09,2.973293,-2.020706,0.009623320107942965
2023-11-10,1.666706,5.979282,0.009895867941604498
2023-11-11,-0.461054,5.895287,-0.03128971550770948
2023-11-12,-0.214016,-2.575534,-0.01326045083898198
2023-11-13,-1.532087,-9.972852,0.0724693210471114
2023-11-14,-2.614694,-3.033168,0.11830252667687087
2023-11-15,6.561442,7.505299,0.19015646451758722
2023-11-16,-4.554413,-7.534104,0.27353849794874613
2023-11-17,1.194142,-1.469247,0.2657052858347744
2023-11-18,-0.108307,0.440944,0.2728945642250151
2023-11-19,2.188778,8.654658,0.2826640848204514
2023-11-20,0.275279,-3.168574,0.31965679790770246
2023-11-21,-4.417894,-6.466156,0.42577598348722295
2023-11-22,4.686652,5.350015,0.5418674496115802
2023-11-23,-0.349575,1.189539,0.5672752058084354
2023-11-24,1.136747,0.403082,0.5562710663497314
2023-11-25,0.199831,2.043074,0.552455182284343
2023-11-26,-0.840565,0.216351,0.5601509229417135
2023-11-27,-0.534048,-3.964094,0.5692720496682252
2023-11-28,1.565437,2.248694,0.5704860643492957
2023-11-29,0.08562,-0.056748,0.5713933044940191
2023-11-30,-0.391883,-0.747828,0.5728898999494401
2023-12-01,2.573684,4.016647,0.5805245660257721
2023-12-02,2.034297,6.750173,0.5782535552316638
2023-12-03,1.28238,-1.569614,0.5825164254024464
2023-12-04,5.006347,0.144418,0.5353891168755451
2023-12-05,4.988257,-0.306716,0.513436654390768
2023-12-06,-0.756756,-2.742156,0.5443043028671999
2023-12-07,-1.088595,2.745481,0.5284301545018953
2023-12-08,2.01756,7.832564,0.6103845355623027
2023-12-09,-1.027693,-4.253168,0.646507524830902
2023-12-10,0.117353,0.692319,0.6462853840710896
2023-12-11,-5.81884,-9.626227,0.7330084406265464
2023-12-12,0.512839,-1.65316,0.7313676651641807
2023-12-13,3.429781,1.773156,0.741698016685741
2023-12-14,0.325786,4.16283,0.7226369089198269
2023-12-15,-2.552956,-6.925034,0.7060543640291512
2023-12-16,0.721009,-0.067373,0.668013926223386
2023-12-17,-2.063271,-2.084735,0.6780548502352741
2023-12-18,3.084381,4.475098,0.6906740336372666
2023-12-19,-0.870008,-3.767353,0.7024907126207496
2023-12-20,3.291307,0.921718,0.7010656025434738
2023-12-21,0.506385,7.445465,0.6221522837172185
2023-12-22,0.293861,1.372917,0.5931679147594564
2023-12-23,-0.619502,1.229347,0.5908875271391739
2023-12-24,-1.628805,-2.409662,0.5999799736658554
2023-12-25,1.400973,1.957227,0.6065882250439465
2023-12-26,-2.475801,-3.312623,0.6235686176355518
2023-12-27,2.174083,10.476583,0.6136154681690933
2023-12-28,-1.933238,-3.760463,0.6244706554784532
2023-12-29,-1.209073,-3.207806,0.6311604779348895
2023-12-30,0.154777,-2.190674,0.6286700547737817
2023-12-31,0.26829,-1.61295,0.6169562308057045
2024-01-01,4.463309,3.93981,0.6233102319364541
2024-01-02,1.744463,-2.396472,0.6136941958681986
2024-01-03,-4.700513,-6.694166,0.6841424319287169
2024-01-04,3.089675,2.849972,0.7412700572030408
2024-01-05,-0.068538,-3.3597,0.7349871211805242
2024-01-06,-0.429521,-4.543316,0.7501608489698047
2024-01-07,-0.125839,-2.132778,0.7497388524607231
2024-01-08,6.875736,7.729715,0.7803529339155605
2024-01-09,-1.804539,-3.190862,0.7847609570954381
2024-01-10,1.097618,9.672305,0.7037589422900409
2024-01-11,-0.616186,-0.016416,0.7047250256879335
2024-01-12,-7.553965,-5.966832,0.7136937604461832
2024-01-13,0.100323,1.646307,0.7193208639534675
2024-01-14,-2.441496,3.017311,0.6732328817158844
2024-01-15,1.910347,2.722504,0.6785923405308444
2024-01-16,1.542634,0.448402,0.6718857119727948
2024-01-17,-0.902922,3.070829,0.6466114763913946
2024-01-18,-3.463205,-6.878031,0.6696859061185421
2024-01-19,0.823542,9.497959,0.6602747136024346
2024-01-20,0.09849,-1.879626,0.670124011459363
2024-01-21,-0.301653,-2.235535,0.6678241080677163
2024-01-22,-4.924441,-5.500811,0.6881836243553161
2024-01-23,0.827041,-1.855406,0.6777480998771483
2024-01-24,0.500232,-0.282499,0.6741177908997679
2024-01-25,-0.353687,-3.355316,0.6646102496108219
2024-01-26,4.707573,3.182048,0.6743160933814092
2024-01-27,0.728029,1.020837,0.6696671334199278
2024-01-28,-0.214905,1.227314,0.6648234894712061
2024-01-29,2.991446,3.298232,0.6761461805821466
2024-01-30,-0.802807,3.194499,0.6644086690725933
2024-01-31,-0.846743,-0.443934,0.6540253039228852
2024-02-01,1.188665,11.587737,0.6444750380932783
2024-02-02,0.251218,3.537726,0.608052707052442
2024-02-03,-0.446254,-0.725268,0.6071981576981444
2024-02-04,-0.956762,2.911682,0.6074162161606206
2024-02-05,0.190351,5.258757,0.612455502620833
2024-02-06,1.001658,-4.35864,0.5829715190834917
2024-02-07,2.850319,3.046216,0.5405782196024603
2024-02-08,2.18677,-3.301611,0.4792871234826694
2024-02-09,4.083716,1.303254,0.46517924356352813
2024-02-10,1.310082,3.375334,0.46956205537204343
2024-02-11,1.098934,5.465178,0.3772273170411174
2024-02-12,3.440912,1.796624,0.3708204057937278
2024-02-13,-0.398303,-2.945471,0.41866995754379077
2024-02-14,4.208938,1.965375,0.4051645433792844
2024-02-15,0.196327,-1.619116,0.41024324633932097
2024-02-16,0.428353,-1.888486,0.42928047001805236
2024-02-17,-0.956027,2.36103,0.3257124194156791
2024-02-18,0.891523,0.310193,0.35389622643891294
2024-02-19,-0.682208,-1.382927,0.35949074887190857
2024-02-20,0.979472,-2.649627,0.3397118317409717
2024-02-21,-0.830928,-3.694882,0.23448487608927937
2024-02-22,-1.060024,-2.533158,0.26590568359182315
2024-02-23,-1.076277,-0.955039,0.277351718739355
2024-02-24,1.645231,3.273671,0.26481427938187263
2024-02-25,0.325846,0.959903,0.23845181228036644
2024-02-26,5.396934,2.203513,0.24043304582974254
2024-02-27,4.706599,-0.414265,0.1978687915828729
2024-02-28,9.520916,2.084342,0.17743661522985102
2024-02-29,-2.081308,-0.753083,0.21683496076124606
2024-03-01,2.080449,4.028559,0.21563100476637917
2024-03-02,-0.643591,6.78217,0.1957407529198964
2024-03-03,1.830992,-4.239991,0.19172549887852644
2024-03-04,8.22562,-0.312099,0.13919612664196576
2024-03-05,-6.64294,-7.034937,0.33710180637862097
2024-03-06,3.654591,5.595909,0.3939228590775563
2024-03-07,1.249237,0.256328,0.39967440886020233
2024-03-08,2.034716,-1.915389,0.3859168547738359
2024-03-09,0.29228,1.454517,0.39715083085609726
2024-03-10,0.758437,8.618095,0.33904404589949966
2024-03-11,4.496283,-2.132639,0.3082921866717632
2024-03-12,-0.892665,-2.928971,0.34185787050259187
2024-03-13,2.240257,0.495773,0.33506072221078453
2024-03-14,-2.302676,0.661482,0.3111238187061787
2024-03-15,-2.779326,-6.222922,0.3498626096691021
2024-03-16,-5.875805,-7.546015,0.4349068627893301
2024-03-17,4.706756,3.024382,0.45171807118574686
2024-03-18,-1.203299,-1.874982,0.47508543139338916
2024-03-19,-8.353586,-8.268005,0.5561783387513892
2024-03-20,9.661716,9.501808,0.6253658226149053
2024-03-21,-3.563744,0.135281,0.615422703521986
2024-03-22,-2.612872,-0.771358,0.6112095638350976
2024-03-23,0.406692,-1.207854,0.6079992346158194
2024-03-24,4.937382,2.547785,0.6123229253147472
2024-03-25,4.052585,4.462625,0.6222849538777134
2024-03-26,0.080805,3.362461,0.6124094199976011
2024-03-27,-0.766595,-3.540636,0.6121949533949301
2024-03-28,1.860516,-0.731225,0.6219024177360143
2024-03-29,-1.204285,-0.870728,0.6411940124502788
2024-03-30,-0.355027,-0.264873,0.6421651803016185
2024-03-31,2.420561,1.02781,0.641472741928026
2024-04-01,-2.286915,-3.958036,0.6953549020208077
2024-04-02,-6.108671,-2.268292,0.7101241944167086
2024-04-03,0.816146,-1.427613,0.7579204527103838
2024-04-04,3.839518,0.493,0.7259154360265225
2024-04-05,-0.989724,-2.508755,0.7178577089960076
2024-04-06,1.555911,1.306981,0.7191404721194425
2024-04-07,0.675566,1.979703,0.7301416855312545
2024-04-08,3.270936,0.996067,0.731170390328033
2024-04-09,-3.48094,-4.076439,0.8030714656690381
2024-04-10,2.093774,0.360592,0.8424377709024755
2024-04-11,-0.72989,0.715309,0.8394926638371629
2024-04-12,-4.090007,-13.634853,0.7924088589619499
2024-04-13,-5.011138,-11.950583,0.8086469129732151
2024-04-14,2.980276,5.799003,0.8084398314807473
2024-04-15,-3.51909,-3.804821,0.7967177495658512
2024-04-16,0.619002,-0.698714,0.7914493352719332
2024-04-17,-4.002949,-2.615819,0.7876055722081117
2024-04-18,3.65145,5.769101,0.7744347543563322
2024-04-19,0.524038,0.529375,0.7198006351561222
2024-04-20,1.790634,7.145748,0.7391302256918049
2024-04-21,-0.101814,0.77396,0.7468565331429154
2024-04-22,2.929127,2.551129,0.7524870016741214
2024-04-23,-0.647244,-1.735972,0.7568501296390354
2024-04-24,-3.210151,-4.335035,0.7499329376738967
2024-04-25,0.321567,0.420797,0.7590497623535982
2024-04-26,-1.132118,-0.810913,0.75875423690231
2024-04-27,-0.520537,-1.5803,0.7661513440180329
2024-04-28,-0.489227,-3.115747,0.7653600601008317
2024-04-29,1.164317,1.924582,0.7684616758409862
2024-04-30,-5.016591,-6.681205,0.7835656340609966
2024-05-01,-3.886329,1.605703,0.7323158505009427
2024-05-02,1.493005,1.88539,0.7703893384134888
2024-05-03,6.372443,3.778078,0.7689202987645547
2024-05-04,1.590754,1.480957,0.785498261698164
2024-05-05,0.217052,0.40085,0.7849933258090244
2024-05-06,-1.368498,0.879827,0.7757510065392379
2024-05-07,-1.310812,-3.379572,0.7758913441818339
2024-05-08,-1.836436,-0.803524,0.7803073417615166
2024-05-09,3.037629,2.436899,0.778086350534461
2024-05-10,-3.58799,-4.701833,0.7893081238512927
2024-05-11,0.000585,-1.969779,0.789285026873574
2024-05-12,1.077238,1.846811,0.8032282228011148
2024-05-13,2.35997,-1.243997,0.7651888075574907
2024-05-14,-2.143033,-3.013086,0.7587833123391153
2024-05-15,7.657512,7.035272,0.7910690414579216
2024-05-16,-1.546314,11.675094,0.605636069774283
2024-05-17,2.790958,4.792084,0.6057144971187869
2024-05-18,-0.186989,0.357602,0.5837499945506269
2024-05-19,-0.985334,1.658659,0.5774860667392834
2024-05-20,7.799564,4.19981,0.5888012301912113
2024-05-21,-1.828773,-3.141489,0.598223354128928
2024-05-22,-1.444328,-2.316887,0.5968891945705904
2024-05-23,-1.724132,1.575272,0.5838576339793948
2024-05-24,0.880296,3.869231,0.5613244959045683
2024-05-25,1.078442,1.121813,0.5617359136684
2024-05-26,-1.077316,-2.263266,0.5632478860011414
2024-05-27,1.28791,10.158057,0.5326846486253002
2024-05-28,-1.579395,-1.333463,0.5394122255784333
2024-05-29,-1.051678,-0.407954,0.5408010730303177
2024-05-30,1.167434,-2.748491,0.4623424895093768
2024-05-31,-1.274239,2.660262,0.47515361607741285
2024-06-01,0.322017,-0.041901,0.4739827909683425
2024-06-02,0.061037,-1.444226,0.46194343716454334
2024-06-03,1.551029,-2.947618,0.4351955159482969
2024-06-04,2.562614,0.617968,0.42836312266317794
2024-06-05,0.729036,0.087874,0.43140753446847735
2024-06-06,-0.458169,-2.644925,0.42217644705860813
2024-06-07,-2.002004,-5.450219,0.4439110156575346
2024-06-08,-0.026551,-2.339928,0.43695011154416624
2024-06-09,0.50579,2.591736,0.3932272651962199
2024-06-10,-0.189579,-2.828858,0.3945747170181385
2024-06-11,-3.130639,-5.655141,0.43718279075363786
2024-06-12,1.366301,6.707696,0.4591596854913944
2024-06-13,-2.17854,-5.409,0.46853021361001423
2024-06-14,-1.103376,-2.602463,0.40062895850194186
2024-06-15,0.27915,0.806172,0.5557829742117769
2024-06-16,0.679395,1.801536,0.528420665510558
2024-06-17,-0.219427,-3.910415,0.5235997514686076
2024-06-18,-2.030697,-3.894063,0.5538019444510449
2024-06-19,-0.286067,2.63368,0.5624668439480852
2024-06-20,-0.202648,-0.527168,0.551097586374994
2024-06-21,-1.144066,-2.777223,0.5520689207083426
2024-06-22,0.216357,-2.751208,0.5811378572585476
2024-06-23,-1.662545,-2.245439,0.5694249200256446
2024-06-24,-4.584112,3.316581,0.3547672084834292
2024-06-25,2.552604,4.26988,0.4046056377226554
2024-06-26,-1.583434,-2.052854,0.3702828738144081
2024-06-27,1.30498,3.474765,0.4012613446172759
2024-06-28,-2.098051,-4.372075,0.4294147184170099
2024-06-29,0.940824,-1.796159,0.44432447674854275
2024-06-30,2.939552,5.538228,0.5453208460586931
2024-07-01,0.284609,0.483928,0.5460226311802956
2024-07-02,-1.297481,0.536987,0.53519869699733
2024-07-03,-2.999001,-5.43242,0.6065514000611701
2024-07-04,-5.269467,-7.797568,0.6730229291063808
2024-07-05,-0.632087,-1.954337,0.6714744002024468
2024-07-06,2.902386,7.273423,0.71749348884845
2024-07-07,-4.104299,-6.418559,0.7348794273033858
2024-07-08,1.531835,6.174435,0.753208014595565
2024-07-09,2.300746,-2.244678,0.7063389486236696
2024-07-10,-0.502098,-0.206487,0.7133514229429869
2024-07-11,-0.666858,-3.482957,0.6932286591188708
2024-07-12,0.973592,3.144744,0.6928249579097813
2024-07-13,2.285,2.22184,0.6900623571016627
2024-07-14,2.638305,3.113722,0.6987388286832669
2024-07-15,6.667212,7.396907,0.7392979633320282
2024-07-16,0.482725,-1.375731,0.7343650814404714
2024-07-17,-1.494871,-3.281333,0.7469447040434333
2024-07-18,-0.203841,-1.110551,0.7403176563919786
2024-07-19,4.279713,3.496011,0.7538120968312852
2024-07-20,0.680149,1.365994,0.7540248472047277
2024-07-21,1.473402,3.773321,0.7530078486763346
2024-07-22,-0.833018,-5.925943,0.7493102533233514
2024-07-23,-2.451931,-0.065782,0.7353201984213527
2024-07-24,-0.842931,-3.768147,0.8389988984397257
2024-07-25,0.613914,-3.355342,0.820846832987729
2024-07-26,3.254054,4.590178,0.8279589816976781
2024-07-27,-0.145007,0.200309,0.8282319418222754
2024-07-28,0.659519,-2.021027,0.8168045390665987
2024-07-29,-2.108351,1.879279,0.7909190446328058
2024-07-30,-0.924944,-2.971422,0.7832179829277434
2024-07-31,-2.389718,-2.372592,0.7841614652156403
2024-08-01,1.132148,0.550978,0.7937085836228985
2024-08-02,-6.026355,-7.60874,0.8077093422059541
2024-08-03,-1.196315,-1.817244,0.7816513150655287
2024-08-04,-4.21767,-7.087154,0.8019450024191478
2024-08-05,-7.087969,-12.600594,0.8419362238166785
2024-08-06,3.783882,5.821394,0.8430278221183013
2024-08-07,-1.807924,-5.662951,0.8549787378781284
2024-08-08,12.139026,13.188994,0.9070588921248711
2024-08-09,-1.373916,-1.748736,0.907925448022889
2024-08-10,0.106079,0.05287,0.9089840642579666
2024-08-11,-3.651506,-5.168087,0.9153592591184849
2024-08-12,1.081621,5.482811,0.9018571766956593
2024-08-13,2.111589,0.181094,0.8979126775746236
2024-08-14,-3.091485,-1.658405,0.8807459842286014
2024-08-15,-1.997444,-2.187781,0.8819032491345902
2024-08-16,2.317279,-0.302558,0.876277446652104
2024-08-17,0.994067,0.072642,0.8762790000388486
2024-08-18,-1.65495,-0.536788,0.8698819540944791
2024-08-19,1.731754,0.870379,0.8701027528163938
2024-08-20,-0.807921,0.599098,0.8675216112599362
2024-08-21,3.660431,9.461478,0.8757971189164824
2024-08-22,-1.285637,2.260345,0.8722198234707025
2024-08-23,6.149956,5.184216,0.8769192191217904
2024-08-24,0.117187,2.366047,0.8840661766258457
2024-08-25,0.244912,-1.938467,0.8775047975379855
2024-08-26,-2.271551,-2.095271,0.8777802298470705
2024-08-27,-5.368305,-5.77412,0.8876217265193519
2024-08-28,-0.807121,0.103424,0.9006983990127364
2024-08-29,0.61109,-2.184387,0.8965822355264721
2024-08-30,-0.453159,1.660233,0.8929846879836763
2024-08-31,-0.249642,-0.85061,0.8931491247211312
2024-09-01,-2.788398,-5.915485,0.8853334194576572
2024-09-02,3.11461,3.753776,0.887590739038525
2024-09-03,-2.834167,-4.15564,0.8845067789881551
2024-09-04,0.942344,0.19846,0.8657353107476738
2024-09-05,-3.124308,-3.088178,0.8627008387660542
2024-09-06,-3.937731,-4.402614,0.8747222816549116
2024-09-07,0.353299,4.63292,0.7879232535754187
2024-09-08,1.280996,3.165979,0.790026119047217
2024-09-09,3.951821,2.024526,0.7813853683595798
2024-09-10,1.102442,0.496799,0.7640846982064541
2024-09-11,-0.532724,-1.796008,0.7745236628534234
2024-09-12,1.366928,3.643843,0.7849996455710934
2024-09-13,4.199145,6.236421,0.8060298606615025
2024-09-14,-0.931161,-1.403793,0.8034120493079525
2024-09-15,-1.363135,-4.201307,0.81771814061745
2024-09-16,-1.677308,-2.479546,0.8234052707129988
2024-09-17,3.636261,0.688935,0.8044476417798295
2024-09-18,2.223018,2.123904,0.8080051065836217
2024-09-19,2.091284,3.241466,0.814688157821997
2024-09-20,0.399659,1.977127,0.8138868129995052
2024-09-21,0.333152,0.760491,0.8371656108746388
2024-09-22,0.397348,-3.305768,0.8044853449083423
2024-09-23,-0.492278,2.389779,0.796343362369782
2024-09-24,1.539835,6.694876,0.7866818635662574
2024-09-25,-1.803108,-0.413696,0.7788828716432213
2024-09-26,3.234906,3.635475,0.7580019548399761
2024-09-27,0.93586,1.030756,0.7602753750557346
2024-09-28,0.145107,2.069344,0.7680562376496027
2024-09-29,-0.384881,-3.561856,0.7691802882932476
2024-09-30,-3.512102,-5.061166,0.7895958755026337
2024-10-01,-3.945013,-6.963655,0.8017335331255497
2024-10-02,-0.334568,-3.294266,0.7871028948448315
2024-10-03,0.209323,-0.110482,0.7747534663329234
2024-10-04,2.160908,3.926503,0.7829873151839983
2024-10-05,0.035993,1.744991,0.7716702169733526
2024-10-06,1.182194,0.129455,0.7489733912282115
2024-10-07,-0.927185,-1.032011,0.7748770027039611
2024-10-08,-0.144123,-2.996991,0.7706199727195291
2024-10-09,-2.494096,-2.734573,0.789832959129276
2024-10-10,-0.507461,0.086766,0.7888811651376371
2024-10-11,3.599523,3.413486,0.7929112330258555
2024-10-12,1.198512,1.08109,0.7931609083683525
2024-10-13,-0.54052,-2.584208,0.7625526441424246
2024-10-14,5.088,4.962562,0.7815976858834146
2024-10-15,1.49998,1.531473,0.7779379199190993
2024-10-16,0.850592,-1.731389,0.7613381494110592
2024-10-17,-0.321283,-1.930631,0.7890158990032247
2024-10-18,1.482784,4.129264,0.7857420691150901
2024-10-19,-0.082203,-0.482335,0.7793629465117359
2024-10-20,0.93254,4.737185,0.7703812764973117
2024-10-21,-2.368262,-2.118298,0.7720807234505683
2024-10-22,0.001044,2.193453,0.7837488090312791
2024-10-23,-1.380859,-6.010954,0.7955270055148083
2024-10-24,2.261467,2.327081,0.8156906786421405
2024-10-25,-2.234103,-4.291716,0.8369607777758916
2024-10-26,0.579271,-0.815533,0.8253192924120484
2024-10-27,1.351497,-0.200984,0.8197246517238889
2024-10-28,2.922568,1.798608,0.8279724343582531
2024-10-29,4.020088,5.456807,0.850780015877682
2024-10-30,-0.516848,5.142953,0.7730274810416924
2024-10-31,-2.930612,-7.845782,0.7623355166968302
2024-11-01,-1.045944,-1.369207,0.7653699694730909
2024-11-02,-0.28315,-0.809971,0.7661464841561425
2024-11-03,-0.801291,-3.674004,0.7606566835373174
2024-11-04,-1.353791,-4.792693,0.7743547975683404
2024-11-05,2.283386,5.802233,0.782086240648483
2024-11-06,9.055239,12.226674,0.8495076506538498
2024-11-07,0.354024,3.600908,0.8399856421321732
2024-11-08,0.846662,8.819773,0.7906344007464939
2024-11-09,0.290871,0.321327,0.7916420947943349
2024-11-10,4.817472,3.8238,0.7862854197013134
2024-11-11,10.227322,4.245102,0.7177588183822841
2024-11-12,-0.845212,-5.982769,0.7145515493969962
2024-11-13,3.018533,-3.773048,0.6657870204384382
2024-11-14,-3.670392,-3.745659,0.6772959766869112
2024-11-15,4.332776,6.775262,0.694156651053803
2024-11-16,-0.555531,5.076698,0.6649275144495513
2024-11-17,-0.786905,-5.148777,0.669520309492815
2024-11-18,0.777931,10.469427,0.6251001432822129
2024-11-19,1.995847,-3.774143,0.6117553178861912
2024-11-20,2.163267,-2.725555,0.5929186100464908
2024-11-21,4.420525,4.639093,0.6080257820873395
2024-11-22,0.508886,10.890241,0.5433839500311319
2024-11-23,-1.241795,5.163819,0.5135230659697553
2024-11-24,0.241083,3.217929,0.4871530463603238
2024-11-25,-5.030067,-3.107047,0.5064658883489583
2024-11-26,-1.183793,-0.276116,0.5116688925097146
2024-11-27,4.331889,7.827975,0.5317535733151845
2024-11-28,-0.315228,-3.935247,0.525901096487619
2024-11-29,1.889697,1.835609,0.5418499807370831
2024-11-30,-1.04624,4.006936,0.49374735412229165
2024-12-01,0.848478,-0.699261,0.4860147963672561
2024-12-02,-1.450207,32.830604,0.21587149847456957
2024-12-03,0.153952,-3.48512,0.20795798561173306
2024-12-04,2.896179,-0.467341,0.1753110025828464
2024-12-05,-2.175345,-2.92209,0.1947022081604032
2024-12-06,2.932276,11.387207,0.12704912954144412
2024-12-07,0.006631,-3.915315,0.13565351425187974
2024-12-08,1.315128,4.608389,0.13923595929580151
2024-12-09,-3.757857,-14.526631,0.22869684591100767
2024-12-10,-0.785914,-0.578336,0.2288960087204569
2024-12-11,4.673239,8.44692,0.2774857918853292
2024-12-12,-1.111821,21.557127,0.1954233291025907
2024-12-13,1.411951,-0.890584,0.2213990503401686
2024-12-14,-0.077346,0.304403,0.1904042566583616
2024-12-15,2.88553,0.382634,0.1604042731493472
2024-12-16,1.664667,-1.643559,0.15516804553875294
2024-12-17,0.103663,-3.202161,0.14326196891074566
2024-12-18,-5.752156,-10.543431,0.24265819128580687
2024-12-19,-2.577912,-8.030134,0.2925295727108855
2024-12-20,0.278233,2.063316,0.3109822904537774
2024-12-21,-0.543668,-5.297937,0.3124627622572587
2024-12-22,-2.173852,-0.357511,0.3118962422948574
2024-12-23,-0.434439,11.027222,0.309530629229049
2024-12-24,4.21585,3.923811,0.3087363374161308
2024-12-25,0.631645,-3.963608,0.2896892921495868
2024-12-26,-3.52695,-7.279739,0.32088531142939225
2024-12-27,-1.609234,-4.958012,0.306713504805887
2024-12-28,1.065994,2.030148,0.30667884341472446
2024-12-29,-1.727181,-4.676754,0.3178417559689672
2024-12-30,-0.945163,-1.695576,0.32630480501347203
2024-12-31,0.848365,-2.826278,0.3223850071267033
2025-01-01,1.064656,8.367919,0.5285087383046266
2025-01-02,2.616695,1.686993,0.5296013171960972
2025-01-03,1.265154,6.164456,0.5524529911966412
2025-01-04,0.131728,0.918482,0.5486149883108977
2025-01-05,0.082512,0.095073,0.5166443688647104
2025-01-06,3.82763,0.782628,0.5018002451342399
2025-01-07,-5.209006,-10.182372,0.5418795559087176
2025-01-08,-1.940322,-4.391806,0.501917814349858
2025-01-09,-2.69292,-3.956882,0.5103520971731483
2025-01-10,2.386046,3.159825,0.4750880240382627
2025-01-11,-0.141754,-0.365406,0.6814066590291198
2025-01-12,-0.081731,-1.75938,0.6852741747151385
2025-01-13,0.029245,-2.400688,0.6841074029902514
2025-01-14,2.131888,4.900424,0.7044595073460999
2025-01-15,4.113,8.883287,0.7478587321714105
2025-01-16,-0.744628,4.031187,0.7356623790705744
2025-01-17,4.435131,9.159509,0.7252302882509065
2025-01-18,0.271901,-3.983551,0.699636268022968
2025-01-19,-3.181342,0.565555,0.6730265060156428
2025-01-20,0.922912,3.380797,0.6782281158322728
2025-01-21,4.011351,6.085582,0.698850033342914
2025-01-22,-2.339737,-4.90415,0.7891276264554326
2025-01-23,0.291826,1.440847,0.7896081942164014
2025-01-24,0.821245,-1.813719,0.7983786022317358
2025-01-25,-0.104349,-1.052112,0.7794093844606926
2025-01-26,-1.939307,-0.052985,0.7638474614017514
2025-01-27,-0.577148,-3.060418,0.7631516694253199
2025-01-28,-0.747279,-6.351022,0.7477399819614188
2025-01-29,2.354664,4.450135,0.7521616277058953
2025-01-30,0.989273,3.602191,0.7646985356380158
2025-01-31,-2.227032,2.75774,0.7480642030349441
2025-02-01,-1.705901,-8.351876,0.7519979430975047
2025-02-02,-2.953027,-11.370296,0.7657014986234812
2025-02-03,3.812734,5.947254,0.7793125846187914
2025-02-04,-3.478248,-7.300969,0.7931954428288807
2025-02-05,-1.289935,-4.280721,0.8167008901329962
2025-02-06,-0.017952,-3.175656,0.7864024223330747
2025-02-07,-0.054083,-1.115885,0.7809998530899067
2025-02-08,-0.052629,0.422259,0.7767301830676935
2025-02-09,0.019466,-0.861949,0.7732520194089054
2025-02-10,0.972123,2.52014,0.7747782749298542
2025-02-11,-1.735156,-0.661398,0.7688151484713681
2025-02-12,2.235259,2.887895,0.7736892920703156
2025-02-13,-1.292164,-3.243205,0.7695717826087738
2025-02-14,0.91655,4.612682,0.7378926707429735
2025-02-15,0.073808,-2.219002,0.7590209743364807
2025-02-16,-1.440309,-1.4639,0.7099468958754328
2025-02-17,-0.42174,2.110354,0.7173957626960458
2025-02-18,-0.244603,-6.634941,0.7473533269005587
2025-02-19,1.154662,0.81755,0.7451046277723326
2025-02-20,1.760541,1.781109,0.7188043552816176
2025-02-21,-2.252501,-4.940439,0.7189756436684076
2025-02-22,0.461391,2.127621,0.7197663462070534
2025-02-23,-0.314651,-0.704361,0.7289560374879585
2025-02-24,-5.047665,-13.553245,0.7898321020150166
2025-02-25,-2.953883,0.306748,0.7644756278292951
2025-02-26,-4.841969,-0.569524,0.6913992589603963
2025-02-27,0.746183,-0.661836,0.7000703679058208
2025-02-28,-0.392674,-1.918088,0.680251916172458
2025-03-01,1.965119,-0.188569,0.663708476953068
2025-03-02,9.544922,17.744488,0.8328547925285015
2025-03-03,-8.682108,-17.016028,0.8756126045727555
2025-03-04,1.345654,2.942598,0.8823825464876146
2025-03-05,3.898755,10.670245,0.8832933644535184
2025-03-06,-0.728995,3.69178,0.8674807917109145
2025-03-07,-3.579915,-6.626932,0.8726674861672844
2025-03-08,-0.677939,-4.315193,0.8736218913797982
2025-03-09,-6.44572,-9.6889,0.8825561120665478
2025-03-10,-2.56231,-7.843168,0.8817272887145002
2025-03-11,5.524862,3.209907,0.8672903288001644
2025-03-12,1.043944,2.921049,0.8672946246382233
2025-03-13,-3.174943,-3.374195,0.8686607259459901
2025-03-14,3.57989,5.005697,0.8708685745351087
2025-03-15,0.446243,2.623266,0.8700915305329322
2025-03-16,-2.079407,-4.749099,0.8726580164831572
2025-03-17,1.815716,4.969928,0.8760301879535916
2025-03-18,-1.614281,-0.798275,0.8747912675004167
2025-03-19,4.999373,7.824979,0.8844446759784019
2025-03-20,-3.114615,-5.321825,0.8987217974215361
2025-03-21,-0.144119,-1.801201,0.8981552721495895
2025-03-22,-0.254352,1.916713,0.8967132303627318
2025-03-23,2.651111,1.46902,0.8925807058434913
2025-03-24,1.659079,4.529623,0.8934727842283261
2025-03-25,-0.046984,2.420386,0.8918240151639447
2025-03-26,-0.63955,-1.274599,0.8898941582002102
2025-03-27,0.323194,1.631029,0.8999288262750322
2025-03-28,-3.248355,-8.144403,0.9255997410313163
2025-03-29,-2.079954,-4.90291,0.9277534220612694
2025-03-30,-0.317761,-1.17077,0.9280621207424213
2025-03-31,0.258516,0.934765,0.9333343040690483
2025-04-01,3.170429,3.925418,0.9111773752510485
2025-04-02,-3.163746,-7.8926,0.8837205533089258
2025-04-03,0.745994,-0.430788,0.8807812400330662
2025-04-04,0.894768,0.431542,0.8757721871102642
2025-04-05,-0.4054,-0.681859,0.89683590072185
2025-04-06,-6.335015,-12.399036,0.909164440364173
2025-04-07,1.296322,1.758804,0.9144407516227507
2025-04-08,-3.71949,-4.740735,0.9040202643033646
2025-04-09,8.260255,16.028806,0.9301701520428652
2025-04-10,-3.56059,-4.597805,0.9525422564177692
2025-04-11,4.746985,4.85782,0.9477679167974302
2025-04-12,2.257184,3.82805,0.9508004179883848
2025-04-13,-1.869726,-3.976666,0.9506946375362861
2025-04-14,1.01305,-0.008136,0.9514877007836717
2025-04-15,-1.029934,-3.066554,0.9506028401473307
2025-04-16,0.429473,0.991348,0.9518592540576889
2025-04-17,1.029479,1.297581,0.9555639913997841
2025-04-18,-0.529307,0.359138,0.9497351620210737
2025-04-19,0.725329,2.981923,0.9458671730165169
2025-04-20,0.127236,2.61923,0.9424545688782904
2025-04-21,2.756046,-1.27357,0.9242399170613604
2025-04-22,6.764041,7.878249,0.9287710954384438
2025-04-23,0.290624,6.128443,0.9093859692965877
2025-04-24,0.268323,0.257201,0.914236782678568
2025-04-25,0.815557,-0.764859,0.9123312311241005
2025-04-26,-0.071498,-0.362563,0.913749650123919
2025-04-27,-0.957167,-1.926675,0.9105366020040657
2025-04-28,1.304934,2.941372,0.907850431440204
2025-04-29,-0.733898,-2.686405,0.9078256038274765
2025-04-30,-0.083953,-2.196138,0.9072485145948176
2025-05-01,2.419496,3.211714,0.9069273987094968
2025-05-02,0.430179,-0.619238,0.9016003725941187
2025-05-03,-1.045188,-2.729629,0.9038310062809142
2025-05-04,-1.628345,-2.811532,0.9056486449056103
2025-05-05,0.454298,-1.539332,0.9032549163105752
2025-05-06,2.167946,1.345952,0.8740996559890787
2025-05-07,0.239798,-0.077025,0.8740304607883602
2025-05-08,6.396928,14.70271,0.8842457217075779
2025-05-09,-0.259856,1.017044,0.8328750961412262
2025-05-10,1.672871,8.303065,0.7959275518736071
2025-05-11,-0.568008,-1.593975,0.8013999250036842
2025-05-12,-1.24296,-1.943746,0.8016250274298574
2025-05-13,1.32019,4.185742,0.7887707678781354
2025-05-14,-0.602794,-2.407311,0.7954644928834415
2025-05-15,0.198778,-5.933962,0.7643014708999031
2025-05-16,-0.237495,-1.55551,0.767006323891496
2025-05-17,-0.288149,-2.760105,0.7688211265983039
2025-05-18,3.158398,3.929817,0.7758324446681343
2025-05-19,-0.774544,-0.77318,0.7796977804088443
2025-05-20,1.122745,-0.681074,0.7848916121546032
2025-05-21,2.703184,2.755393,0.8177403813560925
2025-05-22,1.823402,3.794683,0.8220508757054168
2025-05-23,-3.932296,-7.256089,0.8748054126115905
2025-05-24,0.477867,-1.066946,0.8737227703271033
2025-05-25,1.143869,1.111755,0.8764662287084442
2025-05-26,0.382106,0.011001,0.8767261961497991
2025-05-27,-0.407314,2.512246,0.8587701601694963
2025-05-28,-1.091678,-1.585677,0.8573209091123257
2025-05-29,-1.998053,-3.992865,0.8603371663457376
2025-05-30,-1.559583,-7.587996,0.861055674218256
2025-05-31,0.618661,0.559964,0.8592084818668482
2025-06-01,0.969831,0.610564,0.8594807960131107
2025-06-02,0.219327,0.21828,0.857228922205384
2025-06-03,-0.430649,0.162017,0.8531005984993985
2025-06-04,-0.66618,-1.876384,0.8571555564913378
2025-06-05,-3.03084,-6.70347,0.8747743682444423
2025-06-06,2.77233,5.099271,0.8805494139587428
2025-06-07,1.173454,1.878528,0.8176376338459727
2025-06-08,0.166772,-0.862244,0.823039059355567
2025-06-09,4.254608,4.699096,0.851749056977707
2025-06-10,-0.034864,7.422877,0.7735364454171842
2025-06-11,-1.428574,-3.358049,0.778444964099885
2025-06-12,-2.536538,-5.927047,0.7927497464304277
2025-06-13,0.157069,-4.203268,0.7787038527592381
2025-06-14,-0.599087,-2.009537,0.8096379692934513
2025-06-15,0.082662,0.989548,0.8071595574526779
2025-06-16,1.175839,2.089835,0.8111466293556501
2025-06-17,-2.053484,-4.176845,0.8092010500182103
2025-06-18,0.268884,0.737976,0.810890828250938
2025-06-19,-0.19305,-0.22041,0.8172966328627121
2025-06-20,-1.310103,-4.286404,0.8184048370350098
2025-06-21,-1.023734,-4.228997,0.8084989602048002
2025-06-22,-1.198382,-2.786398,0.7865036300815
2025-06-23,4.545412,10.484675,0.8439119678168384
2025-06-24,0.449096,4.148362,0.8358961201441785
2025-06-25,1.238929,-2.0299,0.8158784008896612
2025-06-26,-0.386561,-1.575902,0.8297669907863205
2025-06-27,0.124826,1.008921,0.8297671416503679
2025-06-28,0.221454,2.596635,0.8200136680752008
2025-06-29,0.985532,2.434751,0.8209890197807161
2025-06-30,-1.151561,-2.511078,0.8237873996452619
2025-07-01,-1.349676,-3.619037,0.8293171865937459
2025-07-02,2.985928,5.142823,0.8397987946731444
2025-07-03,0.73771,0.805872,0.8419106636210423
2025-07-04,-1.460584,-3.648829,0.845049977413261
2025-07-05,0.199363,0.454349,0.8280559716659669
2025-07-06,0.924764,2.00001,0.8181812501883852
2025-07-07,-0.856386,-0.485673,0.8138010981471921
2025-07-08,0.602085,4.016379,0.8096694984451813
2025-07-09,2.18107,2.046723,0.8143949220400583
2025-07-10,4.183995,6.91188,0.8912890625886236
2025-07-11,1.319775,0.390194,0.8829152738577555
2025-07-12,-0.081242,-1.306169,0.8702637834511587
2025-07-13,1.433946,3.625471,0.8920394843641297
2025-07-14,0.616135,0.841288,0.8903421087866068
2025-07-15,-1.732664,1.99412,0.844727927333211
2025-07-16,0.816219,3.611009,0.8406438748552871
2025-07-17,0.464328,7.939335,0.7747824014908968
2025-07-18,-1.073808,-0.858006,0.7763984741781939
2025-07-19,-0.049279,3.217587,0.7641284541993874
2025-07-20,-0.545445,4.824668,0.7135053821690021
2025-07-21,0.113438,1.176649,0.7035114766104508
2025-07-22,2.187678,0.6697,0.6595507654861384
2025-07-23,-1.035426,-7.516887,0.5661296496502807
2025-07-24,-0.339295,-1.522127,0.578845575865856
2025-07-25,-0.618509,2.139323,0.6003295404173221
2025-07-26,0.25715,0.63198,0.5951479603275099
2025-07-27,1.274975,4.498728,0.6033520358738963
2025-07-28,-1.283341,-6.226569,0.6302264408996011
2025-07-29,-0.013937,-1.191997,0.6279391350979826
2025-07-30,-0.077004,-0.600909,0.6156013344163759
2025-07-31,-1.761322,-4.288796,0.6246739821773923
2025-08-01,-2.089934,-5.029418,0.6357035866244295
2025-08-02,-0.700206,-2.793141,0.6428908196501545
2025-08-03,1.503537,4.141814,0.637442502573229
2025-08-04,0.742367,4.927139,0.6375224277090048
2025-08-05,-0.808833,-4.199326,0.6441029862639204
2025-08-06,0.777185,1.838272,0.6444460184043889
2025-08-07,2.144521,10.68925,0.6725453030251034
2025-08-08,-0.695094,7.7159,0.6182403007450282
2025-08-09,-0.152483,10.232264,0.5439373805855569
2025-08-10,2.41124,0.784826,0.5160547364527868
2025-08-11,-0.482258,-4.445922,0.5204881929913197
2025-08-12,1.225801,11.376791,0.5393976844331063
2025-08-13,2.642184,2.033076,0.5108019827026177
2025-08-14,-4.037494,-6.343885,0.5836505608813644
2025-08-15,-0.817322,-3.233957,0.5859407815788101
2025-08-16,0.079158,4.134773,0.587282778837724
2025-08-17,-0.033812,13.404448,0.5325302110380215
2025-08-18,-1.023034,0.278284,0.5335165491313307
2025-08-19,-2.934123,-8.700207,0.595279791059422
2025-08-20,1.282234,12.114889,0.60868918264746
2025-08-21,-1.624717,-6.002835,0.6511082923963564
2025-08-22,3.949305,7.912273,0.6571298630043705
2025-08-23,-1.276705,-1.750061,0.6612349572649442
2025-08-24,-1.671726,-1.734575,0.6671240992763058
2025-08-25,-2.93728,-9.397223,0.6971831442614081
2025-08-26,1.524239,4.294522,0.6961083750264676
2025-08-27,-0.513122,-2.631007,0.6913253728464025
2025-08-28,1.192017,5.980631,0.699942901589841
2025-08-29,-3.67807,-6.936715,0.7202189696247927
2025-08-30,0.367739,0.272935,0.7106644105009681
2025-08-31,-0.534606,-1.165406,0.7008471596821334
2025-09-01,0.944152,-3.195358,0.6763614051210018
2025-09-02,1.79189,4.436952,0.676390464269395
2025-09-03,0.478921,0.900347,0.6720709826331248
2025-09-04,-0.890229,-5.660432,0.6712684227609633
2025-09-05,-0.065055,-0.266692,0.6715948763314651
2025-09-06,-0.384883,-0.386605,0.65064358889856
2025-09-07,0.858535,1.170912,0.6753738374366237
2025-09-08,0.817191,2.606063,0.709620071754683
2025-09-09,-0.488083,0.020024,0.7306839785673936
2025-09-10,2.17348,2.174704,0.7260288648323809
2025-09-11,1.356695,3.862407,0.7355547756461607
2025-09-12,0.514068,2.735954,0.7520402621349809
2025-09-13,-0.123224,-1.029023,0.7408787517863746
2025-09-14,-0.467987,-2.997932,0.7380692743901918
2025-09-15,0.039205,-2.263721,0.7385615596886468
2025-09-16,1.229755,-0.382902,0.8249028590921156
2025-09-17,-0.318383,2.098885,0.8256700638700956
2025-09-18,0.580397,2.721021,0.802253234083523
2025-09-19,-1.236846,-4.641594,0.8579383639451873
2025-09-20,0.026654,-0.6476,0.8512516108635773
2025-09-21,-0.366484,-1.488492,0.8202034546848354
2025-09-22,-2.220734,-5.81397,0.8374004059467836
2025-09-23,-0.658916,-0.533384,0.8437458133959408
2025-09-24,1.179356,0.356355,0.8007653215645155
2025-09-25,-3.777348,-6.994513,0.8184207446913558
2025-09-26,0.61585,4.859078,0.8065064688866239
2025-09-27,-0.022966,-0.74663,0.809193283999753
2025-09-28,2.225248,3.597281,0.7882913278896478
2025-09-29,2.035811,0.314742,0.766356179014245
2025-09-30,-0.297594,-1.930393,0.7670501564318247
2025-10-01,4.025454,5.87518,0.8282890971855774
2025-10-02,1.709932,0.848464,0.8155987193080879
2025-10-03,1.333986,-1.097591,0.7993490285932378
2025-10-04,0.129193,-2.18636,0.798909760115983
2025-10-05,0.893488,-0.134282,0.7968722052416087
2025-10-06,1.005646,6.236368,0.7703659847535232
2025-10-07,-2.645853,-6.495369,0.7996835661302351
2025-10-08,1.569816,3.498702,0.8057895833137395
2025-10-09,-1.322785,-2.689524,0.8140806365776382
2025-10-10,-6.976207,-21.158429,0.8963400198232894
2025-10-11,-2.144669,-0.740365,0.8771975237272498
2025-10-12,3.93303,10.655647,0.8940836561765992
2025-10-13,0.094996,4.29117,0.8828353441081895
2025-10-14,-1.861988,-3.783043,0.884119232771921
2025-10-15,-2.060581,-5.493379,0.8889519753829973
2025-10-16,-2.343457,-3.643868,0.8921530236229591
2025-10-17,-1.581954,-4.563261,0.8985333217837973
2025-10-18,0.671024,1.260679,0.8996374303315383
2025-10-19,1.364123,2.702376,0.9008536556962058
2025-10-20,1.768224,7.997096,0.8981375252163231
2025-10-21,-1.90866,-5.539468,0.9002465199584496
2025-10-22,-0.7401,-2.388426,0.8977446363584376
2025-10-23,2.219819,1.213818,0.8925167339454351
2025-10-24,0.87633,2.652618,0.8948646065799355
2025-10-25,0.548586,0.776901,0.8922098724357318
2025-10-26,2.537992,2.901518,0.896421875946897
2025-10-27,-0.314923,-1.749904,0.8965573300891109
2025-10-28,-1.027715,-2.06733,0.8949557831523275
2025-10-29,-2.538071,1.513225,0.8695033365709839
